{"type": "FeatureCollection", "features": [{"type": "Feature", "geometry": {"coordinates": [[[-7.638985236945991, 40.080199849612036], [-7.63838062918111, 40.08024807202867], [-7.637765622844007, 40.07999968232646], [-7.636755462894456, 40.07962955481847], [-7.636078449688551, 40.07928326253264], [-7.635914987496174, 40.07915882560923], [-7.633736030548384, 40.079685248936926], [-7.632454622591438, 40.07992325864114], [-7.63229246992459, 40.07994066252005], [-7.632006969985722, 40.0800566888936], [-7.631522812399015, 40.080467524704844], [-7.630893180039681, 40.08077857615866], [-7.629724740026076, 40.081339906302475], [-7.628982334617251, 40.081598222321844], [-7.628556413763841, 40.08173884848926], [-7.628325478047081, 40.081782967025866], [-7.62780402774202, 40.08182401702551], [-7.627221528177933, 40.08176555815208], [-7.62710316797578, 40.08158285230571], [-7.625542751348203, 40.08133415042234], [-7.624882415699884, 40.08110035553004], [-7.624680600269595, 40.081106675649316], [-7.624063990175586, 40.081174406425696], [-7.623339518332576, 40.081384039837], [-7.622478197499286, 40.08153363398947], [-7.622183142090925, 40.08143309307903], [-7.621429056022823, 40.0819966074205], [-7.621026509941483, 40.08201906110905], [-7.620324586929518, 40.08208009057873], [-7.619701206825528, 40.082220896013794], [-7.617926017506845, 40.083252416942315], [-7.617543799615773, 40.083438493477175], [-7.615978520389157, 40.08363147580437], [-7.614297809795867, 40.08328923802669], [-7.613677574232922, 40.08347541171677], [-7.612432935383374, 40.08359412579013], [-7.61209239163095, 40.08364789598547], [-7.611223062320056, 40.083472163465025], [-7.609773540437786, 40.08328949084023], [-7.609483013275328, 40.08328818245226], [-7.608136790140667, 40.083305165448195], [-7.607898105337718, 40.083316873839664], [-7.606895690486295, 40.083343320582294], [-7.606325186915663, 40.08340261056443], [-7.606026358205876, 40.08336802180156], [-7.605036244803023, 40.08304480712338], [-7.603857333466706, 40.082575372761646], [-7.603644252759261, 40.08242913580367], [-7.603110125091296, 40.082106269552774], [-7.602709010335206, 40.08195809600022], [-7.601829451541585, 40.08154917257772], [-7.601758098609921, 40.08155775855448], [-7.601190383459557, 40.08190927641294], [-7.600569555583955, 40.08212429006929], [-7.600454469012388, 40.08220895683269], [-7.600446227668356, 40.08234905325041], [-7.60036446518367, 40.082445130651394], [-7.600186680210192, 40.08255608099033], [-7.599808954428593, 40.08274770603195], [-7.599615281255149, 40.08295701253871], [-7.599485995531721, 40.08316382707567], [-7.599374178992123, 40.08346023980264], [-7.59934313934771, 40.08360734580198], [-7.599334074319452, 40.08401878370163], [-7.599153479644976, 40.08445951648241], [-7.599099961426997, 40.084978459333165], [-7.599055310342552, 40.08523177504982], [-7.599058071275278, 40.08538966022755], [-7.599123339873677, 40.08569589306795], [-7.599031589516749, 40.0858994514273], [-7.598524966510954, 40.08625853417515], [-7.598361503207028, 40.08662144272333], [-7.598196279226292, 40.08683367077609], [-7.5981121052708, 40.0869976441699], [-7.597863928576873, 40.08741248370882], [-7.597730462558506, 40.08771753038302], [-7.597642764010863, 40.087821504494315], [-7.597385805266664, 40.08802376269602], [-7.597191580935871, 40.08815066113132], [-7.596958221109162, 40.088348528151926], [-7.596893878480097, 40.08837470704216], [-7.596551206145966, 40.08841230265363], [-7.596422515674147, 40.08846511382243], [-7.596171351689119, 40.08872062335987], [-7.596016570491537, 40.08893073787296], [-7.595904920520515, 40.08914330190128], [-7.595841500502397, 40.08920127382873], [-7.5952947625967, 40.08945172216585], [-7.594794079930486, 40.089645825222696], [-7.594592789626911, 40.089745940419135], [-7.594261663929978, 40.08984878357879], [-7.593856096826983, 40.09005512012482], [-7.59342813193504, 40.09018650931622], [-7.593161695881536, 40.090309104527044], [-7.592886683656415, 40.09037401899387], [-7.592687729541295, 40.090488729653316], [-7.592376115236816, 40.0907197244798], [-7.592042377182779, 40.09094502960242], [-7.591559549626354, 40.091340756884236], [-7.591294695661456, 40.091514233579225], [-7.591210907540529, 40.091641365500294], [-7.590742491562724, 40.0920512015646], [-7.590544900537249, 40.09224525670781], [-7.589877388828945, 40.092786187814404], [-7.589660491874465, 40.09289973283855], [-7.589165231580308, 40.09320307668837], [-7.588803888885765, 40.09338735374142], [-7.588548279862752, 40.09357618218222], [-7.588383076373509, 40.0938987219742], [-7.588244750050279, 40.094099895443584], [-7.588099037575759, 40.094447919743764], [-7.58782090643394, 40.09488754898829], [-7.587775659867109, 40.095076999224844], [-7.587684801018455, 40.09529523752634], [-7.587571781774294, 40.09541007099096], [-7.587193035969704, 40.09568693337963], [-7.586908450513181, 40.095949020258395], [-7.586690488712317, 40.09604705892182], [-7.586381563011861, 40.09611206981477], [-7.58596165466863, 40.0963143507562], [-7.585568837485309, 40.0964276891098], [-7.585038859483527, 40.09655091060163], [-7.584788409808469, 40.096649064821584], [-7.584199199261694, 40.09681712469455], [-7.583356150436773, 40.09718301454809], [-7.583152321833722, 40.09721411273515], [-7.582968367765823, 40.097194414892314], [-7.58260059655372, 40.097196277157494], [-7.582265790296664, 40.097167404531525], [-7.582196098679089, 40.09714230485002], [-7.581989297108317, 40.096988765247374], [-7.581871591299057, 40.09683907068495], [-7.581813352971005, 40.09667326817415], [-7.581782169655055, 40.096482369568776], [-7.581677927391641, 40.09629158336864], [-7.581458386707215, 40.09608988843682], [-7.581256229422738, 40.09595662947222], [-7.581016249147737, 40.0957447568234], [-7.580791424939617, 40.095616704330574], [-7.580629911443053, 40.09556307168646], [-7.580505893494913, 40.095572028230585], [-7.580217887256827, 40.09568800535343], [-7.579624062140487, 40.095860790412935], [-7.579427624938541, 40.09590605765963], [-7.579110740620408, 40.09605485674814], [-7.578933192357073, 40.0961713571051], [-7.578872655347956, 40.096276256360824], [-7.578883821957993, 40.09656314832429], [-7.579026077691336, 40.09685255867613], [-7.578885875227891, 40.09723805962732], [-7.578638631940171, 40.09815602515312], [-7.578532192478711, 40.09835337861203], [-7.578362910826235, 40.09849153194858], [-7.578044265846639, 40.09862374680201], [-7.577915568191542, 40.09865888280782], [-7.577655470314324, 40.09867250106915], [-7.577454548016441, 40.09870558445788], [-7.577290050061231, 40.09883123815754], [-7.577203950820977, 40.09897879488407], [-7.577125775157314, 40.0991756531394], [-7.576975759027495, 40.09946735503434], [-7.576930186743075, 40.09959204722851], [-7.576828411238538, 40.09973394197521], [-7.576578444859377, 40.10001589160877], [-7.5764183372761, 40.10016345503693], [-7.576292593508364, 40.100238591724825], [-7.576107384314736, 40.10030101679264], [-7.57591406734022, 40.10032062330647], [-7.57525529585835, 40.100239469700355], [-7.57505413654188, 40.100229229051855], [-7.574613048487057, 40.10026033869404], [-7.574423909181278, 40.10028617698231], [-7.574027535957794, 40.1003706379788], [-7.573757220341742, 40.10034178003571], [-7.571426953243384, 40.10071581377333], [-7.57118393712153, 40.10071914254848], [-7.570823969214738, 40.10079620506087], [-7.57054588300223, 40.10089986523176], [-7.570312077148778, 40.10109433901776], [-7.570181873866271, 40.101168817856696], [-7.569986093039286, 40.10123172118762], [-7.569860423429658, 40.10122580202892], [-7.569336224849113, 40.10099468663439], [-7.569178393082919, 40.1009773545306], [-7.568998755327669, 40.101059246417144], [-7.568938289541784, 40.101253385319296], [-7.568682808651969, 40.10125980471901], [-7.568428438046162, 40.101288104458604], [-7.56817140741943, 40.101368722529344], [-7.568038970448406, 40.101557203575176], [-7.567908090388768, 40.10165679778219], [-7.567917862851805, 40.10185128334823], [-7.56798427579808, 40.102216885713055], [-7.567999813288619, 40.10257999102221], [-7.567992718666321, 40.1028285191955], [-7.568717386926715, 40.10923648681583], [-7.568574145286609, 40.109738772999], [-7.568733409478885, 40.11284423346102], [-7.568730525337726, 40.11318022951214], [-7.568700931473539, 40.11352627120443], [-7.568706262719434, 40.11367624439632], [-7.568775171721325, 40.1145243062722], [-7.568730436633411, 40.11467151380959], [-7.568616856892711, 40.11487530337081], [-7.568372446941551, 40.11516878907161], [-7.568264194607915, 40.11532334262998], [-7.568135285153712, 40.1156641300884], [-7.567770273836208, 40.11654169187367], [-7.567764314643508, 40.11663874323562], [-7.567853415422412, 40.11682920080295], [-7.568124885474458, 40.11712456040407], [-7.568338901007595, 40.11745917978216], [-7.566849991727094, 40.12199620536674], [-7.566480440122531, 40.12235310959268], [-7.565974665508919, 40.12292422173337], [-7.565812988501087, 40.12315308203716], [-7.56558415585939, 40.12358622777817], [-7.565344907718216, 40.12400212064178], [-7.565141560544397, 40.124501851426984], [-7.56501723078124, 40.124753679598875], [-7.564851649424455, 40.124957393682266], [-7.56461590185883, 40.12514797469111], [-7.56443359003222, 40.12534548109939], [-7.564281520777816, 40.12557492938273], [-7.564118925821337, 40.12577144870581], [-7.563897696541035, 40.125950752078076], [-7.563596896057895, 40.126120118363964], [-7.563247074975566, 40.12635670334415], [-7.563841059137264, 40.1268082854095], [-7.564179499721219, 40.12693935647329], [-7.564661997011334, 40.12721279422889], [-7.564998184678933, 40.12737393072693], [-7.565386750356315, 40.12753037067031], [-7.565611789576587, 40.12769834981753], [-7.56569466828157, 40.127791063936854], [-7.565789481155234, 40.12804396268408], [-7.565833885106286, 40.12850437927771], [-7.56602642587116, 40.12921128571004], [-7.566041853996734, 40.12935995896609], [-7.566178023327621, 40.12964880883831], [-7.566251448214084, 40.12987800691684], [-7.566434776627692, 40.130238325923536], [-7.566633863976772, 40.13056656877277], [-7.566900960836134, 40.13070043491591], [-7.567144482358009, 40.13077736417913], [-7.567615220294611, 40.13086007854085], [-7.567936893334408, 40.1309781800449], [-7.568603743307021, 40.131111464523364], [-7.568855313811101, 40.13119373841456], [-7.569152618361823, 40.131251741084874], [-7.56959752263206, 40.131294692836995], [-7.569725718960941, 40.131328548408476], [-7.56999575652083, 40.13133408916721], [-7.570127504580502, 40.1312933006889], [-7.570337472566956, 40.131356549438514], [-7.58006368983443, 40.132914523291504], [-7.580643312319856, 40.13305885305753], [-7.580846960558437, 40.133150686934314], [-7.581108190954707, 40.13330475746701], [-7.58150590133711, 40.133440653396434], [-7.581600014656535, 40.13354124566009], [-7.581626510385897, 40.13364521098909], [-7.581542141854924, 40.13389418127656], [-7.581354214630167, 40.13413671602476], [-7.581314713093151, 40.13423334233379], [-7.581611826012542, 40.13492937688219], [-7.581681501743841, 40.13499049321619], [-7.581511903462788, 40.13528742112285], [-7.581464335135769, 40.13548280484192], [-7.581471654407457, 40.13578363189987], [-7.581427620907235, 40.13599091933244], [-7.581343308728613, 40.13618864958158], [-7.581128304626455, 40.13652921840703], [-7.580808730232236, 40.136842094771374], [-7.58340871342488, 40.139835270483374], [-7.587689062944639, 40.148576061305484], [-7.587662859373027, 40.149066215321746], [-7.587690244285353, 40.14951807648099], [-7.587720208845798, 40.14968986729393], [-7.587879796253471, 40.15028166765259], [-7.587876432257288, 40.15052697058734], [-7.587728293219286, 40.15072188458845], [-7.587532953286431, 40.151066607896084], [-7.587261947758348, 40.15142241887768], [-7.587138671013809, 40.15167769150276], [-7.587051209525447, 40.15193088771829], [-7.586955790594279, 40.15213757231875], [-7.586945010154039, 40.15234114288264], [-7.586986283392961, 40.15244859771878], [-7.587025140092149, 40.15278568416105], [-7.587112481311333, 40.15382708057511], [-7.586984086989382, 40.15487061329414], [-7.586819910286614, 40.15572052682519], [-7.587378841226065, 40.15515920842134], [-7.587519574644723, 40.15490825072533], [-7.587722075534311, 40.154653077246046], [-7.587905846579715, 40.15425831309257], [-7.587910758203524, 40.154158100674515], [-7.587828083533739, 40.154060899868625], [-7.587649214440904, 40.15392866418466], [-7.587450093555618, 40.15373068075534], [-7.587277281561511, 40.153428177061485], [-7.587099383620012, 40.15293877598431], [-7.587042808628042, 40.15267544712154], [-7.587109345799648, 40.152264013329024], [-7.587372712323435, 40.15188142556505], [-7.588800652366348, 40.15102806675483], [-7.590598436478452, 40.15149721092914], [-7.592539281228032, 40.151598566736055], [-7.594082859162809, 40.151298368790236], [-7.594723513003435, 40.151286210393856], [-7.594310040811496, 40.14905111747611], [-7.594288709129955, 40.148854242031604], [-7.59427083825814, 40.14818719006982], [-7.594279897562908, 40.147781967616424], [-7.594323868105051, 40.1475778301291], [-7.594450628716183, 40.14742729994252], [-7.594579572059619, 40.14735665940642], [-7.594834459915643, 40.14728327025784], [-7.595047753346652, 40.14711089704158], [-7.595280014994399, 40.146870527807124], [-7.595483892634967, 40.14656779552746], [-7.595524221036637, 40.14642361723561], [-7.59550200628271, 40.146218721666514], [-7.595533135386084, 40.14612511743257], [-7.595659421974597, 40.14597403971767], [-7.595980632608653, 40.14579207894576], [-7.596031512396618, 40.14569432800315], [-7.596303288258549, 40.144678192910646], [-7.596611619005163, 40.144087755466124], [-7.596700536785304, 40.14398748315245], [-7.596874579423383, 40.143686860614956], [-7.597018023766712, 40.14348569788608], [-7.597148642470095, 40.143170557173995], [-7.597212760850957, 40.14292427484424], [-7.597201376618225, 40.14268475504027], [-7.597162322332983, 40.142486988246866], [-7.597174236843136, 40.14238914735164], [-7.597362568481997, 40.142195488467564], [-7.597740048727157, 40.14198847456207], [-7.59777435236106, 40.14193874040685], [-7.597691078330011, 40.141693581060416], [-7.597788580472957, 40.14154479848658], [-7.59843627007491, 40.14120700171873], [-7.598763314331501, 40.14107089464536], [-7.598885656238973, 40.14086684478536], [-7.598928968544161, 40.140579129166085], [-7.598974033321548, 40.1404735148589], [-7.599128604515423, 40.14025925657153], [-7.599293424823593, 40.14006972241877], [-7.599544883425617, 40.13988949950172], [-7.599671821341076, 40.13974283400973], [-7.599712856466348, 40.13958119034976], [-7.599705759889467, 40.13931719790191], [-7.599676020466772, 40.13906858591219], [-7.59968573388948, 40.13896641801864], [-7.599749010416098, 40.13887187718339], [-7.599876414878949, 40.13879987442974], [-7.600197318190498, 40.138728215503136], [-7.600558217114821, 40.138597572555085], [-7.601094011796939, 40.13833823152938], [-7.601360533467082, 40.13824236557785], [-7.601621140214967, 40.138121979370176], [-7.601951456710458, 40.138015147430444], [-7.602205207626651, 40.13787140402719], [-7.602309213679117, 40.13771373598148], [-7.602540473012768, 40.137261979981076], [-7.602691404080523, 40.13690909720688], [-7.602741450847846, 40.136658606126396], [-7.602730367840786, 40.136468350336465], [-7.602650461579294, 40.1363176773319], [-7.602585587086645, 40.136119254397116], [-7.602645356367334, 40.135870694604854], [-7.602765899635855, 40.13547192416039], [-7.602813429095023, 40.135425399283854], [-7.603064686659059, 40.135359005165164], [-7.603280358553359, 40.1351905880118], [-7.603566787487712, 40.13511281892362], [-7.603835853042209, 40.13497418429325], [-7.604362039144333, 40.13486004322841], [-7.604635041588354, 40.134757989654425], [-7.60482290692688, 40.134619521585726], [-7.605162268078772, 40.134280822701776], [-7.605357606705685, 40.13416157133917], [-7.605583843409433, 40.1339002586466], [-7.605899269700572, 40.13333135161866], [-7.60627455299305, 40.132973355604776], [-7.606503135526344, 40.13261920421598], [-7.606678787360793, 40.13237431752592], [-7.606772187446755, 40.13212879198055], [-7.606792189902868, 40.13184663890418], [-7.607829877605661, 40.130130046040264], [-7.609258217983183, 40.12598631724767], [-7.609380923106195, 40.12563446895304], [-7.609453097510379, 40.125539697113005], [-7.60976478359045, 40.12538998276743], [-7.610572275289134, 40.125083180717496], [-7.610682182449575, 40.124993347886495], [-7.610634187993366, 40.12470215215095], [-7.610637947820776, 40.124501425799565], [-7.611423411033615, 40.119660787060916], [-7.618570437400262, 40.11792154700575], [-7.621266102259144, 40.11613181891123], [-7.621391855130147, 40.11619397443254], [-7.621584574840699, 40.11621031240774], [-7.621842525458119, 40.116178575151324], [-7.622307119118457, 40.11607416751568], [-7.622834449549814, 40.1158609741003], [-7.62308076644449, 40.1157055310319], [-7.623189154506782, 40.115610365923565], [-7.623314237187447, 40.11541584662335], [-7.623323481907529, 40.115071950678875], [-7.623363935036541, 40.11486949736643], [-7.623487470467018, 40.11472486315291], [-7.623779826254197, 40.11449730507513], [-7.624053783606398, 40.11410980959531], [-7.624135667773063, 40.11401398851708], [-7.624314313530838, 40.11388751562627], [-7.624446251573393, 40.11384306265167], [-7.62507817593272, 40.11374280175951], [-7.625178478138288, 40.1137413486293], [-7.625347577137114, 40.11363626555245], [-7.625602775301831, 40.113547052488336], [-7.625707535708628, 40.11344979500626], [-7.638292291702077, 40.10702592129979], [-7.639607356550348, 40.107002780398496], [-7.640055720982246, 40.10685887867826], [-7.64024014067047, 40.10675384338178], [-7.640439024607517, 40.10656330804496], [-7.640529306610183, 40.106419596422185], [-7.640712133741196, 40.105900277780414], [-7.641098561581018, 40.105364444111004], [-7.641879988682854, 40.10437007137305], [-7.641964025126977, 40.10423029741188], [-7.642165412200782, 40.10404796686337], [-7.642291209882827, 40.10398906053665], [-7.642475794517911, 40.10374505552959], [-7.642599558316405, 40.10365912050537], [-7.642842540737298, 40.10356333225431], [-7.643530135463063, 40.10341880372455], [-7.643591984442538, 40.10337989181657], [-7.643556200673342, 40.10290557925323], [-7.643664824939989, 40.10267242043444], [-7.643924353158612, 40.10239433135759], [-7.644103184611168, 40.10201827436078], [-7.64430137794488, 40.101854748129284], [-7.645104054011756, 40.101438987932546], [-7.645260836673326, 40.10130905890132], [-7.646070959836057, 40.10056919787808], [-7.646587652292562, 40.100307665934054], [-7.646834515561907, 40.100291588505954], [-7.647086916408541, 40.10035397413063], [-7.647394039846694, 40.10035696905954], [-7.647995377121739, 40.10018098327084], [-7.648783822984599, 40.09989706829684], [-7.648965744990187, 40.099776519081864], [-7.649185633194248, 40.099594162500445], [-7.649374724115275, 40.09947174952617], [-7.649496439875673, 40.09942380375932], [-7.649800402173702, 40.09922558621126], [-7.649967390614792, 40.09904300918219], [-7.649960688171795, 40.09879649179434], [-7.649717620311566, 40.09849153180209], [-7.649599191772506, 40.09838944813551], [-7.649464087593807, 40.09795822482643], [-7.649400399874696, 40.09759385206361], [-7.649390871363669, 40.09718232850746], [-7.649293865084394, 40.09680286564591], [-7.649288798284186, 40.096623809848275], [-7.649182716462796, 40.09603546265986], [-7.649069539840091, 40.095771296067696], [-7.648890648009719, 40.09548091739637], [-7.648889436417379, 40.095270988897184], [-7.648937893826989, 40.09510116006982], [-7.649056554457067, 40.09486947693661], [-7.649300592481421, 40.09451989036564], [-7.649365129061809, 40.09433049632112], [-7.649403961613088, 40.09399572816927], [-7.649457271848539, 40.093702446223126], [-7.649419488284047, 40.093290811619575], [-7.6494508215162, 40.093087494250824], [-7.649847956076869, 40.09275962048761], [-7.649823650309284, 40.092697559608496], [-7.649834366508568, 40.092274862702794], [-7.649765518309586, 40.091744131033686], [-7.6498404336371, 40.091413744156654], [-7.649826424135019, 40.09123806868271], [-7.649767824943633, 40.091134256966875], [-7.649483041524804, 40.09087919542792], [-7.64923987291339, 40.09052695303824], [-7.648994115460568, 40.08999313918151], [-7.648929778452203, 40.089605074473006], [-7.648743716352405, 40.089253335337226], [-7.648596994386541, 40.08884304669229], [-7.648589014845203, 40.088694416035395], [-7.648629727008544, 40.088425846220055], [-7.648660278966705, 40.0880510557775], [-7.648736679549322, 40.08774238099482], [-7.648737728326392, 40.08764305002751], [-7.648595243927836, 40.087248449444736], [-7.648428652215335, 40.08704538933771], [-7.648145408433244, 40.08680843288697], [-7.648118451493244, 40.0867069114767], [-7.648236045678678, 40.0862442301502], [-7.648243010412931, 40.08593832517645], [-7.648401300432919, 40.0858551389738], [-7.648592216781136, 40.085850263887586], [-7.648767438461176, 40.08574373057439], [-7.648811803354127, 40.08563755508758], [-7.648802439997774, 40.085286914668934], [-7.648762455915056, 40.08508799114615], [-7.648367807160982, 40.08490370387681], [-7.648246110924499, 40.08486915094157], [-7.647979858093943, 40.08485002957744], [-7.647714525109299, 40.08475093988021], [-7.647577363784728, 40.08466481065848], [-7.647161281933605, 40.08436227146967], [-7.646891821241366, 40.08406872367749], [-7.646751832580264, 40.083853167013295], [-7.646541383748633, 40.08363749616027], [-7.646438269760484, 40.083430194892884], [-7.646268903227608, 40.08322433255518], [-7.64592215349703, 40.0829345103246], [-7.64566234696646, 40.08273502120284], [-7.645336143672631, 40.08242546952646], [-7.645145760418995, 40.08229129135525], [-7.644846909841181, 40.082208082782024], [-7.644503074860572, 40.08220240651074], [-7.644158059450826, 40.08208279905761], [-7.643655502477601, 40.08204042436015], [-7.643431239994764, 40.081971396523954], [-7.642998619812575, 40.081806295135316], [-7.642726866795091, 40.081656551229194], [-7.642293719366874, 40.08146677119485], [-7.642022200367963, 40.081366287723874], [-7.641260680154777, 40.08120744558846], [-7.640918986599984, 40.081084062765655], [-7.640536123714278, 40.08088043860873], [-7.64016912652158, 40.08077135019681], [-7.638985236945991, 40.080199849612036]]], "type": "Polygon"}, "properties": {"geo_point_2d": {"lon": -7.604290969367833, "lat": 40.10887921256372}, "year": "2024", "dis_code": "05", "dis_name": "Castelo Branco", "con_code": "0504", "con_name": "Fundão", "fre_code": "050412", "fre_name": "Castelejo", "fre_name_upper": "CASTELEJO", "fre_name_lower": "castelejo", "fre_area_code": "PRT", "fre_type": "parish", "fre_name_long": "Castelejo"}}, {"type": "Feature", "geometry": {"coordinates": [[[-7.461125474328518, 40.1118970515191], [-7.467421039464321, 40.11116915976163], [-7.474774896225789, 40.10746553809998], [-7.482089991164608, 40.104769885934836], [-7.48653856733074, 40.102947990552224], [-7.488422352314426, 40.10230688247846], [-7.488468159513412, 40.10231191238349], [-7.488695466947573, 40.101150331815646], [-7.488822947008113, 40.099516294582095], [-7.488839817565923, 40.0977098071558], [-7.488631105746212, 40.09607380862988], [-7.488535991063567, 40.09426688438268], [-7.488210574203827, 40.09314663528342], [-7.487660984259302, 40.09202487227153], [-7.487110709749434, 40.090989555357446], [-7.486556275862076, 40.09038415966855], [-7.485109078180768, 40.089429931872274], [-7.482547576978666, 40.0878669639552], [-7.481207554055234, 40.08742914794256], [-7.477454102300077, 40.08558775572951], [-7.474349425112052, 40.08460439564218], [-7.470113817622066, 40.08292429401966], [-7.467904951554804, 40.082221633187096], [-7.466416457697166, 40.081339165828396], [-7.465259482619504, 40.08028405631784], [-7.465412841731108, 40.07986165896352], [-7.466129589016295, 40.07848112015883], [-7.466511582279448, 40.07770592075438], [-7.466578854724458, 40.07692423546366], [-7.461555913404084, 40.078197827746685], [-7.458751887161566, 40.07861188769195], [-7.458438310743574, 40.07866770361381], [-7.45757549748978, 40.07835369762677], [-7.45379057455547, 40.07708151564233], [-7.450273617396572, 40.07616795763222], [-7.445424428135365, 40.0751954398316], [-7.442543207527317, 40.07687505943006], [-7.439228049227768, 40.07856759468956], [-7.439085023842745, 40.078486226385664], [-7.439013052940169, 40.07855424318635], [-7.438799452529114, 40.0785419803661], [-7.438755891125637, 40.07844463409413], [-7.438612179077648, 40.07838523743983], [-7.438439697710765, 40.07835268237268], [-7.438100323374281, 40.078326970057844], [-7.432564018866694, 40.077540636006766], [-7.427688934737311, 40.07734533112449], [-7.427335768974232, 40.077293923675064], [-7.427000617084373, 40.07726883229794], [-7.426033989422695, 40.07716946966232], [-7.425713688611677, 40.07709160022648], [-7.425421113612168, 40.076996606945045], [-7.425213132173056, 40.07690672383799], [-7.423204205047296, 40.07715644045711], [-7.422914184680756, 40.077200326592795], [-7.42254802451597, 40.07742962977512], [-7.422303025989997, 40.077450373233475], [-7.416057322980692, 40.07948054877233], [-7.411280392140986, 40.08160110906566], [-7.411228641445154, 40.08142769765682], [-7.411060383034041, 40.08129579345444], [-7.410892301281002, 40.081213695705166], [-7.410611228546382, 40.08111792626515], [-7.410293400086092, 40.08078336011586], [-7.409818344913004, 40.080516351254815], [-7.409593677304196, 40.08036410488149], [-7.409128868047217, 40.08009328102148], [-7.408883919213801, 40.07987480103832], [-7.408633732076102, 40.07974175874146], [-7.408416427824927, 40.07968105027808], [-7.408160798957354, 40.07971890404614], [-7.407918485979851, 40.07970613351167], [-7.407435741192267, 40.0798570301596], [-7.407367493014482, 40.079836338313505], [-7.406876338501698, 40.07950824354383], [-7.406623947314425, 40.07935131372364], [-7.405484788655064, 40.07879446415519], [-7.405325518055283, 40.07876734816733], [-7.405226149783877, 40.07880698492893], [-7.404969838814867, 40.078964599308726], [-7.404789124787041, 40.079145927391714], [-7.404646379487863, 40.07921815813108], [-7.404350621136729, 40.07928159820363], [-7.40368195061476, 40.07935340972175], [-7.40353004935001, 40.07934966307706], [-7.403395373285922, 40.07929216736653], [-7.403022402947813, 40.078921211909815], [-7.402779807041912, 40.07864888188898], [-7.402541928265317, 40.078484828117084], [-7.402287530933372, 40.07836308856781], [-7.402077922342564, 40.0781641808451], [-7.401724319938139, 40.07803416070832], [-7.40146382671827, 40.07785834695981], [-7.401227335832046, 40.07764098582074], [-7.400924946536358, 40.07754595970638], [-7.400749049132195, 40.077517469705164], [-7.400561822673698, 40.07755042384214], [-7.400244307677569, 40.077576249315946], [-7.399868583768254, 40.07749813435604], [-7.399706161712754, 40.07750332476465], [-7.399510448197966, 40.07755189382144], [-7.39922058003579, 40.07748089748363], [-7.398942080878962, 40.077388714830235], [-7.398814573048461, 40.07731901473443], [-7.398215120058473, 40.077190493560174], [-7.397625624644533, 40.07702015303807], [-7.397346765592562, 40.07689599314312], [-7.397063049933153, 40.07680945469706], [-7.396894337228689, 40.07678874871522], [-7.396606903163657, 40.076808812371695], [-7.396293759821846, 40.07676629965604], [-7.395970034791371, 40.07685745621911], [-7.395323228833418, 40.076947369678976], [-7.395004883782359, 40.07697425802313], [-7.388355403294397, 40.07634615181595], [-7.38847909371393, 40.076561104806714], [-7.388684934121987, 40.07676757605486], [-7.388818178192433, 40.077010238324974], [-7.389002003250187, 40.07722584817545], [-7.38923756770265, 40.077395133777436], [-7.389327339097516, 40.07749504400175], [-7.389407347749848, 40.07771701301397], [-7.389528131243758, 40.077929964879], [-7.38963785007566, 40.078017934029475], [-7.389907217657932, 40.078172488035904], [-7.3899997180562, 40.07825890902286], [-7.390128846567913, 40.07848127726355], [-7.390329328181098, 40.078675557656915], [-7.39057097829744, 40.07885694751575], [-7.390844845112817, 40.079008468854724], [-7.391133420336486, 40.079090464200476], [-7.391523765113782, 40.07910619801393], [-7.391865353287221, 40.079099099169134], [-7.3920151896694, 40.07913130668551], [-7.39213195904664, 40.079206893072886], [-7.392241388131247, 40.079419769454184], [-7.392349146209897, 40.0797218839501], [-7.392345423203781, 40.07996871127156], [-7.392226061430206, 40.080197599486006], [-7.391847359202043, 40.08060035864749], [-7.391819556415738, 40.08073184401222], [-7.391914721185622, 40.08090869745877], [-7.392209288136724, 40.08131520985383], [-7.392238330937146, 40.08144850252689], [-7.392127949524217, 40.08169239967427], [-7.391963561080972, 40.08192153806467], [-7.391589049145706, 40.08232585315296], [-7.391536614979294, 40.082469073974465], [-7.391523524801081, 40.08276870694338], [-7.391412317570238, 40.083023764518295], [-7.391391477585301, 40.08324823829262], [-7.391575649647458, 40.083802735066165], [-7.391600947957839, 40.08407613175675], [-7.391486576103755, 40.084319463166416], [-7.39148626489112, 40.08454316864545], [-7.391555699905745, 40.084865837473664], [-7.391634630001556, 40.085091492942006], [-7.39171881103367, 40.08520009578775], [-7.391835232420093, 40.08521128595403], [-7.392290246817828, 40.08511647525513], [-7.392627108482996, 40.08513726962975], [-7.392789515531938, 40.085124253944294], [-7.393098029344563, 40.085055797060505], [-7.393448156313326, 40.08504280426498], [-7.393817364468993, 40.08497797244073], [-7.39433718950256, 40.0851239339608], [-7.394588814968292, 40.08513427155249], [-7.395905644777812, 40.08513219113576], [-7.396863414674591, 40.08516780770313], [-7.398110930028817, 40.085179040719396], [-7.399056435647998, 40.085199338598734], [-7.399999363965407, 40.08520845048897], [-7.40030679600243, 40.085240469313014], [-7.400649705418202, 40.085309906187035], [-7.400950408375234, 40.085390604683866], [-7.401259027782647, 40.08545441855073], [-7.401572884379268, 40.085499806098646], [-7.402451356674492, 40.08568256855435], [-7.403049677015652, 40.085825381940346], [-7.403365588510986, 40.08588788796918], [-7.403882102044413, 40.085972727373246], [-7.404605082216719, 40.08613657720697], [-7.4055114343897, 40.086300941380124], [-7.406133599076237, 40.08644110128439], [-7.407025470997338, 40.08662283516451], [-7.407320414083872, 40.086695011850146], [-7.408221782969174, 40.08686590154778], [-7.408829934768355, 40.0869690313371], [-7.409446815979521, 40.087100126380385], [-7.409766443497776, 40.087155521689546], [-7.410047996765416, 40.08722959633226], [-7.410312144386125, 40.08738749253046], [-7.411648488504327, 40.088487490945234], [-7.411845704506997, 40.088666224350625], [-7.412082940577221, 40.08883007386043], [-7.412568746227056, 40.089129111178], [-7.412783978826801, 40.08928975855296], [-7.412865234395568, 40.089490915192684], [-7.41283450909147, 40.08984816794746], [-7.412828979594674, 40.0900955275194], [-7.41285392066197, 40.090343880783166], [-7.412914833656317, 40.09047259050241], [-7.413089939743302, 40.0906692871095], [-7.413217347023365, 40.09088648621684], [-7.413459263408145, 40.09116410330879], [-7.413781067850962, 40.09132703463769], [-7.413969087723769, 40.0913892569396], [-7.414607099294668, 40.09148893764661], [-7.414826148175472, 40.09147678549541], [-7.414990229249022, 40.09141755316225], [-7.415274363332073, 40.09134897080171], [-7.415433709918401, 40.091360855379484], [-7.416053834677423, 40.09157893719546], [-7.41744899137467, 40.09203837197557], [-7.417748714291632, 40.0920939852429], [-7.418065478989884, 40.09211196987488], [-7.418368139448168, 40.092111039705216], [-7.41867947824498, 40.09208701882118], [-7.418994522757215, 40.09202312185402], [-7.419304844834418, 40.091938663195585], [-7.419793910691914, 40.091727151024955], [-7.422516661171628, 40.09103886014317], [-7.428002527155336, 40.08951734205548], [-7.430378930717731, 40.089290027046516], [-7.430511615051088, 40.089317849759624], [-7.430798616248121, 40.08945863568741], [-7.434026420469467, 40.089999278469584], [-7.43748205199731, 40.091307236271675], [-7.437863637903577, 40.091362477685955], [-7.438165341399266, 40.09145542020206], [-7.438446517476471, 40.091607143091835], [-7.438947644105919, 40.091934887195805], [-7.439207981294548, 40.09208332946684], [-7.439774326509625, 40.092316995548835], [-7.440060259030369, 40.09241632570811], [-7.440391548569912, 40.092483322215365], [-7.440722464961872, 40.09252888590832], [-7.441021967210474, 40.092608391678375], [-7.441332001944449, 40.092724791175364], [-7.441650650816125, 40.092812784293095], [-7.44196034316708, 40.09287037667392], [-7.442435339963573, 40.09298937577697], [-7.442526839088259, 40.09304395787592], [-7.442586132193029, 40.09315319229021], [-7.442588990195183, 40.093253173469115], [-7.442538428886454, 40.09348810360172], [-7.442579183423236, 40.09376077625673], [-7.442563861387556, 40.094257717309596], [-7.442531851305927, 40.09450149915679], [-7.442565105840639, 40.0948551741959], [-7.442609256959577, 40.09493063608697], [-7.442847154329622, 40.09508515227467], [-7.443075809013014, 40.09527284121892], [-7.443279056054007, 40.09547965290189], [-7.443429164641268, 40.09567696087801], [-7.443481151368152, 40.09584784285884], [-7.443484363725486, 40.09607607152241], [-7.443603269406216, 40.096239783253665], [-7.443813423932562, 40.09642537838342], [-7.443882587944675, 40.09655574651613], [-7.443896258336847, 40.09673540441983], [-7.443986116463421, 40.09691920895635], [-7.44416344980141, 40.097126494385755], [-7.444413600054985, 40.09759123739589], [-7.444614365469156, 40.09776633283752], [-7.444937366213026, 40.09819431228257], [-7.445115896647714, 40.09838872575175], [-7.445338285129662, 40.09855917251359], [-7.445581374398085, 40.098689305984266], [-7.445900124721117, 40.09870011075911], [-7.446135102234094, 40.09866890047497], [-7.446502280434435, 40.09882083640451], [-7.446731489665969, 40.09898988177468], [-7.446971267431901, 40.099123323099164], [-7.447259638755345, 40.099251919194344], [-7.447511045763188, 40.099406776824], [-7.447702981949588, 40.09959847200073], [-7.447847522845764, 40.09980303782451], [-7.44791791824391, 40.10003481397732], [-7.44792642249927, 40.100216423871316], [-7.448097387792671, 40.10052327204131], [-7.448258570188901, 40.10075269935518], [-7.448462934601541, 40.10094527726122], [-7.448673638888585, 40.101113399738146], [-7.448919705515149, 40.101228592130994], [-7.449216502984627, 40.10130211771836], [-7.449363772826898, 40.1013988976387], [-7.449476091559201, 40.101566166736575], [-7.449553551396842, 40.101807257846104], [-7.449665332178435, 40.101993708007896], [-7.449720663827744, 40.1020316810746], [-7.449972160820703, 40.1023788023406], [-7.450250983320404, 40.10249103391246], [-7.450457399535563, 40.10259662579469], [-7.450588651638715, 40.10260640432806], [-7.450754634968052, 40.10268482968692], [-7.450858999045112, 40.10276901499413], [-7.451023058307421, 40.1029821600272], [-7.451141727002745, 40.10319620744388], [-7.451230106889125, 40.103424664222594], [-7.451282214934193, 40.10365687001655], [-7.451374195354712, 40.10388930777155], [-7.451594757773541, 40.10435269358995], [-7.451668646426541, 40.10458871976481], [-7.451754582445207, 40.105051315786916], [-7.451905710138472, 40.105752408196295], [-7.451965850896202, 40.106296986284704], [-7.452100586775822, 40.10673627068519], [-7.452190396125753, 40.10712819431279], [-7.452447355687625, 40.1075426199319], [-7.452562567624505, 40.10768036348376], [-7.452721520871058, 40.107819444594945], [-7.452914055311302, 40.10816648570809], [-7.45302343263744, 40.10847890848819], [-7.453203204232976, 40.10877769427499], [-7.453352953582844, 40.10914646058827], [-7.453578632032886, 40.10948829420516], [-7.453783818283037, 40.10970788601436], [-7.454303716851113, 40.110435085748904], [-7.454564334977708, 40.11076667349922], [-7.454639753500966, 40.11095596671457], [-7.454809671726919, 40.11119678864923], [-7.45504759139355, 40.111452228805526], [-7.455533487452508, 40.11193174482562], [-7.455632494041597, 40.11207308377136], [-7.455775601125463, 40.11233283546139], [-7.45582310938551, 40.112474956461384], [-7.455984533989069, 40.11266159870756], [-7.456056679948195, 40.11257790253394], [-7.456201791777262, 40.11252840947792], [-7.456827908051317, 40.1122441372395], [-7.457190990858833, 40.11215529071441], [-7.457508204844023, 40.112102564796594], [-7.458160475986622, 40.112019719220065], [-7.458475718674916, 40.11195256608979], [-7.458815590161852, 40.11189825293315], [-7.459524882054847, 40.11182464837944], [-7.459833737472655, 40.11182310753722], [-7.460493577098054, 40.11186466362486], [-7.460778453281258, 40.1119394439458], [-7.461119405209171, 40.11195321323345], [-7.461125474328518, 40.1118970515191]]], "type": "Polygon"}, "properties": {"geo_point_2d": {"lon": -7.4495779775891435, "lat": 40.0907260565817}, "year": "2024", "dis_code": "05", "dis_name": "Castelo Branco", "con_code": "0504", "con_name": "Fundão", "fre_code": "050406", "fre_name": "Alpedrinha", "fre_name_upper": "ALPEDRINHA", "fre_name_lower": "alpedrinha", "fre_area_code": "PRT", "fre_type": "parish", "fre_name_long": "Alpedrinha"}}, {"type": "Feature", "geometry": {"coordinates": [[[-7.714099697013286, 40.13063032408239], [-7.735307037573562, 40.13708003874834], [-7.735397775368389, 40.137114121811855], [-7.735547341661095, 40.13701926328442], [-7.735862359782842, 40.13686354445771], [-7.73638305455381, 40.136771299221905], [-7.736697445078083, 40.13668267388511], [-7.737486664041057, 40.13633575280628], [-7.737831080256734, 40.13616752069303], [-7.738056974775496, 40.13602140266945], [-7.738311139764543, 40.135895915049524], [-7.738960033157079, 40.13591189460078], [-7.73914753301377, 40.135831205275394], [-7.739182431642605, 40.135781160846584], [-7.739214775164281, 40.1355440568141], [-7.739380768189343, 40.13540727873365], [-7.73963763418877, 40.135280982326854], [-7.739924409949391, 40.135054194918474], [-7.740178547107431, 40.13472858990944], [-7.741475275096066, 40.13381283245415], [-7.742627738522823, 40.13306696482538], [-7.74383725993092, 40.13224859752735], [-7.745251082095353, 40.13133697330238], [-7.747383903798212, 40.13003964645005], [-7.746951765858608, 40.12975182756397], [-7.746724679037825, 40.12955465822096], [-7.746372752429211, 40.12915101428714], [-7.746276844639412, 40.12905667532706], [-7.746050039357593, 40.12874773978258], [-7.745415319956287, 40.128373588465344], [-7.745222318969877, 40.12829135447972], [-7.745041161850262, 40.128169171579806], [-7.744644083008962, 40.127972236206716], [-7.744074655630858, 40.12767197159513], [-7.743857516360801, 40.12754435243953], [-7.743484980856548, 40.1273649671417], [-7.742610091707562, 40.12712193674002], [-7.742330724968182, 40.127064981822286], [-7.742108860109205, 40.127045954473935], [-7.74177472222874, 40.126903530398934], [-7.741579716579258, 40.12676301226289], [-7.741265649499597, 40.12664010565202], [-7.741006354843773, 40.126602127977534], [-7.740475043584456, 40.12671876445429], [-7.740216891572365, 40.126706907086245], [-7.73987847558701, 40.12647251121917], [-7.739494117768635, 40.12616861048428], [-7.739231523491935, 40.12599156640866], [-7.738952952579622, 40.12575646893723], [-7.738333174034151, 40.12546761875956], [-7.738086419430555, 40.125310529253184], [-7.737905249078483, 40.12511215003339], [-7.737813970255679, 40.124909475329765], [-7.737712876606786, 40.124802680595444], [-7.737586860370781, 40.12472381192052], [-7.737254556831116, 40.124653426081], [-7.736869739018084, 40.124656619405904], [-7.736745755333322, 40.12463341094835], [-7.736544132371338, 40.12454374537245], [-7.736419208781732, 40.124439485039666], [-7.736233760736963, 40.124150393029005], [-7.736054192914008, 40.12396092868386], [-7.736016875680919, 40.12382120552289], [-7.736074742856411, 40.12367361596804], [-7.736068621136702, 40.12357624225624], [-7.735890175792322, 40.12327366651135], [-7.735788664146543, 40.122955858765216], [-7.735727841810001, 40.12270267508409], [-7.735725259688129, 40.12260072494156], [-7.735773894996348, 40.122406990555696], [-7.73579429054827, 40.12220757916678], [-7.73571595464514, 40.122041332149294], [-7.735472665121343, 40.12179482229852], [-7.735427038068784, 40.12169244695287], [-7.73539673381816, 40.12119396138507], [-7.735032710954049, 40.12052798707373], [-7.734645164092865, 40.11999504342805], [-7.734588909127188, 40.11980401596951], [-7.734590135669968, 40.11959292283896], [-7.734525702556997, 40.11873065541351], [-7.734568437504415, 40.118259704333234], [-7.734579274791703, 40.117242882056004], [-7.734656955519925, 40.115986103681415], [-7.734801780013451, 40.11453943960876], [-7.734868740908537, 40.112946521162485], [-7.734952459633437, 40.11161753798784], [-7.734950623474777, 40.11152971969396], [-7.734871792244376, 40.11141039311526], [-7.734741605504076, 40.11112572453664], [-7.734728184024127, 40.110972847650544], [-7.734482834087195, 40.11050432789301], [-7.734401852220903, 40.11025026307124], [-7.734347815566642, 40.10974007503674], [-7.734344068044199, 40.1095976792264], [-7.734293841681852, 40.10923835097994], [-7.734279760798987, 40.10889616668258], [-7.73418960204239, 40.10848716698057], [-7.734076323079496, 40.108099255216445], [-7.733983262058699, 40.10790666022191], [-7.733799040323915, 40.10765809476401], [-7.733649756525957, 40.107271769538016], [-7.733575590419583, 40.10711787417028], [-7.733438722425748, 40.10697528737839], [-7.733250397090124, 40.10686846121122], [-7.732894648935167, 40.10652987697147], [-7.732515832435964, 40.106286764553936], [-7.732181874156204, 40.106133413129555], [-7.731796271544237, 40.10604878038356], [-7.731755498350998, 40.106001088349245], [-7.731987452657032, 40.10534472522826], [-7.732136769706364, 40.10504128983749], [-7.732300361531633, 40.104803738377676], [-7.732492516203256, 40.10459482908091], [-7.732869368197582, 40.10422913297014], [-7.733073509974532, 40.10407556544125], [-7.733413882031524, 40.10385105015444], [-7.733751788744085, 40.103686139669705], [-7.734034646974211, 40.10356895316159], [-7.734453303866399, 40.1034333136254], [-7.734649088512787, 40.10340552564913], [-7.73513498813228, 40.10340440071546], [-7.735472071924749, 40.103421043333164], [-7.735798582981008, 40.10352176024434], [-7.735934214081799, 40.103613723665696], [-7.736243167875549, 40.10387117627789], [-7.736443574854541, 40.10399731364517], [-7.736872202030309, 40.104186550429056], [-7.737140824466737, 40.104259780927904], [-7.737569458101621, 40.10434625219547], [-7.738599043983095, 40.104413060433615], [-7.739417245507096, 40.10438593273358], [-7.739557321430559, 40.104357767881496], [-7.739989337117263, 40.104223870276904], [-7.740205004450928, 40.104124361671786], [-7.740692075985716, 40.10383646274957], [-7.740819871782754, 40.1037411618555], [-7.741432714621943, 40.10336272687624], [-7.742084402566578, 40.10291579222493], [-7.742523229718852, 40.1025924209103], [-7.743039585396324, 40.10228659965], [-7.743291546565613, 40.10209264713016], [-7.743478267254247, 40.10198637231298], [-7.743875354338305, 40.10180334726146], [-7.744132394681989, 40.101726485318025], [-7.744499289982767, 40.101655395024025], [-7.745324449357759, 40.10155268759226], [-7.745520720838958, 40.10154010119349], [-7.74625495513994, 40.10154677598211], [-7.746483537996178, 40.10156645270543], [-7.747259174971051, 40.10157235871851], [-7.747699784315089, 40.10153022756579], [-7.748357152804738, 40.10137840402184], [-7.749098097420887, 40.10114957511105], [-7.750000408695159, 40.10087894794832], [-7.750420345859064, 40.1006954383063], [-7.75110345055648, 40.10034168120535], [-7.751462697513737, 40.100082766516245], [-7.751658834264708, 40.09990392194349], [-7.751760656511166, 40.0996244414171], [-7.751760107004749, 40.09925861910197], [-7.751663282440227, 40.0989771335533], [-7.751573979064561, 40.098396496605034], [-7.751504097853632, 40.09820435460686], [-7.75137278803858, 40.09800858424505], [-7.751117121097234, 40.09771649146114], [-7.750866268011733, 40.097550140622275], [-7.75061190026643, 40.09753021179087], [-7.750244750865825, 40.09754647678521], [-7.749605616982477, 40.09754914375539], [-7.748945480128376, 40.09751067282998], [-7.74805868921967, 40.09738472422652], [-7.747659469762521, 40.09739042653994], [-7.747116344096953, 40.097420146174095], [-7.746856833268956, 40.09745953887518], [-7.746068291396735, 40.097774920693574], [-7.745807351339132, 40.09783997789684], [-7.745292447962947, 40.09789562788174], [-7.745031538674109, 40.0978925088369], [-7.744642328567116, 40.09780790219188], [-7.74425343433054, 40.0976467532127], [-7.743742991352213, 40.0974961763363], [-7.743232288480641, 40.09745276696728], [-7.742842641316623, 40.09732150797018], [-7.742478206896394, 40.097088651219835], [-7.742099430217476, 40.09669562161357], [-7.741877191187353, 40.096410018236604], [-7.741737341314303, 40.09613378349414], [-7.741600164244701, 40.09563628525862], [-7.741615848711807, 40.095435956264964], [-7.741701219815837, 40.095147063457205], [-7.741928673680249, 40.094455717762244], [-7.742069534669676, 40.09416268822255], [-7.742336074419169, 40.09366825861457], [-7.742520601746985, 40.093140856387016], [-7.742821557071056, 40.092387891451885], [-7.742982982908615, 40.09208592125219], [-7.743213329356466, 40.09176842497967], [-7.743481929621565, 40.09146537377667], [-7.743949361009578, 40.09108670458804], [-7.744204504890101, 40.090902664260646], [-7.745239316769082, 40.09030082742333], [-7.746149238107468, 40.0898431134977], [-7.746480949540861, 40.08971903379146], [-7.746520710993869, 40.08965467976337], [-7.746838740634856, 40.089399879556616], [-7.747406492095013, 40.08900414818989], [-7.747556937644535, 40.08887658425153], [-7.748440144490351, 40.0882000942316], [-7.748846309730772, 40.087949268138665], [-7.749177368108788, 40.087771953764346], [-7.749524046436455, 40.08767403326275], [-7.749932239955187, 40.087605583008404], [-7.750210595612603, 40.087627031771795], [-7.750612409718141, 40.087713366243996], [-7.750885791554764, 40.087744347854034], [-7.751198165013747, 40.08770007152309], [-7.751671201146071, 40.08756707466031], [-7.752082532205277, 40.087439273826384], [-7.752432152995269, 40.08727516087699], [-7.752862826293784, 40.0869988267491], [-7.753594434215731, 40.08660377997978], [-7.752725544091547, 40.08578860683162], [-7.752467072261073, 40.08550155063384], [-7.752102471923797, 40.08517614478264], [-7.751739972635161, 40.08483182841733], [-7.751609590376777, 40.0846847853976], [-7.751388644112451, 40.084293470406365], [-7.751257569710229, 40.084144084931026], [-7.750829798588879, 40.08375290103998], [-7.750224434055329, 40.08379936320706], [-7.749985130313003, 40.0838410840813], [-7.749861211394561, 40.08384004285277], [-7.749539665251278, 40.08376558483812], [-7.749294557664355, 40.083651305070546], [-7.749041929413641, 40.08356041013316], [-7.748733734364179, 40.0833635138854], [-7.748385836656425, 40.083075614077345], [-7.748168261442957, 40.082713844758324], [-7.748003734769059, 40.082573081163], [-7.747693115587234, 40.08241255394418], [-7.747564851206415, 40.082371510809274], [-7.747377757577738, 40.08226201311435], [-7.747245278921866, 40.08221906522558], [-7.746421058214789, 40.08203062682269], [-7.746060902713123, 40.08177834477488], [-7.745783549329012, 40.08147914144816], [-7.745479607314238, 40.0812585630406], [-7.745336457672594, 40.08111399096488], [-7.745088296486799, 40.08077409081548], [-7.745068938015292, 40.08063128027872], [-7.744901171022054, 40.08027777877285], [-7.744751832255942, 40.08012840931199], [-7.744302970828119, 40.07986997310194], [-7.744002211525711, 40.079628686665444], [-7.743568747381532, 40.07942766327985], [-7.743260315758647, 40.07932000233218], [-7.741453949691257, 40.07830311014684], [-7.741172438934226, 40.07804035785988], [-7.740977991395266, 40.078256748107506], [-7.740882083921685, 40.07840240773612], [-7.740856104468172, 40.07859928006729], [-7.7408974672742, 40.07901369883769], [-7.740879729883554, 40.07916331465122], [-7.74083157284984, 40.07926194963833], [-7.740527481757117, 40.07964628609922], [-7.740158428882581, 40.07999204558109], [-7.739972129120389, 40.08023817891373], [-7.739822524859291, 40.080383207765706], [-7.739740936524013, 40.08058529819397], [-7.739603614598376, 40.08102072126348], [-7.739509198269698, 40.08121123840156], [-7.739355796246245, 40.08140461522736], [-7.739247162542438, 40.081497731274304], [-7.73867832705251, 40.08181947904793], [-7.737124907193193, 40.082745151109236], [-7.736931726646496, 40.08284076958838], [-7.736616494775661, 40.08303665750247], [-7.736443427606544, 40.08328255830936], [-7.736441618610243, 40.08349365349703], [-7.736536683422083, 40.08390428565753], [-7.736524320046269, 40.084055363627364], [-7.736313023274551, 40.08434310500859], [-7.736082910690694, 40.08451685612501], [-7.735914208758971, 40.08471657280217], [-7.735747241491097, 40.084859558992946], [-7.735295618850907, 40.08509982621475], [-7.734848808639192, 40.08521672741835], [-7.73440431763874, 40.08537758249282], [-7.733957476961077, 40.08535839725838], [-7.733765836681461, 40.085287315025965], [-7.73339593426095, 40.08510286293543], [-7.733203161077026, 40.085044473461245], [-7.732881448617401, 40.085042014190414], [-7.732756725609255, 40.08507644013803], [-7.732043711636954, 40.0853616361558], [-7.73178110492882, 40.08545637156635], [-7.731582746876097, 40.085551959518504], [-7.731451936824042, 40.08542461380351], [-7.730879330467284, 40.0855582658421], [-7.730619675788788, 40.08556943653411], [-7.730306885353733, 40.08546424774249], [-7.729797370220073, 40.085275607058406], [-7.729352856951946, 40.08515951091364], [-7.729093047374773, 40.08507809478228], [-7.728773987919931, 40.08504240291587], [-7.728456044065356, 40.08513559122244], [-7.728196996649413, 40.085262757139496], [-7.728072677445432, 40.08534788158099], [-7.727940868936862, 40.085489805920645], [-7.727843581146812, 40.0856842641549], [-7.727746370021458, 40.08598391565457], [-7.72770913662155, 40.08617372154001], [-7.727507491954025, 40.0864671515637], [-7.727336746939073, 40.08661038431106], [-7.727080874367396, 40.086714408823184], [-7.726420723056544, 40.08685674240329], [-7.726082447027666, 40.08691715639366], [-7.725761476585071, 40.08692648143784], [-7.725625565560403, 40.08694789076722], [-7.724897268153798, 40.08717273586916], [-7.724619464788735, 40.08727731166407], [-7.724155018810775, 40.08739618252218], [-7.723733946240652, 40.08753708583671], [-7.723061346452492, 40.08777868545717], [-7.722608083064762, 40.08787057161125], [-7.722402596335462, 40.08789938659119], [-7.721994040507211, 40.08792694122193], [-7.721257896676724, 40.088087525292096], [-7.721119301264145, 40.08810702851574], [-7.720113496535228, 40.08818451550228], [-7.719908858888436, 40.0882482697406], [-7.719717544775533, 40.0883373798843], [-7.719591304781698, 40.08842780185164], [-7.719439864174886, 40.08861386768444], [-7.718990985103341, 40.088910279322555], [-7.718806421222546, 40.089046690979224], [-7.718413046178602, 40.089451460235324], [-7.718050344383407, 40.089747001367776], [-7.717682879397039, 40.09009277874185], [-7.717295841018275, 40.09037868561109], [-7.71702508324254, 40.090515687347875], [-7.716898162453914, 40.0906001617196], [-7.716810133929688, 40.09075006574751], [-7.716655026674626, 40.0909003580825], [-7.716464950531786, 40.091015676554385], [-7.715943444896098, 40.09129551407931], [-7.715482837883407, 40.091470018316684], [-7.715295016706273, 40.091561926442665], [-7.715023690091767, 40.09165632205846], [-7.714751324941579, 40.09178538644088], [-7.714607552227529, 40.091806846272284], [-7.714126667631569, 40.09180709911728], [-7.713806706965492, 40.09183800727559], [-7.713345300942193, 40.0919702573827], [-7.713069402587495, 40.09200591803455], [-7.712559521957146, 40.09216420391975], [-7.712288075168472, 40.0921809626389], [-7.711632785030252, 40.09205358840546], [-7.711087494204952, 40.09203900092086], [-7.710816353129079, 40.09208277984802], [-7.710546180227408, 40.09208314818535], [-7.710084968993081, 40.09216333484588], [-7.709420379010834, 40.092326715589394], [-7.708999640282842, 40.09247999644994], [-7.708357563808352, 40.092585454788534], [-7.708103369789836, 40.092543727880646], [-7.707851986227693, 40.09244482705983], [-7.707065263025529, 40.09244645355907], [-7.706736880685322, 40.092455691367995], [-7.706274101265237, 40.092560356119506], [-7.705957672339214, 40.092662762424894], [-7.705366159367318, 40.092783340593094], [-7.7050385384954, 40.0928760666193], [-7.704778780423913, 40.092917347275716], [-7.704118509676229, 40.09296841037023], [-7.703791599547043, 40.09287147161752], [-7.703466281342765, 40.092821007960666], [-7.703131080977088, 40.092886777005404], [-7.702738350553056, 40.09305868782251], [-7.702613048158926, 40.09314405218354], [-7.702504151129425, 40.09328720051256], [-7.702454923426452, 40.09363870216749], [-7.702333440769014, 40.09378775109806], [-7.701940862864561, 40.093952005533986], [-7.701679991468366, 40.09396400735393], [-7.701227645351164, 40.09384299927724], [-7.700972456469831, 40.09380908824673], [-7.69986687506228, 40.09377544033268], [-7.699670183133533, 40.09376317860889], [-7.699364438906746, 40.09369476466287], [-7.699103326784805, 40.09361552621298], [-7.698656252776719, 40.0936077378801], [-7.698529130743639, 40.093590328823915], [-7.698152375183743, 40.0934777895827], [-7.697774923344348, 40.093438099704066], [-7.697396667235541, 40.09332159152305], [-7.696131169128874, 40.09297038398178], [-7.695866122494508, 40.09290211432505], [-7.695363436122141, 40.092679575718826], [-7.6951813998608, 40.09255758301112], [-7.695088573389338, 40.09245960869194], [-7.694794627424686, 40.092233892310794], [-7.694483246693834, 40.09222371033306], [-7.693843996352487, 40.09201362378143], [-7.693334423699846, 40.091934248502234], [-7.692576062129899, 40.09188553887573], [-7.691992408414448, 40.09181947410731], [-7.691730241228088, 40.09181505766049], [-7.691084660991214, 40.091879336774866], [-7.690641192146705, 40.09195051037911], [-7.690189780992417, 40.092144399313455], [-7.689147164264759, 40.09247814858151], [-7.688620798961301, 40.09267372719137], [-7.688309945601768, 40.09290750518449], [-7.688186769010604, 40.09306040712961], [-7.68792406291516, 40.09322943478282], [-7.68727423606069, 40.0935474619501], [-7.687023976687405, 40.093713117667605], [-7.68688970595599, 40.093857235151944], [-7.686633894706302, 40.09392019566395], [-7.686311404805036, 40.094049544672714], [-7.686064942635929, 40.0942070102746], [-7.68567008626894, 40.09437264435525], [-7.685079326746783, 40.09449564339881], [-7.684809996303104, 40.09449091158674], [-7.684285641402427, 40.094554180869174], [-7.683637290144411, 40.09458941552784], [-7.683195502497193, 40.09465128728866], [-7.682733191051988, 40.09480179029907], [-7.682473589027401, 40.09485112419454], [-7.682026084682843, 40.095050400849196], [-7.681816526616758, 40.09512217566878], [-7.681470631807182, 40.09520612337069], [-7.681268905663725, 40.095280625930926], [-7.680640471147757, 40.09542453116645], [-7.680334750406691, 40.09554969615379], [-7.679688975195337, 40.09583203802304], [-7.679488220349107, 40.0959018599507], [-7.679024264531729, 40.09601514687623], [-7.678713397214906, 40.096136950663386], [-7.678393041537382, 40.096205227028314], [-7.678261725054782, 40.096254243550696], [-7.677756597320635, 40.09636880376296], [-7.677494043011976, 40.09647359812409], [-7.677301878978775, 40.09657325719463], [-7.676771237994945, 40.09666213836199], [-7.676440451837707, 40.09669317254402], [-7.676193275513009, 40.09668940862502], [-7.675998968167074, 40.09665316105336], [-7.675472194715272, 40.0965832721669], [-7.674756287434557, 40.09656352462537], [-7.674359834254779, 40.09647082255764], [-7.67521008848489, 40.100590062005814], [-7.67527045389065, 40.100928289216554], [-7.675458666148555, 40.10152819353261], [-7.675516010411632, 40.102020955027434], [-7.675516908761437, 40.102624898462], [-7.675544839927011, 40.102728031919725], [-7.675897556219445, 40.10351014401369], [-7.675930890011598, 40.10370074773407], [-7.675933844813938, 40.10418933512135], [-7.676107895273152, 40.10508637340636], [-7.676250900771085, 40.1052392278765], [-7.676436874266299, 40.10549149484375], [-7.676589630876067, 40.10564176929363], [-7.676896952246416, 40.105882806851426], [-7.677058612659247, 40.10598250481406], [-7.677354742582427, 40.106267083344534], [-7.677562632628373, 40.10652312355811], [-7.677745955100603, 40.10668117536595], [-7.678266888343125, 40.10697167307986], [-7.678677668778059, 40.1071066550889], [-7.678873653066995, 40.10719523129238], [-7.679190888313167, 40.1073932494024], [-7.679499355811047, 40.107624103238344], [-7.679628597385659, 40.10776725688146], [-7.679780160228587, 40.10811772899361], [-7.679797368061301, 40.10837104364788], [-7.679821876338863, 40.10851442292886], [-7.679814202951504, 40.10887597943318], [-7.679763312946248, 40.109477555352576], [-7.679672488018781, 40.10976764445808], [-7.67954061157864, 40.11000434378604], [-7.679379633119088, 40.11024345692857], [-7.679308321984935, 40.11043770307829], [-7.679304645351992, 40.111134746840705], [-7.679376038180552, 40.11160189007641], [-7.679780598905292, 40.1126106917611], [-7.679841120021687, 40.11280653299687], [-7.679836246004219, 40.113064895328854], [-7.68000133694063, 40.11382005187696], [-7.680056757692333, 40.11391789252637], [-7.680346870861205, 40.11456969680436], [-7.680355644339838, 40.11540872469228], [-7.680438777631484, 40.11580386328116], [-7.680477378509432, 40.116371928791516], [-7.680462244934497, 40.11665645376498], [-7.680397039847788, 40.1168486564583], [-7.680378816929609, 40.11749494084755], [-7.680310977479602, 40.11764219248823], [-7.679808385062493, 40.118467336233905], [-7.67976327556595, 40.11858396794553], [-7.679597080631459, 40.11872155615232], [-7.67882587181901, 40.11929294314584], [-7.677993480731434, 40.11997863856877], [-7.677810878581495, 40.12023657571865], [-7.677342601418089, 40.12078013583443], [-7.677144224217001, 40.12104584139346], [-7.676991668701735, 40.12130029219962], [-7.677213436114409, 40.12143390693924], [-7.677342790495501, 40.1214753031218], [-7.677655633477104, 40.121479321176494], [-7.677912793115508, 40.12145925284599], [-7.678119176134683, 40.12141917676379], [-7.678353579578524, 40.12134606209993], [-7.678936086642264, 40.12100080333539], [-7.678997929735997, 40.120979969186436], [-7.679308253911213, 40.12097415459771], [-7.679752889188292, 40.12098769017588], [-7.68027073794762, 40.1210347333297], [-7.680464413590965, 40.12107124321036], [-7.680797669516976, 40.12116340996112], [-7.681333698678202, 40.12117539791477], [-7.681722509939237, 40.12125787394738], [-7.681934559273328, 40.12126490802115], [-7.683679999299543, 40.122503762243824], [-7.683863888377551, 40.122584175746866], [-7.684043119876938, 40.1225521774135], [-7.684440170424736, 40.12257847457153], [-7.685736462568276, 40.12256383820424], [-7.6859866533095, 40.12264134874588], [-7.686462405991535, 40.12288570421557], [-7.687070980337833, 40.122965761170775], [-7.687268994855141, 40.12311169610061], [-7.687491204473559, 40.12337993646587], [-7.687971544210702, 40.12367842738688], [-7.688300641869337, 40.123836119943526], [-7.688837203235102, 40.12396965839346], [-7.689157201450746, 40.12406516888639], [-7.68958857052617, 40.12412058004219], [-7.689978598536211, 40.124127654038865], [-7.690316904028724, 40.124241245995385], [-7.690444745112672, 40.12426532401318], [-7.697566106344019, 40.12514443877287], [-7.697797805926016, 40.12525617146416], [-7.698262782149473, 40.1253041089298], [-7.699830310521182, 40.125315273195845], [-7.700595126024564, 40.12531190528769], [-7.70115835726575, 40.12529598644104], [-7.701280323181416, 40.125228627301865], [-7.701458961994818, 40.12506664291326], [-7.701730679621512, 40.12487798889988], [-7.701987269366223, 40.12478266433638], [-7.702271541589355, 40.12478029544439], [-7.70247241249158, 40.12481346309249], [-7.702601140302973, 40.12486427869712], [-7.702767428652979, 40.12500647221959], [-7.702943900909474, 40.12524433852002], [-7.703041791785227, 40.12559205384585], [-7.703156177837434, 40.12574215670778], [-7.703281723286372, 40.12581467040291], [-7.703573900329199, 40.12584357473549], [-7.703981081902843, 40.125923880055325], [-7.704357906411302, 40.125961291454026], [-7.70496454917063, 40.12598298140397], [-7.705348486299171, 40.12604662591846], [-7.70569467966629, 40.12608671437538], [-7.706029443084321, 40.12615377752625], [-7.706653326984852, 40.1262515262045], [-7.707132570980845, 40.12630957088312], [-7.718068588875083, 40.127188636514994], [-7.717553996903466, 40.1276761786463], [-7.717306464373145, 40.127925204644114], [-7.716957685401188, 40.12815387940338], [-7.716759977028498, 40.128311853778555], [-7.716391803472243, 40.1285638734763], [-7.715754494321665, 40.12912445533413], [-7.715466954104492, 40.12940963344173], [-7.715230395723048, 40.1296650905121], [-7.714856309702355, 40.12998147379401], [-7.714176652022113, 40.13051685818831], [-7.714099697013286, 40.13063032408239]]], "type": "Polygon"}, "properties": {"geo_point_2d": {"lon": -7.7143462146837685, "lat": 40.10831518245367}, "year": "2024", "dis_code": "05", "dis_name": "Castelo Branco", "con_code": "0504", "con_name": "Fundão", "fre_code": "050408", "fre_name": "Barroca", "fre_name_upper": "BARROCA", "fre_name_lower": "barroca", "fre_area_code": "PRT", "fre_type": "parish", "fre_name_long": "Barroca"}}, {"type": "Feature", "geometry": {"coordinates": [[[-7.695285573092983, 40.139871746369764], [-7.695244313649034, 40.13975424482464], [-7.695164833575942, 40.139393437540924], [-7.695121307027483, 40.13898855152106], [-7.695113671422015, 40.138659809525016], [-7.695168300550081, 40.13853924200272], [-7.695398363554169, 40.13819653527299], [-7.695599112814665, 40.13792369346435], [-7.695841546792278, 40.137628854987916], [-7.696050958279793, 40.137266975423884], [-7.6963785135341, 40.13659384635136], [-7.696550152913797, 40.136174364546356], [-7.696547065987779, 40.135646068835804], [-7.696419818826519, 40.1353964909941], [-7.696190801375499, 40.13519110850295], [-7.696053088207597, 40.135111788645155], [-7.695764012950563, 40.135031897997344], [-7.695226818159913, 40.135019973183056], [-7.694617177408127, 40.134739664648166], [-7.694233487338315, 40.134429493741024], [-7.693721683516997, 40.133879826772144], [-7.693247683685288, 40.13330985399764], [-7.692869755191649, 40.132780678490604], [-7.692837673705743, 40.13267896765132], [-7.692836800455895, 40.13237699853759], [-7.69285720439479, 40.13217786725655], [-7.692924535539558, 40.13201601794809], [-7.693061521962317, 40.131823179952015], [-7.69332188522896, 40.13162071921721], [-7.69352732417138, 40.13156575147936], [-7.694355900465768, 40.131290598081335], [-7.694929752374776, 40.13116271855372], [-7.695131942266344, 40.13113844325318], [-7.6954997481558, 40.131252131564004], [-7.695647679554464, 40.13127322042585], [-7.695960133675619, 40.131271331060475], [-7.696439560458421, 40.13123062810701], [-7.696868586268533, 40.13125646470734], [-7.697160522575494, 40.131289348737894], [-7.697417012423659, 40.13136181582026], [-7.697770729587081, 40.13162485171507], [-7.697959057286602, 40.13182503678112], [-7.698355642244338, 40.13187830327794], [-7.698736321197299, 40.13194339661038], [-7.699117532060762, 40.131960580838005], [-7.69948876512677, 40.13194143337735], [-7.699814219588339, 40.13190599010396], [-7.700370377511839, 40.131755231465114], [-7.70106406823802, 40.13152563910197], [-7.701810982326065, 40.131375581418624], [-7.7020639627641, 40.13135436686344], [-7.703607966477188, 40.13137862778147], [-7.703890648011162, 40.131409483720596], [-7.704312801257063, 40.131503079382604], [-7.704662802670201, 40.13161387993941], [-7.705009912647903, 40.13177411231827], [-7.705311206767398, 40.13196299526067], [-7.705500199678273, 40.13223071156561], [-7.705691107809607, 40.132755198737264], [-7.705732707841205, 40.13298949973236], [-7.705868358682218, 40.1331746231073], [-7.706152825573828, 40.13341089859031], [-7.706252223515135, 40.13344620808612], [-7.706810568916208, 40.133961769500765], [-7.707007928214762, 40.134167916091336], [-7.707375821978031, 40.13447996530938], [-7.707628630970892, 40.13467595782432], [-7.708414169531463, 40.13518937397147], [-7.708708059649038, 40.13540370587378], [-7.709100667505133, 40.13557372812132], [-7.709419456271204, 40.135632078141], [-7.710031611446328, 40.135553249155215], [-7.710180177508144, 40.135512997590915], [-7.710571766417893, 40.1353533926175], [-7.711114182907851, 40.13501485291465], [-7.711301423697336, 40.1348849461357], [-7.711671703445658, 40.13466050793835], [-7.712377703685616, 40.13441189105097], [-7.712751399516121, 40.13431778145671], [-7.713405895358465, 40.134029165018624], [-7.713618394140396, 40.13383576579898], [-7.713710729075689, 40.13366444323754], [-7.713765711386342, 40.13349911389551], [-7.713800591393681, 40.133187456012806], [-7.713768611046356, 40.13302523581505], [-7.713577683432014, 40.13264711032239], [-7.713528232102953, 40.132483745136895], [-7.713532778493004, 40.13221971072028], [-7.713773125357414, 40.13175064888715], [-7.713869856571669, 40.131282060954334], [-7.713876086405993, 40.13101190761281], [-7.714060348748272, 40.1306182956512], [-7.714099697013286, 40.13063032408239], [-7.714176652022113, 40.13051685818831], [-7.714856309702355, 40.12998147379401], [-7.715230395723048, 40.1296650905121], [-7.715466954104492, 40.12940963344173], [-7.715754494321665, 40.12912445533413], [-7.716391803472243, 40.1285638734763], [-7.716759977028498, 40.128311853778555], [-7.716957685401188, 40.12815387940338], [-7.717306464373145, 40.127925204644114], [-7.717553996903466, 40.1276761786463], [-7.718068588875083, 40.127188636514994], [-7.707132570980845, 40.12630957088312], [-7.706653326984852, 40.1262515262045], [-7.706029443084321, 40.12615377752625], [-7.70569467966629, 40.12608671437538], [-7.705348486299171, 40.12604662591846], [-7.70496454917063, 40.12598298140397], [-7.704357906411302, 40.125961291454026], [-7.703981081902843, 40.125923880055325], [-7.703573900329199, 40.12584357473549], [-7.703281723286372, 40.12581467040291], [-7.703156177837434, 40.12574215670778], [-7.703041791785227, 40.12559205384585], [-7.702943900909474, 40.12524433852002], [-7.702767428652979, 40.12500647221959], [-7.702601140302973, 40.12486427869712], [-7.70247241249158, 40.12481346309249], [-7.702271541589355, 40.12478029544439], [-7.701987269366223, 40.12478266433638], [-7.701730679621512, 40.12487798889988], [-7.701458961994818, 40.12506664291326], [-7.701280323181416, 40.125228627301865], [-7.70115835726575, 40.12529598644104], [-7.700595126024564, 40.12531190528769], [-7.699830310521182, 40.125315273195845], [-7.698262782149473, 40.1253041089298], [-7.697797805926016, 40.12525617146416], [-7.697566106344019, 40.12514443877287], [-7.690444745112672, 40.12426532401318], [-7.690316904028724, 40.124241245995385], [-7.689978598536211, 40.124127654038865], [-7.68958857052617, 40.12412058004219], [-7.689157201450746, 40.12406516888639], [-7.688837203235102, 40.12396965839346], [-7.688300641869337, 40.123836119943526], [-7.687971544210702, 40.12367842738688], [-7.687491204473559, 40.12337993646587], [-7.687268994855141, 40.12311169610061], [-7.687070980337833, 40.122965761170775], [-7.686462405991535, 40.12288570421557], [-7.6859866533095, 40.12264134874588], [-7.685736462568276, 40.12256383820424], [-7.684440170424736, 40.12257847457153], [-7.684043119876938, 40.1225521774135], [-7.683863888377551, 40.122584175746866], [-7.683679999299543, 40.122503762243824], [-7.681934559273328, 40.12126490802115], [-7.681722509939237, 40.12125787394738], [-7.681333698678202, 40.12117539791477], [-7.680797669516976, 40.12116340996112], [-7.680464413590965, 40.12107124321036], [-7.68027073794762, 40.1210347333297], [-7.679752889188292, 40.12098769017588], [-7.679308253911213, 40.12097415459771], [-7.678997929735997, 40.120979969186436], [-7.678936086642264, 40.12100080333539], [-7.678353579578524, 40.12134606209993], [-7.678119176134683, 40.12141917676379], [-7.677912793115508, 40.12145925284599], [-7.677655633477104, 40.121479321176494], [-7.677342790495501, 40.1214753031218], [-7.677213436114409, 40.12143390693924], [-7.676991668701735, 40.12130029219962], [-7.677144224217001, 40.12104584139346], [-7.677342601418089, 40.12078013583443], [-7.677810878581495, 40.12023657571865], [-7.677993480731434, 40.11997863856877], [-7.67882587181901, 40.11929294314584], [-7.679597080631459, 40.11872155615232], [-7.67976327556595, 40.11858396794553], [-7.679808385062493, 40.118467336233905], [-7.680310977479602, 40.11764219248823], [-7.680378816929609, 40.11749494084755], [-7.680397039847788, 40.1168486564583], [-7.680462244934497, 40.11665645376498], [-7.680477378509432, 40.116371928791516], [-7.680438777631484, 40.11580386328116], [-7.680355644339838, 40.11540872469228], [-7.680346870861205, 40.11456969680436], [-7.680056757692333, 40.11391789252637], [-7.68000133694063, 40.11382005187696], [-7.679836246004219, 40.113064895328854], [-7.679841120021687, 40.11280653299687], [-7.679780598905292, 40.1126106917611], [-7.679376038180552, 40.11160189007641], [-7.679304645351992, 40.111134746840705], [-7.679308321984935, 40.11043770307829], [-7.679379633119088, 40.11024345692857], [-7.67954061157864, 40.11000434378604], [-7.679672488018781, 40.10976764445808], [-7.679763312946248, 40.109477555352576], [-7.679814202951504, 40.10887597943318], [-7.679821876338863, 40.10851442292886], [-7.679797368061301, 40.10837104364788], [-7.666752784700111, 40.11291913885163], [-7.666575533349376, 40.11290437749096], [-7.666145423355919, 40.112918951289615], [-7.665682117181182, 40.11296860647284], [-7.664916920065022, 40.11299614597803], [-7.664784988621992, 40.113043527051154], [-7.664448730836932, 40.11321049298884], [-7.664203416551414, 40.11330343415194], [-7.663958157244616, 40.113438975956555], [-7.663671899882836, 40.11356669059443], [-7.663419414067669, 40.11357521778436], [-7.66207686971811, 40.11391039199931], [-7.661856880729615, 40.113969301244715], [-7.661463967882664, 40.11415232783782], [-7.660872373318573, 40.11438128864093], [-7.660538293296314, 40.11452006426026], [-7.660408320735936, 40.11460572097847], [-7.660132402601994, 40.114694297565244], [-7.659752180031436, 40.11494041190539], [-7.65927594158602, 40.115109941729145], [-7.659019711686141, 40.11513393335839], [-7.658711364339891, 40.11512844336776], [-7.65857909555526, 40.115190406523915], [-7.658258218642177, 40.11541838508722], [-7.658131974082244, 40.11549054826753], [-7.657707843682434, 40.11579132389531], [-7.657294449644646, 40.11616617018447], [-7.657083282054433, 40.11640594091851], [-7.656753473517981, 40.116736459163164], [-7.656509502578452, 40.11703742630632], [-7.65620731958716, 40.11734238603308], [-7.656069192066764, 40.117435210812616], [-7.65575164879767, 40.117452819471325], [-7.655407931516665, 40.11737062690597], [-7.65521548454058, 40.11734669215757], [-7.654958484813381, 40.1172775508507], [-7.654468784253743, 40.11727076123652], [-7.65426414187886, 40.11731386622286], [-7.653626648648589, 40.1175414319509], [-7.653237545513654, 40.11770976740536], [-7.652695108148815, 40.11789656094698], [-7.652060642201869, 40.11807522550456], [-7.651635313788058, 40.11827267354921], [-7.650638364058217, 40.118484683971715], [-7.650375730565823, 40.11853231273023], [-7.650182171008949, 40.11849945268528], [-7.649852681792005, 40.11841333675174], [-7.649723265729283, 40.11841729785596], [-7.649595965419078, 40.118503135419964], [-7.649213358620028, 40.11864680989433], [-7.648837251554663, 40.118915963277146], [-7.648564260173683, 40.11919994830397], [-7.64839232814028, 40.11949246643636], [-7.648287340541887, 40.11959190215553], [-7.648129643926859, 40.119879165050214], [-7.648051567103689, 40.12008741332631], [-7.647884518528132, 40.12033608849783], [-7.647844003863795, 40.12049127058516], [-7.647840620426383, 40.12073666779429], [-7.647801586056756, 40.1209317533392], [-7.647713868310174, 40.1210763807078], [-7.645849704684956, 40.128199980825435], [-7.646026970954543, 40.128845452960775], [-7.646046448716124, 40.128992958551855], [-7.646288208558913, 40.129594304843664], [-7.646332411186119, 40.12974641817241], [-7.646525156564604, 40.12999686835156], [-7.646698972898124, 40.130104585503474], [-7.64765061532568, 40.13420875412117], [-7.645993197787641, 40.13606928073831], [-7.645570250212598, 40.136490512159604], [-7.645181477735256, 40.136759056267856], [-7.644478236557646, 40.13715938472428], [-7.643871462962776, 40.13767106589052], [-7.643289409172106, 40.13798967213677], [-7.642564768594765, 40.13849094482677], [-7.642250799346613, 40.13873223677359], [-7.641843244847853, 40.13912821741925], [-7.641435893320551, 40.13946330930037], [-7.641311888045278, 40.13952528745158], [-7.641064509095721, 40.13970832129776], [-7.640887446196418, 40.13973990008686], [-7.63630147956097, 40.142584429828396], [-7.62950664394105, 40.14556079869387], [-7.629042090072407, 40.14573044002173], [-7.62875719747213, 40.14591616406872], [-7.628663554406989, 40.14601032094719], [-7.628450923109058, 40.14655028679754], [-7.628405585529234, 40.146698685827324], [-7.628284065420814, 40.146897637931175], [-7.627830847592285, 40.14753310309298], [-7.627476640682113, 40.1478228990189], [-7.626532128602093, 40.14841290144066], [-7.626343865680224, 40.148542938022], [-7.625949236211505, 40.14872664553128], [-7.625545994596947, 40.14890049569769], [-7.625342472748491, 40.149014164859935], [-7.617387235165065, 40.15393342278233], [-7.618665597832663, 40.1543074244394], [-7.619868264330681, 40.154792304708494], [-7.620800090294971, 40.15597870265888], [-7.621071169888054, 40.15720829027949], [-7.623087009634152, 40.15801560983552], [-7.62625586905073, 40.15991781397391], [-7.6255094272281, 40.16068230330252], [-7.625579459831049, 40.16204924106755], [-7.626817081954504, 40.16253059880881], [-7.628034540602079, 40.16304274374278], [-7.628978273885861, 40.164065577942274], [-7.629479511022171, 40.16382549646589], [-7.629935249298686, 40.163530816840144], [-7.630318205672327, 40.16333209498766], [-7.630367383817518, 40.16328448907975], [-7.6309751017092, 40.1629932551378], [-7.631340113013191, 40.16288820062577], [-7.631853078187865, 40.16264672047786], [-7.632042851466387, 40.16257125751519], [-7.6322365152031, 40.162461500440884], [-7.632880218636165, 40.162254890019554], [-7.633142482203715, 40.162218014323244], [-7.633559398819367, 40.16206049155769], [-7.634044390468213, 40.16179069071748], [-7.634374919633127, 40.16166377827729], [-7.635076550388639, 40.1613023209728], [-7.635273323375568, 40.1612311155603], [-7.635596245124481, 40.16103662272862], [-7.636526028562685, 40.160661271549834], [-7.636920049742118, 40.1605343512059], [-7.637033284805905, 40.160473777358675], [-7.637648892808944, 40.16007474232912], [-7.638275338857938, 40.159701149623714], [-7.638538572450644, 40.159577360745686], [-7.638931400058242, 40.159418276477766], [-7.639558280964363, 40.159243976351746], [-7.640181830212921, 40.159089918296985], [-7.640819709404497, 40.15888629892473], [-7.641197718587983, 40.15873092820639], [-7.641481739649722, 40.15858713686398], [-7.642155746595452, 40.15827172200393], [-7.642496610025528, 40.15817157217015], [-7.643077679772922, 40.15804794211479], [-7.643340657013059, 40.158039413046204], [-7.643468675103565, 40.158060848148295], [-7.644390874343219, 40.158259166185964], [-7.645062716022781, 40.158441563978435], [-7.645452957401049, 40.158511829497215], [-7.646088962086839, 40.15865075294004], [-7.646739321737392, 40.158751729208035], [-7.647074795847374, 40.15881617284348], [-7.64739253212491, 40.15891512464273], [-7.647802631223582, 40.15908173406813], [-7.648061796728457, 40.159165307721715], [-7.648719640721304, 40.15928765089748], [-7.649388235680999, 40.15943425570686], [-7.649772849855758, 40.15953825437053], [-7.650053276240918, 40.1596863062683], [-7.650283405394831, 40.15987557487987], [-7.650455618857222, 40.16065466063038], [-7.650505386174462, 40.16080490356238], [-7.650742521345717, 40.16116693166953], [-7.65109361138071, 40.16166568927064], [-7.651239703704135, 40.16190495170167], [-7.651442474783451, 40.162148046687726], [-7.651735158585788, 40.162407098945735], [-7.65207496842511, 40.162625996255], [-7.652400743998897, 40.16280358821672], [-7.652733948499985, 40.16294365281357], [-7.653404412616907, 40.16319858573785], [-7.654419489529067, 40.163424310975245], [-7.654765254406052, 40.16346401137422], [-7.65504006040793, 40.16346262109563], [-7.655652341655719, 40.16337669796948], [-7.656131108735286, 40.163365785600135], [-7.656469559979724, 40.16332745886411], [-7.657245788472173, 40.16319609282082], [-7.657756260298927, 40.16318269141632], [-7.658085854571818, 40.16315089608903], [-7.658338796260209, 40.163103210752105], [-7.65865914746644, 40.16298266875309], [-7.658809255505527, 40.16283414706558], [-7.658858153916703, 40.16268854285798], [-7.65902586022908, 40.162439584490926], [-7.659345139372031, 40.16218421975807], [-7.659681297796389, 40.16194999693861], [-7.660023239918473, 40.16174515687778], [-7.660340120670828, 40.161513193985726], [-7.660781335169971, 40.16110801284541], [-7.660802666627874, 40.1610099373978], [-7.66101838736568, 40.16055457663482], [-7.661066369365185, 40.16030207039643], [-7.661054424704209, 40.15980499162984], [-7.660998587168813, 40.15951126085984], [-7.660923821402434, 40.15922133170195], [-7.66090924080467, 40.15902089189509], [-7.660829974362073, 40.15849940532472], [-7.660770905319313, 40.15753383001883], [-7.660753332724743, 40.15747801000456], [-7.660703596917452, 40.15692989524801], [-7.66069889957398, 40.15657270109492], [-7.660783709019744, 40.15589986211554], [-7.66079517336598, 40.15556534404977], [-7.660889854278338, 40.15485597936076], [-7.660933289778136, 40.154649651076475], [-7.661057772547951, 40.15433350736878], [-7.661193579183426, 40.154059384389285], [-7.661354324627742, 40.15381012368349], [-7.661535364282419, 40.15356319867121], [-7.662318886793106, 40.15264354703306], [-7.662403781914596, 40.15245026421688], [-7.662529948530972, 40.15234837532628], [-7.663030071788066, 40.151727829950886], [-7.663368952809884, 40.15132618435718], [-7.66352681511926, 40.15117120519672], [-7.663855880038264, 40.15088263258013], [-7.66409524251642, 40.15070204404753], [-7.664351643057016, 40.150552588982265], [-7.664730219395942, 40.15038606246387], [-7.665508654403578, 40.15006228667172], [-7.665957397838374, 40.14981075343507], [-7.666346762164042, 40.149609415830625], [-7.66661524255674, 40.14942587468594], [-7.667197560435507, 40.148980169446006], [-7.667920270045778, 40.148459643087264], [-7.668566663593001, 40.1479767263374], [-7.668835286561708, 40.14778696556098], [-7.669257912061262, 40.147593041706905], [-7.669933923045453, 40.14730980072345], [-7.67161460165218, 40.14655693194552], [-7.672307545935296, 40.14631706298533], [-7.67256514354652, 40.14624694099596], [-7.673928239030645, 40.14594469118962], [-7.674607795639823, 40.14581003366019], [-7.674950494498771, 40.14575239406761], [-7.675291741472356, 40.145719699528506], [-7.675561290784771, 40.14572183750435], [-7.675962001267663, 40.145763939565974], [-7.676635834902781, 40.1458003591629], [-7.676959681352616, 40.14580730633329], [-7.677282365757995, 40.14577813157097], [-7.677682356256778, 40.14571755822428], [-7.677947679469576, 40.14564817419796], [-7.678390095697069, 40.14549005088434], [-7.678593285074759, 40.14535827599107], [-7.678796864487198, 40.145149688938346], [-7.679003204896879, 40.14484402577521], [-7.679267043503781, 40.14432496523374], [-7.679410358027082, 40.14380714571962], [-7.679560947558389, 40.14332420921224], [-7.679596134024742, 40.14307866802043], [-7.679515527573364, 40.1426168012014], [-7.679407552209696, 40.14231720756539], [-7.679289631746784, 40.14206800624306], [-7.679091835893147, 40.141812185701944], [-7.678840502924155, 40.14159677785691], [-7.678451628478963, 40.14132985326271], [-7.678194350848921, 40.14119664030456], [-7.677770644388606, 40.14106970975256], [-7.677032215848164, 40.14096046092505], [-7.676277591428172, 40.14086942103526], [-7.67553744444467, 40.140753934603296], [-7.674824195302089, 40.1406185567279], [-7.674478418566544, 40.14056063956398], [-7.674151286097548, 40.14048703308282], [-7.67383539474988, 40.140382756435194], [-7.673594422287748, 40.140269501028044], [-7.673171082752624, 40.140019627749986], [-7.672890720264748, 40.139762388798225], [-7.672754674027488, 40.13959470336238], [-7.672661418003685, 40.139397914129496], [-7.672577755820654, 40.13901402690083], [-7.67258120879961, 40.1389186660061], [-7.672653736334873, 40.13870785444781], [-7.672933237103774, 40.13820148111337], [-7.673109535384465, 40.13794920396074], [-7.673282041499057, 40.137807232366185], [-7.673695944127505, 40.13760759248913], [-7.674070860067374, 40.13751702957581], [-7.674714946672829, 40.137445000047414], [-7.674916719111308, 40.13743517245783], [-7.675388318523966, 40.13745080841526], [-7.675771820497244, 40.13751445824271], [-7.676337980393617, 40.13770841831947], [-7.676752081446193, 40.13788304505102], [-7.677146505250311, 40.13798203933435], [-7.677424370146244, 40.13799915732134], [-7.678060539148643, 40.13797013090952], [-7.678743888458362, 40.13790471392391], [-7.67901502160717, 40.13785732098398], [-7.680030426722347, 40.13759867518021], [-7.680340876381533, 40.13756836140645], [-7.681296168183706, 40.13761575953729], [-7.681940138860679, 40.13768463226743], [-7.682260015569815, 40.137771966706126], [-7.682944648981407, 40.13802849484807], [-7.683282314763927, 40.13819506229367], [-7.683624887682882, 40.13838379339555], [-7.684242555249116, 40.13868986123702], [-7.684621904668264, 40.13894231743065], [-7.684985838252892, 40.13922064891288], [-7.685212753181953, 40.13942163685313], [-7.685510912923802, 40.13972763425194], [-7.685669125884329, 40.13993870894026], [-7.686067343751919, 40.1406106341715], [-7.686196385429204, 40.14092156494948], [-7.686385678983688, 40.141495243722225], [-7.686567554641503, 40.14200045115792], [-7.686738160752482, 40.142506874758254], [-7.686936976570905, 40.1430071953716], [-7.687066641724011, 40.14324184094504], [-7.687272609095091, 40.14352685672392], [-7.687439029129765, 40.14372256123925], [-7.68768868578185, 40.14393065185029], [-7.68817978427544, 40.144239816664424], [-7.688497481628207, 40.14439809307165], [-7.689112992917099, 40.144686376676916], [-7.689772789313796, 40.14500545301368], [-7.690040740369829, 40.14509013821135], [-7.690454358307846, 40.145097293821664], [-7.690704006785528, 40.1450734797633], [-7.691017538760081, 40.14496939518683], [-7.691202895496374, 40.144796465704374], [-7.691371969440625, 40.14460095988721], [-7.691755979340677, 40.14410286438642], [-7.69196386970835, 40.14385653205479], [-7.6922191894956, 40.143605965220296], [-7.692405267807244, 40.14344816917305], [-7.692760313820303, 40.143090722682466], [-7.693002788930765, 40.14282974931363], [-7.693518797905938, 40.14238645334118], [-7.694264913857628, 40.14157757226923], [-7.694673033471138, 40.141065502578684], [-7.69481617053007, 40.14094023242261], [-7.694920867623771, 40.14077122521323], [-7.694990326884527, 40.14046078597733], [-7.695157183490662, 40.14005786387438], [-7.695285573092983, 40.139871746369764]]], "type": "Polygon"}, "properties": {"geo_point_2d": {"lon": -7.662933514187491, "lat": 40.13733179305193}, "year": "2024", "dis_code": "05", "dis_name": "Castelo Branco", "con_code": "0504", "con_name": "Fundão", "fre_code": "050424", "fre_name": "Silvares", "fre_name_upper": "SILVARES", "fre_name_lower": "silvares", "fre_area_code": "PRT", "fre_type": "parish", "fre_name_long": "Silvares"}}, {"type": "Feature", "geometry": {"coordinates": [[[-7.638985236945991, 40.080199849612036], [-7.64016912652158, 40.08077135019681], [-7.640536123714278, 40.08088043860873], [-7.640918986599984, 40.081084062765655], [-7.641260680154777, 40.08120744558846], [-7.642022200367963, 40.081366287723874], [-7.642293719366874, 40.08146677119485], [-7.642726866795091, 40.081656551229194], [-7.642998619812575, 40.081806295135316], [-7.643431239994764, 40.081971396523954], [-7.643655502477601, 40.08204042436015], [-7.644158059450826, 40.08208279905761], [-7.644503074860572, 40.08220240651074], [-7.644846909841181, 40.082208082782024], [-7.645145760418995, 40.08229129135525], [-7.645336143672631, 40.08242546952646], [-7.64566234696646, 40.08273502120284], [-7.64592215349703, 40.0829345103246], [-7.646268903227608, 40.08322433255518], [-7.646438269760484, 40.083430194892884], [-7.646541383748633, 40.08363749616027], [-7.646751832580264, 40.083853167013295], [-7.646891821241366, 40.08406872367749], [-7.647161281933605, 40.08436227146967], [-7.647577363784728, 40.08466481065848], [-7.647714525109299, 40.08475093988021], [-7.647979858093943, 40.08485002957744], [-7.648246110924499, 40.08486915094157], [-7.648367807160982, 40.08490370387681], [-7.648762455915056, 40.08508799114615], [-7.648802439997774, 40.085286914668934], [-7.648811803354127, 40.08563755508758], [-7.648767438461176, 40.08574373057439], [-7.648592216781136, 40.085850263887586], [-7.648401300432919, 40.0858551389738], [-7.648243010412931, 40.08593832517645], [-7.648236045678678, 40.0862442301502], [-7.648118451493244, 40.0867069114767], [-7.648145408433244, 40.08680843288697], [-7.648428652215335, 40.08704538933771], [-7.648595243927836, 40.087248449444736], [-7.648737728326392, 40.08764305002751], [-7.648736679549322, 40.08774238099482], [-7.648660278966705, 40.0880510557775], [-7.648629727008544, 40.088425846220055], [-7.648589014845203, 40.088694416035395], [-7.648596994386541, 40.08884304669229], [-7.648743716352405, 40.089253335337226], [-7.648929778452203, 40.089605074473006], [-7.648994115460568, 40.08999313918151], [-7.64923987291339, 40.09052695303824], [-7.649483041524804, 40.09087919542792], [-7.649767824943633, 40.091134256966875], [-7.649826424135019, 40.09123806868271], [-7.6498404336371, 40.091413744156654], [-7.649765518309586, 40.091744131033686], [-7.649834366508568, 40.092274862702794], [-7.649823650309284, 40.092697559608496], [-7.649847956076869, 40.09275962048761], [-7.657194682360196, 40.09501888687865], [-7.657439065486622, 40.095035919576915], [-7.657827854346073, 40.09496005581441], [-7.658364207554081, 40.0948958730138], [-7.658552118343781, 40.094989760533835], [-7.659155264669173, 40.09510173753272], [-7.659376099511868, 40.095080660877585], [-7.659855656247595, 40.094902763296744], [-7.660167161564208, 40.0948959283841], [-7.660379236286773, 40.0949555996505], [-7.660699687236954, 40.095096764759035], [-7.661087181854493, 40.09544758534475], [-7.661280255132419, 40.0955594996695], [-7.661493215121568, 40.09562709957938], [-7.662000373366957, 40.09581828032087], [-7.662127097427132, 40.095892821352905], [-7.662148286148808, 40.09605159497185], [-7.662323089287568, 40.09600672892344], [-7.662588937495166, 40.095903698902504], [-7.662916323141444, 40.095855760101315], [-7.663107966924191, 40.095885265204956], [-7.663232527289642, 40.0959335869966], [-7.663614328771073, 40.0961937819893], [-7.663864478650722, 40.09634473827914], [-7.664048854858224, 40.09647840996397], [-7.664247267946139, 40.09658214910531], [-7.664503746640477, 40.09666567561532], [-7.664693757734809, 40.09667769805676], [-7.664890769746678, 40.096660480799066], [-7.665210178494037, 40.09666509739808], [-7.665541485889515, 40.096730644385275], [-7.666013549038912, 40.0968423248538], [-7.666882427441256, 40.096923980324114], [-7.667543932394871, 40.096856296983916], [-7.667739643173871, 40.09677098521523], [-7.66793189024702, 40.09664368855552], [-7.668062252981671, 40.096597468188904], [-7.668192229730379, 40.0966089736675], [-7.668768467268057, 40.096611547170106], [-7.669026784921392, 40.09670209662388], [-7.669671237576657, 40.09702293888007], [-7.669935108434831, 40.09731532930708], [-7.66999833620416, 40.097347641664946], [-7.670508112299371, 40.097451528421225], [-7.670768425038754, 40.09745481835246], [-7.671156815954892, 40.09733396656546], [-7.671414791376949, 40.097284289559795], [-7.671662744105683, 40.097278248434236], [-7.671859423879733, 40.09715357465489], [-7.672230342725531, 40.09696196070432], [-7.672518899942258, 40.096723906474324], [-7.672710099410905, 40.09662839157744], [-7.672963506155647, 40.0965776104297], [-7.673501136823023, 40.096567035673736], [-7.673830185932514, 40.096515740402936], [-7.674359834254779, 40.09647082255764], [-7.674756287434557, 40.09656352462537], [-7.675472194715272, 40.0965832721669], [-7.675998968167074, 40.09665316105336], [-7.676193275513009, 40.09668940862502], [-7.676440451837707, 40.09669317254402], [-7.676771237994945, 40.09666213836199], [-7.677301878978775, 40.09657325719463], [-7.677494043011976, 40.09647359812409], [-7.677756597320635, 40.09636880376296], [-7.678261725054782, 40.096254243550696], [-7.678393041537382, 40.096205227028314], [-7.678713397214906, 40.096136950663386], [-7.679024264531729, 40.09601514687623], [-7.679488220349107, 40.0959018599507], [-7.679688975195337, 40.09583203802304], [-7.680334750406691, 40.09554969615379], [-7.680640471147757, 40.09542453116645], [-7.681268905663725, 40.095280625930926], [-7.681470631807182, 40.09520612337069], [-7.681816526616758, 40.09512217566878], [-7.682026084682843, 40.095050400849196], [-7.682473589027401, 40.09485112419454], [-7.682733191051988, 40.09480179029907], [-7.683195502497193, 40.09465128728866], [-7.683637290144411, 40.09458941552784], [-7.684285641402427, 40.094554180869174], [-7.684809996303104, 40.09449091158674], [-7.685079326746783, 40.09449564339881], [-7.68567008626894, 40.09437264435525], [-7.686064942635929, 40.0942070102746], [-7.686311404805036, 40.094049544672714], [-7.686633894706302, 40.09392019566395], [-7.68688970595599, 40.093857235151944], [-7.687023976687405, 40.093713117667605], [-7.68727423606069, 40.0935474619501], [-7.68792406291516, 40.09322943478282], [-7.688186769010604, 40.09306040712961], [-7.688309945601768, 40.09290750518449], [-7.688620798961301, 40.09267372719137], [-7.689147164264759, 40.09247814858151], [-7.690189780992417, 40.092144399313455], [-7.690641192146705, 40.09195051037911], [-7.691084660991214, 40.091879336774866], [-7.691730241228088, 40.09181505766049], [-7.691992408414448, 40.09181947410731], [-7.692576062129899, 40.09188553887573], [-7.693334423699846, 40.091934248502234], [-7.693843996352487, 40.09201362378143], [-7.694483246693834, 40.09222371033306], [-7.694794627424686, 40.092233892310794], [-7.695088573389338, 40.09245960869194], [-7.6951813998608, 40.09255758301112], [-7.695363436122141, 40.092679575718826], [-7.695866122494508, 40.09290211432505], [-7.696131169128874, 40.09297038398178], [-7.697396667235541, 40.09332159152305], [-7.697774923344348, 40.093438099704066], [-7.698152375183743, 40.0934777895827], [-7.698529130743639, 40.093590328823915], [-7.698656252776719, 40.0936077378801], [-7.699103326784805, 40.09361552621298], [-7.699364438906746, 40.09369476466287], [-7.699670183133533, 40.09376317860889], [-7.69986687506228, 40.09377544033268], [-7.700972456469831, 40.09380908824673], [-7.701227645351164, 40.09384299927724], [-7.701679991468366, 40.09396400735393], [-7.701940862864561, 40.093952005533986], [-7.702333440769014, 40.09378775109806], [-7.702454923426452, 40.09363870216749], [-7.702504151129425, 40.09328720051256], [-7.702613048158926, 40.09314405218354], [-7.702738350553056, 40.09305868782251], [-7.703131080977088, 40.092886777005404], [-7.703466281342765, 40.092821007960666], [-7.703791599547043, 40.09287147161752], [-7.704118509676229, 40.09296841037023], [-7.704778780423913, 40.092917347275716], [-7.7050385384954, 40.0928760666193], [-7.705366159367318, 40.092783340593094], [-7.705957672339214, 40.092662762424894], [-7.706274101265237, 40.092560356119506], [-7.706736880685322, 40.092455691367995], [-7.707065263025529, 40.09244645355907], [-7.707851986227693, 40.09244482705983], [-7.708103369789836, 40.092543727880646], [-7.708357563808352, 40.092585454788534], [-7.708999640282842, 40.09247999644994], [-7.709420379010834, 40.092326715589394], [-7.710084968993081, 40.09216333484588], [-7.710546180227408, 40.09208314818535], [-7.710816353129079, 40.09208277984802], [-7.711087494204952, 40.09203900092086], [-7.711632785030252, 40.09205358840546], [-7.712288075168472, 40.0921809626389], [-7.712559521957146, 40.09216420391975], [-7.713069402587495, 40.09200591803455], [-7.713345300942193, 40.0919702573827], [-7.713806706965492, 40.09183800727559], [-7.714126667631569, 40.09180709911728], [-7.714607552227529, 40.091806846272284], [-7.714751324941579, 40.09178538644088], [-7.715023690091767, 40.09165632205846], [-7.715295016706273, 40.091561926442665], [-7.715482837883407, 40.091470018316684], [-7.715943444896098, 40.09129551407931], [-7.716464950531786, 40.091015676554385], [-7.716655026674626, 40.0909003580825], [-7.716810133929688, 40.09075006574751], [-7.716898162453914, 40.0906001617196], [-7.71702508324254, 40.090515687347875], [-7.717295841018275, 40.09037868561109], [-7.717682879397039, 40.09009277874185], [-7.718050344383407, 40.089747001367776], [-7.718413046178602, 40.089451460235324], [-7.718806421222546, 40.089046690979224], [-7.718990985103341, 40.088910279322555], [-7.719439864174886, 40.08861386768444], [-7.719591304781698, 40.08842780185164], [-7.719717544775533, 40.0883373798843], [-7.719908858888436, 40.0882482697406], [-7.720113496535228, 40.08818451550228], [-7.721119301264145, 40.08810702851574], [-7.721257896676724, 40.088087525292096], [-7.721994040507211, 40.08792694122193], [-7.722402596335462, 40.08789938659119], [-7.722608083064762, 40.08787057161125], [-7.723061346452492, 40.08777868545717], [-7.723733946240652, 40.08753708583671], [-7.724155018810775, 40.08739618252218], [-7.724619464788735, 40.08727731166407], [-7.724897268153798, 40.08717273586916], [-7.725625565560403, 40.08694789076722], [-7.725761476585071, 40.08692648143784], [-7.726082447027666, 40.08691715639366], [-7.726420723056544, 40.08685674240329], [-7.727080874367396, 40.086714408823184], [-7.727336746939073, 40.08661038431106], [-7.727507491954025, 40.0864671515637], [-7.72770913662155, 40.08617372154001], [-7.727746370021458, 40.08598391565457], [-7.727843581146812, 40.0856842641549], [-7.727940868936862, 40.085489805920645], [-7.728072677445432, 40.08534788158099], [-7.728196996649413, 40.085262757139496], [-7.728456044065356, 40.08513559122244], [-7.728773987919931, 40.08504240291587], [-7.729093047374773, 40.08507809478228], [-7.729352856951946, 40.08515951091364], [-7.729797370220073, 40.085275607058406], [-7.730306885353733, 40.08546424774249], [-7.730619675788788, 40.08556943653411], [-7.730879330467284, 40.0855582658421], [-7.731451936824042, 40.08542461380351], [-7.731582746876097, 40.085551959518504], [-7.73178110492882, 40.08545637156635], [-7.732043711636954, 40.0853616361558], [-7.732756725609255, 40.08507644013803], [-7.732881448617401, 40.085042014190414], [-7.733203161077026, 40.085044473461245], [-7.73339593426095, 40.08510286293543], [-7.733765836681461, 40.085287315025965], [-7.733957476961077, 40.08535839725838], [-7.73440431763874, 40.08537758249282], [-7.734848808639192, 40.08521672741835], [-7.735295618850907, 40.08509982621475], [-7.735747241491097, 40.084859558992946], [-7.735914208758971, 40.08471657280217], [-7.736082910690694, 40.08451685612501], [-7.736313023274551, 40.08434310500859], [-7.736524320046269, 40.084055363627364], [-7.736536683422083, 40.08390428565753], [-7.736441618610243, 40.08349365349703], [-7.736443427606544, 40.08328255830936], [-7.736616494775661, 40.08303665750247], [-7.736931726646496, 40.08284076958838], [-7.737124907193193, 40.082745151109236], [-7.73867832705251, 40.08181947904793], [-7.739247162542438, 40.081497731274304], [-7.739355796246245, 40.08140461522736], [-7.739509198269698, 40.08121123840156], [-7.739603614598376, 40.08102072126348], [-7.739740936524013, 40.08058529819397], [-7.739822524859291, 40.080383207765706], [-7.739972129120389, 40.08023817891373], [-7.740158428882581, 40.07999204558109], [-7.740527481757117, 40.07964628609922], [-7.74083157284984, 40.07926194963833], [-7.740879729883554, 40.07916331465122], [-7.7408974672742, 40.07901369883769], [-7.740856104468172, 40.07859928006729], [-7.740882083921685, 40.07840240773612], [-7.740977991395266, 40.078256748107506], [-7.741172438934226, 40.07804035785988], [-7.741498319923339, 40.07780000618521], [-7.742079419785933, 40.07733310917666], [-7.742221343012688, 40.07713599017102], [-7.742269094941571, 40.076984764213506], [-7.742293994087015, 40.076483034196656], [-7.742337277358278, 40.07633430760516], [-7.742576301466191, 40.07608880013166], [-7.742886938349754, 40.07592998602097], [-7.743147800554264, 40.07590609059798], [-7.744162879435255, 40.07597514094857], [-7.744818402294835, 40.07604622989936], [-7.745142632664724, 40.07609404765512], [-7.745797276491384, 40.07613423288829], [-7.746118617668913, 40.07617384995785], [-7.746756167512338, 40.07623108325328], [-7.747029851409926, 40.07621965289309], [-7.747420836038542, 40.07615592891404], [-7.747807003861864, 40.076072460751995], [-7.748271120611175, 40.075928009160926], [-7.748457889697816, 40.07584108618395], [-7.748704195651076, 40.075547494301915], [-7.7491761265806, 40.07505291530156], [-7.749451701261501, 40.07470195839422], [-7.749685749508474, 40.07446100914185], [-7.750102525228589, 40.07397416991735], [-7.750522711743648, 40.07350417901942], [-7.750980247377773, 40.07283220947602], [-7.751085451591289, 40.07273763266987], [-7.751214745096069, 40.072676997030065], [-7.752563813841383, 40.07229280722249], [-7.752939743422179, 40.07223288588203], [-7.753253265707313, 40.07224354718125], [-7.753891705881699, 40.07232497040153], [-7.754338083336942, 40.072370910690715], [-7.754716127142393, 40.07239519888629], [-7.755171774101029, 40.07243999905573], [-7.75549466242258, 40.072453744200786], [-7.755821108065889, 40.072415987213795], [-7.756063246038961, 40.07234048886842], [-7.756320871498231, 40.0721988486027], [-7.756435366663648, 40.07209880073966], [-7.756550485627501, 40.07190500447789], [-7.756597040789571, 40.07160255689991], [-7.756652749409967, 40.07059154444992], [-7.7567030150925, 40.07008241983392], [-7.756766509394571, 40.069790197664744], [-7.756864240485817, 40.0696036421295], [-7.757039465157164, 40.06941508206878], [-7.757235808709975, 40.06928711096237], [-7.757557439586681, 40.06914234325601], [-7.75775135229483, 40.06909343387328], [-7.758071975090579, 40.06906799083189], [-7.759034177766232, 40.0690807237723], [-7.759350224045013, 40.069012748417066], [-7.760299099188092, 40.06871607604548], [-7.760611288548309, 40.06853722474623], [-7.76081687360388, 40.06834623483644], [-7.760918351848582, 40.06820192087486], [-7.761020711499492, 40.067915139184535], [-7.761041320227158, 40.067723558210226], [-7.761028181269602, 40.067574644930744], [-7.760857003105344, 40.06708300173108], [-7.760802067227463, 40.066881270443574], [-7.760821036268719, 40.06673363198674], [-7.760877576742994, 40.06663925271304], [-7.759954585770505, 40.06517597378886], [-7.759729778564257, 40.065195428477324], [-7.759477744872788, 40.0652641445553], [-7.759227159073404, 40.06530269894511], [-7.75892138994355, 40.06518724739916], [-7.758803361577977, 40.06512094714388], [-7.758606160992891, 40.06495820159874], [-7.758531707174691, 40.06483341333382], [-7.75838819995657, 40.06468939439283], [-7.75808105224794, 40.064461001910516], [-7.757769815606811, 40.064339229874804], [-7.757641987896424, 40.06432981411373], [-7.757391678240297, 40.06436142536402], [-7.757269578677251, 40.06433347347315], [-7.757108952285244, 40.064084390283874], [-7.756976984529674, 40.063696975775336], [-7.756939745956945, 40.063647319707314], [-7.756749536483884, 40.06359915893896], [-7.756623087766853, 40.06353093151861], [-7.756348988790497, 40.06328462967167], [-7.756048063048939, 40.0630576965686], [-7.755886392549252, 40.06291532743486], [-7.755846482432617, 40.062819192806735], [-7.755882154751134, 40.06272564856395], [-7.755565409002261, 40.06260583578398], [-7.755201745314572, 40.06242759624643], [-7.754957536063062, 40.06228946228143], [-7.754827844263324, 40.06225778874338], [-7.753971711935741, 40.062178449459616], [-7.753850382334139, 40.06211870686318], [-7.753765627788273, 40.061929304659216], [-7.753751070545008, 40.06174265125882], [-7.753715478583259, 40.06169300673877], [-7.75346369822528, 40.06156781175954], [-7.753019693059657, 40.06142307842134], [-7.752635949046708, 40.061275208147244], [-7.752287737169491, 40.061061255189], [-7.751664760634731, 40.06091655956309], [-7.751418828342683, 40.06083866035004], [-7.751103994544464, 40.060777378405035], [-7.751027416728878, 40.060742543480586], [-7.746465724172766, 40.05924032396004], [-7.726393953325829, 40.058550498032204], [-7.726005498733425, 40.058538153532936], [-7.725939093088668, 40.05850982484725], [-7.725637302037114, 40.058271547609], [-7.725510195703123, 40.058202927272276], [-7.725295587517435, 40.05818470659825], [-7.725093888094861, 40.05822290717589], [-7.724894778079734, 40.05831875176058], [-7.724717217778314, 40.05851590106953], [-7.724520664160414, 40.058654263556015], [-7.724198397245132, 40.058764803634546], [-7.723716672023197, 40.05884641665891], [-7.723451126891491, 40.05884044004004], [-7.723186521527548, 40.058872647359436], [-7.722709440082185, 40.05904045978078], [-7.72245296105479, 40.05904603715042], [-7.721875168592635, 40.059022296626985], [-7.721554971760291, 40.05898198687055], [-7.721423401771219, 40.05893514178871], [-7.721104471345876, 40.058703550029854], [-7.720755192191946, 40.058686189271064], [-7.72027780418826, 40.058766722700796], [-7.720013254573292, 40.0588679130423], [-7.719829021000774, 40.059060883730304], [-7.719593560677048, 40.05923620492798], [-7.719461082977996, 40.059280497568864], [-7.719187171262761, 40.05932067971883], [-7.718632667131776, 40.05932176569807], [-7.718441721530999, 40.059285873227886], [-7.718250920867523, 40.059207561492336], [-7.717907494576181, 40.05891922778829], [-7.717667538958549, 40.05875095114408], [-7.716844510563643, 40.05803851350541], [-7.716719265597918, 40.057973312528134], [-7.716575837605931, 40.05796919634163], [-7.715765967459169, 40.05806590249155], [-7.715507708011189, 40.0580762330944], [-7.715316007948212, 40.05810733518861], [-7.7150435691702, 40.058194163389395], [-7.714859455047486, 40.05832688323084], [-7.714653565486001, 40.05839819281896], [-7.714458603117132, 40.05836903382714], [-7.713967035142613, 40.05817930532158], [-7.713703785240528, 40.05812432256829], [-7.71351067218607, 40.05811831246563], [-7.713183112404348, 40.058191431149076], [-7.712995783109755, 40.05842743234355], [-7.712860170345202, 40.058487101039034], [-7.712542834924473, 40.05847811877098], [-7.712362569418556, 40.0583643525841], [-7.712207957336678, 40.058157737613634], [-7.712098004924783, 40.058064485574924], [-7.711834873265896, 40.05802868372878], [-7.71152409510127, 40.05784932594013], [-7.711238073357661, 40.05762827381532], [-7.711193664252945, 40.05747356979678], [-7.711207921863705, 40.05727098880937], [-7.711194202822623, 40.05702326929393], [-7.711024654119123, 40.05663486036168], [-7.710989585090259, 40.056372384924195], [-7.710942880603715, 40.05626756963886], [-7.710816186476901, 40.056191365986756], [-7.710555072766328, 40.056171867772875], [-7.709791250360309, 40.056024452852846], [-7.70947720109064, 40.05603708877378], [-7.709216963634839, 40.05616024777766], [-7.708821360843184, 40.05616916300923], [-7.70856974696231, 40.0562614568166], [-7.708436441068855, 40.05626997344165], [-7.708327175052376, 40.05619924089687], [-7.708272792158256, 40.05610501994497], [-7.70804250258575, 40.05591450838472], [-7.707795592077954, 40.05581616199812], [-7.707672247019147, 40.05572961562715], [-7.707282461445246, 40.05521664615631], [-7.707243365343978, 40.05511401698733], [-7.707105280776276, 40.05491006763528], [-7.707053168584423, 40.05471399218554], [-7.70691536029916, 40.05458011084061], [-7.706479986184717, 40.05448394926492], [-7.706082223629273, 40.05446447988645], [-7.705811390438522, 40.05442548025077], [-7.705684028674658, 40.054383317765286], [-7.705499046968582, 40.05427744339284], [-7.705260619304582, 40.05402242176627], [-7.7051410794382, 40.053928498154505], [-7.704939900026273, 40.0538456230978], [-7.704549559065599, 40.053783664529774], [-7.70429503850588, 40.0536853734787], [-7.703840886880505, 40.05342639727578], [-7.703454284271115, 40.05332842728361], [-7.703187042286253, 40.053240528259565], [-7.702988335417808, 40.05319530706828], [-7.702725633039337, 40.053187038408645], [-7.70230351752273, 40.05324095514684], [-7.702044300076272, 40.053293943690086], [-7.70115207724573, 40.05327883268675], [-7.700880434691808, 40.05325783515617], [-7.700619346236213, 40.053329272372885], [-7.700288006836012, 40.05329678850924], [-7.699825688586837, 40.05310954445872], [-7.699372192992418, 40.052990507551286], [-7.699196439958171, 40.0528544882199], [-7.699149124353919, 40.052757229158885], [-7.699036473909479, 40.05265044726628], [-7.681345795960647, 40.04942694175615], [-7.681316273966718, 40.04954957942024], [-7.681065782180991, 40.05025386612743], [-7.68058672635229, 40.05082136442778], [-7.680524208230812, 40.05088308200376], [-7.679551249872106, 40.05250613731027], [-7.679271238384714, 40.05299037871299], [-7.678763252817231, 40.053833517965735], [-7.678266592898833, 40.05418542207985], [-7.677949459219352, 40.05446940323201], [-7.677635691891981, 40.05484534504344], [-7.677062438004615, 40.055187220733245], [-7.675811348857412, 40.05575157439528], [-7.674819851276877, 40.05619067750184], [-7.674442381457924, 40.05660733969299], [-7.67426442069316, 40.05684304322393], [-7.674147089333273, 40.05712609105648], [-7.673861272033598, 40.05796189153247], [-7.673511819351682, 40.05863830172433], [-7.673223653238292, 40.059525331923965], [-7.67305747110946, 40.05983934553918], [-7.672644795057471, 40.060292603756395], [-7.672297188563364, 40.06051565707127], [-7.672002207348457, 40.060895351238294], [-7.671766387952007, 40.06122682675896], [-7.671295624883229, 40.061548989876215], [-7.670694609446087, 40.06239785269288], [-7.670593115205895, 40.06255271096533], [-7.669917473424833, 40.0634629549562], [-7.669855743301055, 40.06363085467342], [-7.669346893351204, 40.06486777994526], [-7.669258888705865, 40.065280983473976], [-7.669306491050392, 40.06583512781075], [-7.669053414167281, 40.06673732876215], [-7.666555085300564, 40.069440202314254], [-7.665927219267486, 40.069306645903424], [-7.665216595649935, 40.06924111041992], [-7.664567700132879, 40.06944076889883], [-7.664240705698329, 40.06955355695971], [-7.663289487841171, 40.06990734565835], [-7.662538118751767, 40.07034785153526], [-7.662441561226008, 40.07042806601589], [-7.661373693973664, 40.0708147773094], [-7.661308785440742, 40.070844326565656], [-7.660483873551349, 40.07106594301139], [-7.66014425959771, 40.071187677605984], [-7.659736150194492, 40.071296430129294], [-7.659229208341382, 40.07140657998655], [-7.658586650606639, 40.071617578350526], [-7.658116300306424, 40.07179235820027], [-7.657963192402766, 40.07189602110488], [-7.657187880598546, 40.07234936071574], [-7.656751903589373, 40.07255390243705], [-7.655106143753888, 40.073211340828536], [-7.654776034625447, 40.07322664574328], [-7.654654202132313, 40.07333250025014], [-7.65385500757307, 40.07380940819663], [-7.653799424518355, 40.073829083364814], [-7.65301455017706, 40.07433513237033], [-7.65273527860658, 40.074472853929024], [-7.651709926093843, 40.07473149528283], [-7.651195413026355, 40.07479600969278], [-7.650016133077166, 40.075137485957804], [-7.649092903245044, 40.07524108589517], [-7.646513806262504, 40.075802740441425], [-7.646250891635162, 40.075863961995275], [-7.64591494693962, 40.07630339902814], [-7.64529374309592, 40.07676315858522], [-7.643605985852767, 40.077706552799], [-7.642953409830937, 40.0781390616576], [-7.64274294441961, 40.07814357996737], [-7.641935775861769, 40.07858452463004], [-7.640787661212324, 40.079418933524416], [-7.640491071894042, 40.07962815050163], [-7.640055588419314, 40.080010317064904], [-7.639080017325617, 40.08019232676152], [-7.638985236945991, 40.080199849612036]]], "type": "Polygon"}, "properties": {"geo_point_2d": {"lon": -7.698265688287322, "lat": 40.074589710311066}, "year": "2024", "dis_code": "05", "dis_name": "Castelo Branco", "con_code": "0504", "con_name": "Fundão", "fre_code": "050410", "fre_name": "Bogas de Cima", "fre_name_upper": "BOGAS DE CIMA", "fre_name_lower": "bogas de cima", "fre_area_code": "PRT", "fre_type": "parish", "fre_name_long": "Bogas de Cima"}}, {"type": "Feature", "geometry": {"coordinates": [[[-7.41000691031506, 40.22562043293382], [-7.410111611824243, 40.225552373325904], [-7.410227604251908, 40.22554949284471], [-7.410586078557293, 40.2256370082376], [-7.411039848748, 40.22562344242566], [-7.41148579116889, 40.22569438890497], [-7.411645987890869, 40.22568890346938], [-7.412273999854644, 40.22550845749614], [-7.412599587671986, 40.22532838538581], [-7.412743801530305, 40.22515673330589], [-7.412760595045546, 40.225068489831564], [-7.412932872049363, 40.224764536991806], [-7.413022301207056, 40.22467332773552], [-7.413178268868258, 40.22462305088398], [-7.413444770312346, 40.224619117502904], [-7.41373972107212, 40.22453593610397], [-7.414003100429117, 40.22442778934227], [-7.414518065871551, 40.22416954594523], [-7.414778689578921, 40.2240540820523], [-7.41501145582225, 40.22390693368328], [-7.415224168615797, 40.22374506667372], [-7.415559710498137, 40.22339871021492], [-7.415473770841893, 40.22315871678574], [-7.415370727779758, 40.22294726085733], [-7.414904816162016, 40.222586944010615], [-7.414729207911142, 40.222260568923474], [-7.414567803032933, 40.22213655501026], [-7.414373275171765, 40.22212238165041], [-7.414315669722709, 40.222070514728244], [-7.414309835966183, 40.22194385518439], [-7.414148624667098, 40.221890802564324], [-7.414081881193534, 40.2217690843254], [-7.413973579970524, 40.221711856372494], [-7.413826223360108, 40.22169266538892], [-7.413649746438196, 40.22162735856423], [-7.413528683529293, 40.22149918024455], [-7.413528714765883, 40.221373639604664], [-7.41357839837845, 40.221297128663956], [-7.413717080070372, 40.22120316032374], [-7.413804360602346, 40.22108095280843], [-7.413801385593322, 40.22096223783407], [-7.413707831101127, 40.22078794206325], [-7.413441153635613, 40.22050882203401], [-7.413084067840532, 40.22040331443486], [-7.413112709685758, 40.220060736102944], [-7.413080512389926, 40.22001694714971], [-7.412763282679712, 40.21989790681425], [-7.412575547306408, 40.21979767517737], [-7.412443729871288, 40.21964286272442], [-7.412470586301124, 40.219469400236335], [-7.412596079988618, 40.21938894705529], [-7.412789757326071, 40.219348542428406], [-7.41292272486705, 40.219217345745456], [-7.413060275084758, 40.218985132137384], [-7.413081898559359, 40.2188173078424], [-7.412768552308421, 40.21776368600457], [-7.412708364736856, 40.21743397241261], [-7.412398554745769, 40.217125314546614], [-7.41224101093572, 40.21691441326409], [-7.412072485953192, 40.21665391538317], [-7.411934878431495, 40.216380636216385], [-7.411873860649034, 40.216162951982824], [-7.411900740362403, 40.21572103029714], [-7.411778292726694, 40.21543569121508], [-7.411698851382363, 40.21533901568241], [-7.411365651021666, 40.21509937329901], [-7.411143447237923, 40.214805849330915], [-7.410945256864022, 40.21462936660352], [-7.410731849132981, 40.21439325519344], [-7.410696610597415, 40.21421544559487], [-7.410809807506886, 40.21395336800555], [-7.410823776095772, 40.213721555440216], [-7.410682575785478, 40.2134996777638], [-7.410604063373532, 40.2131488696151], [-7.410452205941265, 40.21300185022451], [-7.410240495395916, 40.21291641729205], [-7.409994846159874, 40.21289687683216], [-7.409681147964164, 40.21279135598061], [-7.409591334789896, 40.21273108742124], [-7.409415753398493, 40.212440373079374], [-7.409266903882865, 40.21234236129382], [-7.408947651916951, 40.212273817341625], [-7.408813279083015, 40.21216266069617], [-7.408524298896822, 40.21204180149285], [-7.408377129831074, 40.21188526352672], [-7.40822559275416, 40.211797862154945], [-7.407888651107664, 40.21149298735147], [-7.407851681684842, 40.21142350241948], [-7.407849564414177, 40.21119159475035], [-7.407681614091978, 40.210913349874424], [-7.407556251191219, 40.21049605186618], [-7.407475307448903, 40.21027634723327], [-7.40734280929337, 40.21004443441138], [-7.407038836803826, 40.20963421639833], [-7.406853622967486, 40.20931218138415], [-7.406659274960212, 40.20910861072041], [-7.406437122440443, 40.208935301013135], [-7.406024244693316, 40.20854970000408], [-7.405908808522363, 40.20841497646884], [-7.405771103907621, 40.208319550881065], [-7.406186118502056, 40.20828387626317], [-7.406490337356737, 40.208218242313976], [-7.406709140231592, 40.20819799820384], [-7.407463747694774, 40.2082158625462], [-7.407739334272772, 40.208135996837484], [-7.408301266518462, 40.20788149483026], [-7.408444162322343, 40.20773127207094], [-7.408540002112259, 40.20769863719961], [-7.408765929905571, 40.20740565220983], [-7.409122323231304, 40.207038105573574], [-7.409207890198674, 40.20684447214774], [-7.409322930334119, 40.20638580884581], [-7.409310931542738, 40.206144022029356], [-7.409259262952731, 40.20592135131723], [-7.409235964370413, 40.2056930006468], [-7.409277090571419, 40.20545910904121], [-7.409400787934592, 40.205102805991494], [-7.409454279026125, 40.20464412141853], [-7.408235440546033, 40.20285482644178], [-7.407958423218746, 40.20264092378078], [-7.407776135392345, 40.202430942600344], [-7.407555426077089, 40.201958205055334], [-7.407348155009869, 40.20174581334679], [-7.407102787012636, 40.2015928914375], [-7.405014163714751, 40.19839296096719], [-7.40497293760801, 40.198272298158855], [-7.404762663030405, 40.19785923885237], [-7.404231625596456, 40.1973608601574], [-7.403977479028732, 40.19716366247333], [-7.403802579358159, 40.19694642496897], [-7.403685849174932, 40.19672622161118], [-7.403581843769554, 40.19648043278107], [-7.403519725270155, 40.196237700541715], [-7.403438753091484, 40.19601231701272], [-7.403287203029693, 40.19577586617156], [-7.403117929118276, 40.195571274744644], [-7.402533650201584, 40.19495944080433], [-7.402397203224145, 40.19471686920197], [-7.402393313638331, 40.194421909231224], [-7.402494286154184, 40.19396271091974], [-7.402513298700804, 40.19370076742745], [-7.402459009419173, 40.1934519537015], [-7.402321491353527, 40.19300215414033], [-7.402272902379761, 40.19276887162088], [-7.402266235327734, 40.19226207818745], [-7.402214891294546, 40.191990144346256], [-7.402102491495834, 40.19176150205247], [-7.401970917281609, 40.191569032720786], [-7.401821356058505, 40.19145524565068], [-7.401567525255757, 40.191307844687884], [-7.401497525226231, 40.19115565768584], [-7.401493609197091, 40.19084133402796], [-7.401389443805173, 40.1907326072421], [-7.401131522746902, 40.190594187039096], [-7.40107684790966, 40.190458482680995], [-7.401144325253799, 40.18994783415824], [-7.401080715192888, 40.189714098526025], [-7.400953887504793, 40.18946338881192], [-7.400773909921443, 40.18924026155006], [-7.400583050606909, 40.18903643027486], [-7.400073055316342, 40.188720260221714], [-7.399803316246079, 40.188590225836826], [-7.399677091761151, 40.18855646685637], [-7.399502283632882, 40.188563558989266], [-7.399082711278987, 40.18871796649305], [-7.39899338624961, 40.18872523600897], [-7.398815531811331, 40.18865575685889], [-7.398583828796799, 40.188460939162795], [-7.39836317195893, 40.18829878933029], [-7.398109824459324, 40.18814048322646], [-7.397906634445749, 40.1879700698419], [-7.397443090514623, 40.18762770619371], [-7.397256400995455, 40.18745226322157], [-7.396227398952492, 40.18623545797906], [-7.395822094286397, 40.186188393354385], [-7.395474792535906, 40.18616394298762], [-7.395010768866703, 40.186183236914744], [-7.394546621107307, 40.18622477517203], [-7.39390689328955, 40.18644296019451], [-7.393637265641372, 40.186477807108325], [-7.393341295625488, 40.18646223370699], [-7.393019548727795, 40.18638759605398], [-7.392437400940416, 40.18599519515008], [-7.391946943666941, 40.185474508327175], [-7.391547206399506, 40.18491611877046], [-7.391089958682825, 40.18431260675656], [-7.390775049548203, 40.183977110043166], [-7.390544857371911, 40.183820017422306], [-7.39014053853322, 40.18368405756978], [-7.389562212382095, 40.18359137735551], [-7.388976075033171, 40.18356906657511], [-7.38843370049841, 40.18347409019079], [-7.388110227915141, 40.18335494193332], [-7.387675417920362, 40.183087650339324], [-7.387195805296479, 40.18268687829875], [-7.386670383272691, 40.182287878434515], [-7.386191242326861, 40.18181334696396], [-7.385632319078561, 40.18104399199879], [-7.385230460054815, 40.18068576806211], [-7.385000357116946, 40.18052272204732], [-7.384640381958726, 40.18002932054536], [-7.384158925241482, 40.17953234117407], [-7.383648967997797, 40.17919385457748], [-7.383064767124887, 40.17890270909524], [-7.382256352346212, 40.17860849017286], [-7.381952193173057, 40.17847647621525], [-7.380205096456553, 40.17660745716928], [-7.379864814399017, 40.176419550603384], [-7.379357613573232, 40.17630368434798], [-7.37925342820721, 40.176137756017994], [-7.379254744542708, 40.1759120794392], [-7.379195284351916, 40.175183129916824], [-7.379116160593336, 40.17506590135857], [-7.378789186262965, 40.174907255247504], [-7.378631596899067, 40.17485696938648], [-7.3783219587674, 40.17479785889366], [-7.378023387524385, 40.174714599571296], [-7.377605068003957, 40.17455679525094], [-7.377051611643116, 40.17447439507564], [-7.376748238797015, 40.17444341756765], [-7.376133951437589, 40.17443635340319], [-7.375333629404537, 40.174309463084064], [-7.37498625044766, 40.17430809575723], [-7.374794934632604, 40.174261816547165], [-7.374255082315451, 40.17401197985883], [-7.374012050568014, 40.17386494667182], [-7.373645419436865, 40.17350484379337], [-7.373463518806966, 40.17330894694785], [-7.373239175187368, 40.17315014710171], [-7.372731656015887, 40.17300246560494], [-7.372155132673401, 40.172916191867564], [-7.371484573618218, 40.17285127442952], [-7.371285005294893, 40.17277674970101], [-7.371051061468856, 40.172605276135634], [-7.37043177295725, 40.17198656801992], [-7.37022930309113, 40.1718143995353], [-7.369987287610989, 40.17170419558597], [-7.369758485397615, 40.171693687752075], [-7.369528324198842, 40.17163642592242], [-7.369258471427104, 40.17152775245581], [-7.368833172660504, 40.17130485306924], [-7.36838598038654, 40.17104551505429], [-7.368185987526151, 40.171020242982344], [-7.36805080811381, 40.17106699314951], [-7.367577748566352, 40.171178063267185], [-7.367302026348516, 40.171258739211034], [-7.367014219674327, 40.17131708751743], [-7.366659811052317, 40.17131636739131], [-7.366288912984039, 40.17124700737159], [-7.365420089630338, 40.17105700459663], [-7.365148036552415, 40.17091498372907], [-7.364921714974206, 40.17074661301222], [-7.364659719964106, 40.17049334790228], [-7.364360891861236, 40.17027973330626], [-7.363977287339287, 40.17007762434735], [-7.363868139379807, 40.17006456666656], [-7.362977748682374, 40.1700614499562], [-7.362385440746001, 40.170087329391954], [-7.361850152629884, 40.17031341973636], [-7.361589432149844, 40.17036428007166], [-7.360925821974377, 40.17036275043566], [-7.360616164919956, 40.17037050195557], [-7.359996825258778, 40.170439865992186], [-7.359502780745469, 40.17052717139087], [-7.358245668427187, 40.17052130612901], [-7.357426888225822, 40.170486302364075], [-7.356982713666367, 40.17044082368937], [-7.35661824917138, 40.17036489981207], [-7.355930586432759, 40.17011407909707], [-7.355661314516371, 40.16998790664135], [-7.355151474171142, 40.16965803182984], [-7.354492316280768, 40.16940055060527], [-7.354231326053075, 40.16927920448909], [-7.353976777001246, 40.16911791540727], [-7.353765432324585, 40.16895700125209], [-7.353329667459352, 40.16859771957522], [-7.35314361006189, 40.16841185292579], [-7.352985795659957, 40.168199428170624], [-7.35288977948424, 40.16782846738039], [-7.352505370932255, 40.16744484915454], [-7.352304744986071, 40.167311742429135], [-7.352129864053452, 40.167073175534796], [-7.35200429031373, 40.166865198706596], [-7.351809204732862, 40.16663847181237], [-7.351733997753024, 40.16640912968208], [-7.351709953767977, 40.166170857736326], [-7.351631816590703, 40.1657878577382], [-7.351631358566705, 40.16539664547463], [-7.351655840135131, 40.16505243077073], [-7.35163614872248, 40.164813917059526], [-7.351539914838413, 40.16457596826293], [-7.351325805107303, 40.16430948744605], [-7.351186808604912, 40.163951652558175], [-7.351110638362359, 40.163848117165344], [-7.351027430749958, 40.163651949148715], [-7.350814598911475, 40.16330442467844], [-7.350654029788335, 40.16309873235119], [-7.350531375251472, 40.1628825764644], [-7.350448395686763, 40.16266669224524], [-7.350469476691999, 40.16239414174948], [-7.350510824477893, 40.162156038534825], [-7.350526661549138, 40.16192091309889], [-7.350426233108246, 40.16162962237283], [-7.350375934127172, 40.16115369032856], [-7.350371390711659, 40.160679416629165], [-7.350463549887135, 40.16016526957059], [-7.350409108205056, 40.160020000836695], [-7.350344608770377, 40.159533254845385], [-7.350345460480853, 40.15929514886248], [-7.350320382342043, 40.159056058846126], [-7.350265192658116, 40.15881199034898], [-7.350112753741621, 40.15834824654526], [-7.350057463568703, 40.15814389286176], [-7.349891024283636, 40.15811404038672], [-7.349765014570901, 40.15802790652654], [-7.349628870701895, 40.157812020301], [-7.349478330630505, 40.15769528049933], [-7.349657458271568, 40.157140655899], [-7.349668135368955, 40.15685452348177], [-7.349755756458111, 40.15637808209865], [-7.349779375459426, 40.1561399499116], [-7.349790719917332, 40.15557014245109], [-7.349652213311635, 40.1555506533711], [-7.349569258250315, 40.15562015815984], [-7.34941375773534, 40.15590531408972], [-7.349256256557237, 40.156119575106956], [-7.348964564966986, 40.15634716087754], [-7.348739460816783, 40.156560968720946], [-7.348700101420551, 40.15679935696784], [-7.348569913697384, 40.156985615658094], [-7.348365206914722, 40.15708887954369], [-7.348095400794037, 40.15725987029166], [-7.347582990265095, 40.15800244078128], [-7.346526043955159, 40.158175756961356], [-7.346227832029125, 40.158244610886626], [-7.345803561647536, 40.15832305638412], [-7.345487678148936, 40.15830542434551], [-7.345319844086092, 40.15825340333147], [-7.344823508545623, 40.15800624615197], [-7.344589075468367, 40.157918021188976], [-7.344340439737343, 40.15788111495445], [-7.343822103747407, 40.158075448390825], [-7.343113554901773, 40.15816410903904], [-7.342801225337917, 40.158214847991765], [-7.342510522317734, 40.15829364636721], [-7.342318610616606, 40.15839536672325], [-7.342106431630298, 40.15860528453766], [-7.342026292792419, 40.15865364305289], [-7.341582491029746, 40.15877615360668], [-7.341421474039968, 40.15889609346654], [-7.341336876294471, 40.15910634177351], [-7.340700178680856, 40.15973852346871], [-7.340550711595013, 40.15981351211796], [-7.340315861281709, 40.15998382326382], [-7.339722354171284, 40.159988774489086], [-7.339044387709313, 40.160342386659686], [-7.338617905678414, 40.16071014515516], [-7.338370733374315, 40.160869473436875], [-7.337931305345756, 40.16120949268216], [-7.337747365355205, 40.16141167027803], [-7.337470801055064, 40.1618364675656], [-7.337202687448133, 40.16198943899774], [-7.336933526762751, 40.162111061523376], [-7.336299333135572, 40.1624827862629], [-7.336082293869508, 40.16263376684522], [-7.335771335192837, 40.16287676541349], [-7.335736729732292, 40.163045927025564], [-7.335815373811814, 40.16346811277258], [-7.335849078381073, 40.16371852676258], [-7.335686731549959, 40.163839797494354], [-7.335212490037693, 40.16396153699423], [-7.33485101550411, 40.16396580419714], [-7.334508960503551, 40.16379540625112], [-7.334112144954822, 40.16366010773651], [-7.333770869322916, 40.163613901096795], [-7.332937160895225, 40.16347838228028], [-7.332374169385291, 40.16344018786231], [-7.33214323458173, 40.163463902185896], [-7.331805086854174, 40.16361160253817], [-7.331427517056656, 40.16368743468003], [-7.330759794939492, 40.16369155578743], [-7.330222205001829, 40.163679736491], [-7.329918686223344, 40.16362692961535], [-7.32976342361759, 40.16357434469643], [-7.329508968709147, 40.163412192008515], [-7.328957619912285, 40.16291395399526], [-7.328748698172448, 40.162742751644075], [-7.32845443803801, 40.16256257597196], [-7.328145295971713, 40.16248920026836], [-7.327856704343822, 40.16248557695495], [-7.327506239585186, 40.16262210287142], [-7.327168951350594, 40.162885428251684], [-7.327004532574521, 40.16299208387963], [-7.326782654300982, 40.163173181764556], [-7.326535596465188, 40.163339781896276], [-7.32611542793593, 40.16357271667711], [-7.32602543805712, 40.16364918169076], [-7.325998354376561, 40.163417635901595], [-7.325911765626729, 40.163176130919396], [-7.325846005908583, 40.16318810313534], [-7.325520116937541, 40.16335018707969], [-7.325359005374602, 40.16332565623757], [-7.325050068960626, 40.16321552557804], [-7.324749288243026, 40.163180198209254], [-7.324625479669974, 40.163197079649784], [-7.324353688018579, 40.16332090409874], [-7.324053700186552, 40.1634063508258], [-7.323741628775974, 40.1634619004321], [-7.323447763178631, 40.163496682175214], [-7.323152240353381, 40.163512358400936], [-7.322562091884001, 40.163508510332846], [-7.322266578409176, 40.16352338014521], [-7.32197094132762, 40.16355868427616], [-7.321676789240276, 40.163617418516125], [-7.321385908650748, 40.16373642187551], [-7.321143247603675, 40.16390700111027], [-7.320744585684626, 40.16427452716487], [-7.320577461386058, 40.16447967704239], [-7.320539053841515, 40.16467897576236], [-7.320521627651089, 40.16509789186126], [-7.320343058796777, 40.1653665418968], [-7.320004004124743, 40.165774740462986], [-7.31979562110961, 40.165993017099524], [-7.319599851171207, 40.166168425278634], [-7.319330633928722, 40.16650722758908], [-7.319330520620309, 40.166605478102575], [-7.319677288389416, 40.16669373555018], [-7.319913827076529, 40.16682201219824], [-7.320386025859133, 40.16712223773108], [-7.320959696173806, 40.167409126850295], [-7.321342373400612, 40.16767666078466], [-7.321865176435027, 40.16794787711825], [-7.322027220809473, 40.16799376667551], [-7.322570059036996, 40.16818892945245], [-7.323273576239175, 40.16847644139229], [-7.323971342953222, 40.168784080023826], [-7.324860108297749, 40.169111960129364], [-7.325549349585859, 40.169357389836904], [-7.326225823315028, 40.169610562395725], [-7.326527083459248, 40.1697866496944], [-7.327409308720338, 40.170233429262936], [-7.327718742714979, 40.170433971506874], [-7.32796328434598, 40.17057246301021], [-7.328594836906496, 40.17089420715808], [-7.328991937814397, 40.171137051917434], [-7.329457684997103, 40.17149321067224], [-7.329649363825701, 40.171665285246995], [-7.329842795801986, 40.17186817503751], [-7.330006816674873, 40.172086254067864], [-7.330082746400524, 40.172148471243], [-7.330278778651647, 40.172230248788665], [-7.33059458935158, 40.17245901473578], [-7.330912520358337, 40.172877190556555], [-7.331108572443372, 40.173047399983204], [-7.331199320187533, 40.17316735425415], [-7.331228466265375, 40.1734647459315], [-7.331303857772069, 40.17360314205331], [-7.331647370039316, 40.17375302801733], [-7.332482956537897, 40.174079038731236], [-7.333592527724253, 40.174498700216255], [-7.333871533372299, 40.17458365542425], [-7.334466410004779, 40.174723916255566], [-7.335415141746357, 40.17482365061805], [-7.335730826178774, 40.174874723968024], [-7.336007140825236, 40.174959650097406], [-7.33627821050765, 40.175091557735215], [-7.336501562083146, 40.175258258044266], [-7.336934311229101, 40.17562001245535], [-7.337157521300865, 40.175788959262576], [-7.337390657928284, 40.17593267123297], [-7.337700102578013, 40.17607609020399], [-7.338080764143187, 40.17612372837301], [-7.339087361040845, 40.177872411192276], [-7.338958672931995, 40.177923856563666], [-7.338727885387893, 40.17808212931269], [-7.33829741541473, 40.17843994968653], [-7.338118263778072, 40.17864053988749], [-7.337901935481607, 40.17900909958115], [-7.337891777013446, 40.179377184876316], [-7.337658050927547, 40.17981740235126], [-7.337462463891102, 40.180259052186095], [-7.337264719471301, 40.18044258415341], [-7.337030014441921, 40.18062334090877], [-7.336499975877104, 40.18098974559694], [-7.33639793223082, 40.18124237746756], [-7.336274860259866, 40.18147522922341], [-7.336089930034624, 40.18166704527654], [-7.335843736006811, 40.181826106628755], [-7.335656864911583, 40.18192217189692], [-7.335254173420044, 40.182290619540574], [-7.335078205447898, 40.18252860072255], [-7.334703082187687, 40.182537006697146], [-7.334202678318412, 40.182565352093086], [-7.333876144119902, 40.182565624365246], [-7.333452300343247, 40.182603501706886], [-7.332715525633477, 40.1827633156304], [-7.332266053044671, 40.18294375459739], [-7.331856143753419, 40.18320515188142], [-7.331580753485938, 40.18330906504482], [-7.331399744385409, 40.183355454860596], [-7.331335299210362, 40.18343381168148], [-7.331227641250933, 40.18385237164805], [-7.331125851818395, 40.18418118468745], [-7.331045986499313, 40.18463316911773], [-7.331043483655153, 40.18488585073675], [-7.331000942708635, 40.185038653928466], [-7.330684547268297, 40.185694151963034], [-7.330638266817907, 40.186324593637956], [-7.330556505871016, 40.186946772332554], [-7.330515562082089, 40.18743279307177], [-7.330478886968478, 40.18758590953961], [-7.330489039829317, 40.18806066884737], [-7.330667688850052, 40.18828650727203], [-7.330776416910115, 40.18855715798028], [-7.330755622102141, 40.18882799432519], [-7.330709607228079, 40.18893601732185], [-7.330468445051006, 40.189193261833196], [-7.330091385237427, 40.18939327996365], [-7.329592925883638, 40.18959084044854], [-7.329556818311338, 40.18963588605676], [-7.329078495665893, 40.19061644601385], [-7.329001329919591, 40.190816827445836], [-7.32894260258597, 40.1908780215399], [-7.328949873856338, 40.1910678196218], [-7.32915933911969, 40.19150937833727], [-7.329445409941728, 40.19222623121358], [-7.329485792864688, 40.19234718499759], [-7.329492202027369, 40.19255076121704], [-7.329398453540363, 40.19284306377277], [-7.329170499141407, 40.19316343728908], [-7.329178592600916, 40.19328417321623], [-7.329323047212585, 40.19348221487643], [-7.32954431372602, 40.193829658174806], [-7.32957245814494, 40.19402248556023], [-7.329554460438614, 40.194244708905536], [-7.329315610152172, 40.19458275100587], [-7.32928274992407, 40.19472012702091], [-7.329314128399443, 40.19498772638078], [-7.3294184875293, 40.19535002621442], [-7.329669878271217, 40.19569263060326], [-7.329801224455576, 40.19591778067069], [-7.329853224444209, 40.19613968280381], [-7.329956876967028, 40.19637283843869], [-7.33006250800023, 40.19653819085318], [-7.330356455139743, 40.196887751368244], [-7.330684177883399, 40.19710201514333], [-7.330861498911229, 40.19728272411705], [-7.331147574463459, 40.19773363359609], [-7.331470758141533, 40.198034404355035], [-7.331762747703899, 40.198201948874065], [-7.331919490092626, 40.198356124226926], [-7.333586055818475, 40.20076610147285], [-7.333807138691228, 40.202757068364676], [-7.332782767075751, 40.20467721994724], [-7.332692392538148, 40.20506204124839], [-7.332555526510842, 40.20593581771952], [-7.332544843454091, 40.206405389903104], [-7.332436341299711, 40.20651361054748], [-7.332604769554181, 40.211998494315324], [-7.332476668150749, 40.21221374738831], [-7.332136948487047, 40.212634936925646], [-7.331846899370845, 40.21307619450299], [-7.331735658486946, 40.21329633374837], [-7.331698167395183, 40.213517883199486], [-7.331685589692216, 40.21399843213743], [-7.331710750090304, 40.214106668639616], [-7.331874235728323, 40.21433915820801], [-7.331884549578903, 40.21446134351289], [-7.331782709101661, 40.21485049684341], [-7.331778141662724, 40.21507947515963], [-7.331804913056517, 40.215180437152696], [-7.332054966335301, 40.21561389474656], [-7.332145712348685, 40.21582894339937], [-7.332188912755848, 40.216081399628], [-7.332256429463766, 40.21630421786984], [-7.332397890917352, 40.216542400751244], [-7.332509975235455, 40.21678128263008], [-7.332522107972829, 40.21700876079471], [-7.333803900319599, 40.21972253350077], [-7.334436545292588, 40.21987098035436], [-7.334793755081249, 40.21989514394326], [-7.33529270997852, 40.21977276734661], [-7.335596636304322, 40.219712084006304], [-7.336171850892696, 40.21957843426012], [-7.336443166570163, 40.219452773993616], [-7.336734459929136, 40.219347066709105], [-7.337361891292407, 40.21921791111636], [-7.337729012073346, 40.21909686985851], [-7.337968543778625, 40.21889624466877], [-7.338166621378602, 40.21887508647568], [-7.33858458848168, 40.21894711392868], [-7.338997256747072, 40.21904089824178], [-7.342650420960356, 40.219997653740904], [-7.342885789987817, 40.2200233980423], [-7.343525530383638, 40.22006890752023], [-7.344165915115221, 40.220089024449436], [-7.344479343055054, 40.22006945038025], [-7.345195595611054, 40.21978667606287], [-7.34529575839371, 40.21976006605585], [-7.345542881987515, 40.219754723393834], [-7.347134875198565, 40.2200274906021], [-7.347310783191937, 40.22008496800647], [-7.347702419050729, 40.2200885204844], [-7.348139512839299, 40.219950181524844], [-7.349104492277244, 40.21980666876447], [-7.349265869516037, 40.21974922281825], [-7.349963000055878, 40.2193084210283], [-7.350526101111629, 40.218999004613785], [-7.350722721890626, 40.21881832743773], [-7.350968186490868, 40.218669950285275], [-7.351067997746111, 40.21864333199051], [-7.351280095388225, 40.218648728276314], [-7.351553687112025, 40.21873243167033], [-7.351870561620698, 40.21880093673907], [-7.35219035579656, 40.21882956351324], [-7.352638960016899, 40.218956950192414], [-7.353107598667712, 40.219160840427726], [-7.353572648667703, 40.21943188003674], [-7.353982854268367, 40.219773701866046], [-7.354219080621788, 40.219919916373335], [-7.354315786840078, 40.22003124555918], [-7.354238195187846, 40.22023164006347], [-7.354233455310822, 40.22032751813556], [-7.354360422915868, 40.22049497460318], [-7.35458786952512, 40.22066932076609], [-7.354833038920831, 40.22077318174915], [-7.355182445599608, 40.220782186817004], [-7.355284154109063, 40.22075395842356], [-7.356458484012628, 40.22034270476603], [-7.356562502270083, 40.220327639988525], [-7.356730944321875, 40.220402253921556], [-7.35717378079748, 40.220749143703344], [-7.357451493237187, 40.220925440448916], [-7.357529792066559, 40.22095135676132], [-7.358128217647891, 40.221046761498044], [-7.358423478570476, 40.221106101810385], [-7.358721675157857, 40.22119697741392], [-7.358950702096013, 40.221326568086084], [-7.359038620092117, 40.22147853587389], [-7.359099922767814, 40.221697693761094], [-7.359136361956575, 40.221954599406885], [-7.359214505995606, 40.22218053226276], [-7.359317810513254, 40.22239474212663], [-7.3594333928624, 40.22256247892694], [-7.359493703514827, 40.222745514327336], [-7.359620906890354, 40.22286226531225], [-7.359730081506926, 40.22307714802077], [-7.359775320030916, 40.2233352847537], [-7.359877487060887, 40.223453308177724], [-7.359982973836869, 40.223506603513464], [-7.360117227357193, 40.22351938415775], [-7.361091300367727, 40.2253562666565], [-7.361301617146802, 40.225791288858986], [-7.361580741960082, 40.226271344911524], [-7.361807989432315, 40.2265913842488], [-7.362161515113225, 40.22698718823513], [-7.362562896146739, 40.22733801463273], [-7.363005354750986, 40.227692890852616], [-7.363523246870949, 40.22813166072589], [-7.363900243676738, 40.228042124974706], [-7.364038285777369, 40.22804304053336], [-7.36431230842536, 40.228165893264034], [-7.364625427425947, 40.22836410533608], [-7.364997229284167, 40.228578201249825], [-7.365271300108844, 40.22871825292782], [-7.36535884831972, 40.22899827987705], [-7.365497400964708, 40.22954934753764], [-7.365521280566, 40.22980760581635], [-7.365680967226093, 40.22994257690218], [-7.365299002331586, 40.230368720466394], [-7.364816089101081, 40.23047241976743], [-7.364462594512728, 40.230498808029], [-7.364166038457276, 40.230549707001344], [-7.363998723601656, 40.23060154698979], [-7.363662777356195, 40.23066596252691], [-7.363435087254302, 40.23073659144398], [-7.363035594636114, 40.23079886605339], [-7.362574841731697, 40.23095881344861], [-7.362206310982741, 40.23118177111912], [-7.361824907593975, 40.23132729184953], [-7.361429697588471, 40.231373834862154], [-7.361221043829586, 40.23135110445014], [-7.360916311044744, 40.23134538383501], [-7.360795295642755, 40.23136510935286], [-7.360410237767601, 40.2316153328101], [-7.35997752318193, 40.23195349878394], [-7.359879133522841, 40.23205082169306], [-7.359810331900883, 40.23219130210216], [-7.35991727781221, 40.23249964409378], [-7.359924407404186, 40.23258605547341], [-7.359830517715272, 40.23271069835837], [-7.359717301956127, 40.23274713719248], [-7.359129983635573, 40.232834089287664], [-7.359000343098298, 40.232868434521286], [-7.358726801716745, 40.23305428962183], [-7.35847216872837, 40.23319919924321], [-7.358342442774004, 40.233302708716856], [-7.358306958598551, 40.23339595120205], [-7.358191278168053, 40.23393830844686], [-7.358095375387456, 40.234177758120474], [-7.358092060454457, 40.23446924667469], [-7.358203969565764, 40.23463074587801], [-7.358693984691281, 40.23478386793076], [-7.358835995658733, 40.234892075012475], [-7.35883984882237, 40.23507023252724], [-7.358746530377515, 40.235330232967904], [-7.358732239118976, 40.23558481566245], [-7.358875086480785, 40.23613682523533], [-7.359011636507297, 40.236363686076764], [-7.359168609097834, 40.23657240537194], [-7.359315921759682, 40.23673161321072], [-7.360265995947387, 40.23688563779729], [-7.360590566636393, 40.23689509668469], [-7.360826307375434, 40.2369558311181], [-7.360933460082216, 40.237029673220306], [-7.360941899219172, 40.23715580831426], [-7.360878699907325, 40.237289030195754], [-7.360870576799917, 40.23745593701215], [-7.360902138818069, 40.237688582700386], [-7.360977209120169, 40.23780417630496], [-7.361588500067694, 40.23813613675958], [-7.361817789092475, 40.23832110739499], [-7.361890186554795, 40.23873584710868], [-7.361925388788045, 40.23880254187642], [-7.362283097890562, 40.23903086869578], [-7.362607112678062, 40.23908003334011], [-7.362894129039872, 40.23900286669279], [-7.363209277587357, 40.23896272245704], [-7.363348746852099, 40.2389648200303], [-7.363483361101097, 40.23901128049914], [-7.363591931354081, 40.23918932358709], [-7.363652609721696, 40.2396745870461], [-7.363679934244541, 40.24014783213722], [-7.363765104235112, 40.24001529878378], [-7.363952269203584, 40.23983048082212], [-7.364441107735967, 40.23946791395854], [-7.364756440094388, 40.239255486087124], [-7.364884100510129, 40.23920013626358], [-7.365633199641931, 40.23865088805892], [-7.365874542362007, 40.23850704726265], [-7.365947915694546, 40.23841972366687], [-7.366009696782511, 40.23811952318607], [-7.366084192068219, 40.23796385913088], [-7.3662967290862, 40.237674835756614], [-7.366596453372903, 40.237375935651976], [-7.366828040701636, 40.237189786098554], [-7.367035192082265, 40.23699276205135], [-7.367433050364374, 40.23671306190148], [-7.367588668811209, 40.23658413917431], [-7.367979872142976, 40.236090777986654], [-7.368160553345493, 40.23595886546573], [-7.368579760266135, 40.23593263264692], [-7.368868137218159, 40.23588923143751], [-7.369005586155479, 40.23594507374587], [-7.369170733060221, 40.23619237611511], [-7.369352010360689, 40.236363234474524], [-7.369530494191155, 40.236489948908385], [-7.369650349365414, 40.236542520574126], [-7.369894591629921, 40.23670541722807], [-7.370015596956554, 40.23671881862187], [-7.370466132570839, 40.236686388801516], [-7.370572970367707, 40.23669492683553], [-7.370726605550953, 40.23677446506756], [-7.370973063862464, 40.236728805729875], [-7.371572552617025, 40.236711400393744], [-7.372178493184981, 40.23670546710298], [-7.37278435177014, 40.23667512826423], [-7.373390714018878, 40.23667369604449], [-7.373996499303441, 40.236650375720195], [-7.374602242900934, 40.2365989523726], [-7.375208331850839, 40.236579498340205], [-7.375813874779422, 40.23648213737006], [-7.376771779373807, 40.23629395758748], [-7.377703572739239, 40.23618151296967], [-7.378317068521937, 40.23606564084383], [-7.37862550453047, 40.236025410763645], [-7.378782802352252, 40.23598707669465], [-7.378989903558795, 40.235982207917296], [-7.379308965137556, 40.23592628797486], [-7.379492038835897, 40.235873440629106], [-7.379809795702308, 40.23582966580051], [-7.380294390552909, 40.235808856605175], [-7.380558088051944, 40.23570141708664], [-7.380926065047258, 40.23549325235322], [-7.381130557949401, 40.235437214905666], [-7.381392060598634, 40.235294548718265], [-7.381434495445173, 40.23525006599544], [-7.381717318041185, 40.23517705795217], [-7.381929095334415, 40.235152763749895], [-7.38265555425639, 40.2348720786816], [-7.382944855252936, 40.23477578396153], [-7.383279478839479, 40.23473625512897], [-7.383579166331725, 40.23481725925626], [-7.383710932281594, 40.234824052699935], [-7.384145069630372, 40.23474247415108], [-7.384420145215067, 40.234614477255526], [-7.385007842399288, 40.23442743861415], [-7.385617025903824, 40.23429573891917], [-7.386192602613317, 40.23411006046724], [-7.386720714096433, 40.23386922648869], [-7.386957950301453, 40.23373035094826], [-7.38714784682985, 40.23355740470553], [-7.387564420266074, 40.23307179320387], [-7.387963177365957, 40.23253852070382], [-7.38840181046366, 40.23218417482576], [-7.388596295949052, 40.23195604616542], [-7.38883366442003, 40.23178222900594], [-7.389339756036019, 40.23150098847707], [-7.38962060236756, 40.23136968406137], [-7.390183270910849, 40.23115715028682], [-7.390362960400796, 40.23107860484747], [-7.390850177360456, 40.23077075612306], [-7.391198312712101, 40.230469670504725], [-7.391345513573345, 40.23036362614501], [-7.391568806393169, 40.23026238828851], [-7.391707827487041, 40.23010901195785], [-7.391883994950812, 40.23000855048048], [-7.3920156401659, 40.229993091366445], [-7.392265638504848, 40.22986635956836], [-7.392538493962965, 40.229755800952816], [-7.393003396755409, 40.22965042614005], [-7.393383365272799, 40.22945724936434], [-7.39353427719374, 40.22942020698299], [-7.394054465262196, 40.229428025511105], [-7.394266910465499, 40.2294054194959], [-7.394465382611711, 40.22932788721205], [-7.395403199396729, 40.228798914631554], [-7.395692939323623, 40.22869071028375], [-7.395982844770956, 40.22864301927649], [-7.396302544149914, 40.228621368128934], [-7.396843455883315, 40.228613810796546], [-7.397200669394405, 40.228578972782884], [-7.397743130592991, 40.228568905799115], [-7.398088856914801, 40.22865070706036], [-7.39830619149071, 40.22875231621897], [-7.398625177022802, 40.22879683894427], [-7.398789360679951, 40.22879274478747], [-7.399828981564982, 40.22853959771933], [-7.400394831695007, 40.228430332505425], [-7.400842072448217, 40.228359669143046], [-7.401144635068658, 40.228084655352355], [-7.401507197648464, 40.228032366761575], [-7.401680326715973, 40.22780750748487], [-7.401788214946963, 40.2275751157965], [-7.401929083644731, 40.227454972529976], [-7.402069279126752, 40.22738669148604], [-7.40228682268283, 40.22733654631264], [-7.402510522451927, 40.22722790870426], [-7.402893595692593, 40.226937907704624], [-7.403044432573122, 40.226896348642676], [-7.403658512795616, 40.226879135417555], [-7.403831408454353, 40.22686221171782], [-7.404851458026575, 40.22644544122244], [-7.404929648669413, 40.22642900242535], [-7.405300661212329, 40.226431059581806], [-7.405523019480405, 40.22637031452665], [-7.405893864079635, 40.22623412995947], [-7.406273745502876, 40.226142491027616], [-7.406763443118972, 40.22593365692703], [-7.407079124718996, 40.22589087554468], [-7.407374408073428, 40.22587696203156], [-7.40767145864946, 40.22580740525944], [-7.407940688250671, 40.22571281581058], [-7.408248481832228, 40.22558298739822], [-7.408627674734402, 40.225622276956344], [-7.40874357273836, 40.225650557184274], [-7.409159138930949, 40.225628387017515], [-7.409430435405317, 40.22564943874642], [-7.40965816490353, 40.225623930795635], [-7.409843043119626, 40.22563940535573], [-7.41000691031506, 40.22562043293382]]], "type": "Polygon"}, "properties": {"geo_point_2d": {"lon": -7.367194539526685, "lat": 40.200253079767265}, "year": "2024", "dis_code": "05", "dis_name": "Castelo Branco", "con_code": "0504", "con_name": "Fundão", "fre_code": "050411", "fre_name": "Capinha", "fre_name_upper": "CAPINHA", "fre_name_lower": "capinha", "fre_area_code": "PRT", "fre_type": "parish", "fre_name_long": "Capinha"}}, {"type": "Feature", "geometry": {"coordinates": [[[-7.251957251181206, 40.20561597849911], [-7.252537402509392, 40.205721965103784], [-7.25267917262007, 40.20575825130673], [-7.253547197212112, 40.20602888043176], [-7.253936692698263, 40.20621915078144], [-7.254700931721882, 40.20661488798971], [-7.255188904185495, 40.20687460948039], [-7.255899386263482, 40.207386912346095], [-7.256091277029865, 40.207627190317474], [-7.256268248828074, 40.20787672537762], [-7.256434150679933, 40.208055750870585], [-7.257037537158553, 40.20849446950518], [-7.257228513681896, 40.208669540110904], [-7.257473182285586, 40.2087790939951], [-7.258268104543317, 40.2091582855435], [-7.258367829700221, 40.20919479184491], [-7.259029865436153, 40.208981572487275], [-7.259660011067083, 40.20880999327733], [-7.259772517546276, 40.208756621603435], [-7.260312707968414, 40.20861930037199], [-7.260549384578698, 40.20850995265915], [-7.261475631069336, 40.20827403233986], [-7.261844759678523, 40.20816702564656], [-7.262379964078883, 40.207996786392464], [-7.262724582013822, 40.2079787498188], [-7.263174406733577, 40.20799104075731], [-7.264086821373393, 40.20812080434154], [-7.264338809581675, 40.208274259160476], [-7.264794529307284, 40.208525325544294], [-7.265046161456587, 40.20864248318314], [-7.265529885279252, 40.20879775503175], [-7.265729015256846, 40.2088315715624], [-7.266096839454531, 40.20895643918929], [-7.266479284505314, 40.209132835858576], [-7.266750547401852, 40.20911982070371], [-7.267158355367259, 40.20913043443225], [-7.267652690956005, 40.20922742167869], [-7.268291778812505, 40.20926577883317], [-7.268892001142701, 40.209404795277756], [-7.269466668296287, 40.209438523225764], [-7.270146256497986, 40.20932074241531], [-7.270463929613053, 40.20931626154593], [-7.270756336419716, 40.209387055735505], [-7.270953685398729, 40.2095532401154], [-7.271302149530657, 40.21021656801311], [-7.271342084090614, 40.210384283989804], [-7.271255912115467, 40.210900838765156], [-7.271224399020703, 40.211275237549096], [-7.271143419646267, 40.21173437087343], [-7.271149538342591, 40.21181735800669], [-7.271254746408697, 40.21198762774542], [-7.271356487548429, 40.21207006333142], [-7.27157859710261, 40.212341341899325], [-7.271866240292476, 40.212510893022326], [-7.272005608256619, 40.21266502497027], [-7.271769345019927, 40.212891112937996], [-7.271976238353606, 40.21351142376972], [-7.27218988906383, 40.21379290557893], [-7.272562493123715, 40.21432393960983], [-7.273017876648602, 40.21495123072547], [-7.273157645818467, 40.21535373672048], [-7.273403144744428, 40.21618434434491], [-7.2727624397778, 40.216473268233834], [-7.272318306337996, 40.2166476528303], [-7.272074943526133, 40.216718608655036], [-7.271808716820786, 40.21674887452904], [-7.27135706775769, 40.2167366034079], [-7.270724756476265, 40.21701098922404], [-7.270460135583648, 40.21721147056449], [-7.270400796775993, 40.21727767218566], [-7.27014543997971, 40.21742346005556], [-7.269772522796112, 40.21760377008206], [-7.269384721803575, 40.21786493165461], [-7.269135317896311, 40.218050300256834], [-7.268973125742398, 40.21821371339298], [-7.269165566403226, 40.21882429007782], [-7.268604174204992, 40.21875976019707], [-7.268190826889124, 40.218999310451736], [-7.268069836093687, 40.219103583640695], [-7.267857183999774, 40.219193398213065], [-7.267508866389424, 40.219273919846465], [-7.267486671654018, 40.21944640002094], [-7.267335588138899, 40.21987809573507], [-7.267301437564592, 40.220028365763], [-7.267299470251714, 40.220209577801334], [-7.267259594124328, 40.22087038120933], [-7.267266593882767, 40.22129919315207], [-7.267189758154224, 40.22156806829148], [-7.267239059129031, 40.221839414442705], [-7.267120165195172, 40.22196892896592], [-7.267047257426498, 40.22213165730659], [-7.26713934290879, 40.22220708806292], [-7.267098775823405, 40.22231170339794], [-7.266778027440005, 40.222618018569435], [-7.266572889876423, 40.22277633639635], [-7.265926618461678, 40.22295775413768], [-7.265761400840367, 40.22311347517741], [-7.265497620662732, 40.22331556946737], [-7.265206907861049, 40.22351358964583], [-7.264884610696864, 40.22389454580415], [-7.264848744546327, 40.22398774305343], [-7.264810936506372, 40.224438483451706], [-7.26475569655821, 40.22460700647136], [-7.264606113877676, 40.224839042814175], [-7.26457767114167, 40.22510773520337], [-7.264566991150446, 40.22594417673906], [-7.264469352453349, 40.226177845421546], [-7.264320464891341, 40.22633525923571], [-7.264258237818508, 40.226442498142895], [-7.264511846839151, 40.226962938386414], [-7.263844906847384, 40.227087442586615], [-7.262994242033074, 40.22722713676349], [-7.263109644825419, 40.227437204220756], [-7.263066382687367, 40.227457411035296], [-7.263058686901256, 40.22763710634765], [-7.263213949895059, 40.22809305252233], [-7.263251902973604, 40.22847886414488], [-7.263223028110795, 40.22862685610368], [-7.263125470383652, 40.22870981337887], [-7.263149037332441, 40.22876006114111], [-7.263091744245187, 40.22904150425984], [-7.263496835408448, 40.22920078895765], [-7.26362116690648, 40.22934644506327], [-7.263630049821487, 40.22970925735499], [-7.263761400234205, 40.230207530654475], [-7.263937552677601, 40.230500270733906], [-7.263833100572146, 40.23061953266729], [-7.264074178861771, 40.23065880400666], [-7.264052924733339, 40.230851456600895], [-7.264117976212378, 40.230873195725046], [-7.26432480093147, 40.23065860801388], [-7.264533760451693, 40.23054426990248], [-7.264966463501878, 40.231331451528234], [-7.265109530876433, 40.23151240105461], [-7.265317714413182, 40.231837483515065], [-7.265443240539672, 40.231903286155855], [-7.265693572449055, 40.23183271838025], [-7.265983255105044, 40.23172278395332], [-7.266082661355344, 40.231793374834496], [-7.26623508134947, 40.23217297332609], [-7.266357570668547, 40.2323381981711], [-7.266646149530304, 40.23255742254424], [-7.26638178348075, 40.23273861549609], [-7.26601306766969, 40.233058850689254], [-7.265824965901277, 40.23319203446292], [-7.266029927383888, 40.233456799425014], [-7.265881833768232, 40.233645674138444], [-7.26569986183466, 40.23397359700798], [-7.266019961491851, 40.23404596427893], [-7.266341139803458, 40.23427404121533], [-7.266721377816274, 40.23449625904252], [-7.267469232969501, 40.23486179521865], [-7.267613706895304, 40.23496779169114], [-7.267369963101616, 40.2350723299538], [-7.267181560016707, 40.2351772754784], [-7.267104263971527, 40.23527747494082], [-7.266929582125965, 40.235735812019996], [-7.266803806621062, 40.235914534384385], [-7.266989176184459, 40.236353590497245], [-7.267372690227952, 40.236171301917096], [-7.267396440971217, 40.2361975959929], [-7.268016297917871, 40.236475091737795], [-7.268107661436397, 40.23649378866544], [-7.268187301972223, 40.23681523476432], [-7.268254085044351, 40.237012669569246], [-7.268316389493672, 40.237108284425226], [-7.268627333719667, 40.23740490519698], [-7.268737030274088, 40.2376336388144], [-7.26890923051378, 40.237942499509], [-7.268597623798434, 40.23792468247313], [-7.268472775640877, 40.23797906882255], [-7.268207588051258, 40.237943896014635], [-7.267512564591674, 40.23796211710953], [-7.267106617219135, 40.23802293563037], [-7.266528282575368, 40.23808180100678], [-7.266609293679685, 40.23825703353798], [-7.266860720625754, 40.23868594859269], [-7.267084109976716, 40.23917266949272], [-7.267183471597397, 40.23945873550536], [-7.267205419304146, 40.23962414535079], [-7.267197249952411, 40.23991559810143], [-7.267159156750267, 40.2403050731906], [-7.267146032369213, 40.24083855622635], [-7.267107504711781, 40.24135464922796], [-7.26701543914564, 40.24183954488956], [-7.266983645099024, 40.241946293153994], [-7.266778825273069, 40.2422965189033], [-7.26660349464095, 40.24265606257306], [-7.267321015540762, 40.242798756324184], [-7.267774944159702, 40.24298748135312], [-7.2679609873739, 40.24305127426009], [-7.268430006465034, 40.24317148559667], [-7.268744768012961, 40.2431867997189], [-7.268860706161383, 40.2432096402885], [-7.2685667184773, 40.243717642255035], [-7.268334552229225, 40.24417365561787], [-7.268719589594038, 40.24440191922768], [-7.268742546221489, 40.244546897881584], [-7.269167871315708, 40.24542621873519], [-7.269157408589481, 40.245889747597275], [-7.269124868792783, 40.24612004824651], [-7.269078591085013, 40.24623667343592], [-7.268970815187086, 40.246305735382855], [-7.268387225821281, 40.24643001903372], [-7.268339910964968, 40.24649144148333], [-7.268133500103956, 40.24709562015826], [-7.268045237222188, 40.24742906880485], [-7.267878021218712, 40.24798202403296], [-7.26812494752996, 40.248043679130355], [-7.268798070537427, 40.24827499322394], [-7.26931305635989, 40.24863823818975], [-7.269302993104305, 40.24880152537943], [-7.269395947432623, 40.249015470037584], [-7.269446534309946, 40.24921559176742], [-7.269402978203713, 40.2494621103515], [-7.269192275222355, 40.249906737212136], [-7.26915429807638, 40.2500259891225], [-7.269240469945956, 40.25035794443221], [-7.269522017336005, 40.25078870337353], [-7.269572077524497, 40.25092839414267], [-7.269564905235169, 40.2510771146354], [-7.26949265809472, 40.25139834415777], [-7.269349813951226, 40.252207870748265], [-7.269371153059537, 40.25235130786745], [-7.269399817739624, 40.25292688906245], [-7.269681852387628, 40.25359837526282], [-7.269878048992267, 40.25379552508251], [-7.270206948799876, 40.254048417533745], [-7.27025403077661, 40.25463875364958], [-7.270740850470612, 40.25556780208917], [-7.272663906300425, 40.25841971700763], [-7.27254983123153, 40.25862426002565], [-7.272345176995903, 40.2590795185076], [-7.272279583857529, 40.259358985729385], [-7.272214300034412, 40.25997651281784], [-7.272168250161231, 40.26016456785435], [-7.272039647742059, 40.2603379220022], [-7.271811423966676, 40.260755275837234], [-7.27171894190401, 40.26097995943034], [-7.27167228582172, 40.2612155485945], [-7.271683930696789, 40.26138466449654], [-7.271812753927517, 40.26189050917393], [-7.271873690728992, 40.26201676764746], [-7.272068829205904, 40.262286224419505], [-7.272432334859889, 40.262618434469545], [-7.272514854386889, 40.262737799023476], [-7.272619766603488, 40.26334602806841], [-7.272734139286954, 40.263570489845534], [-7.272843773418057, 40.26372484626083], [-7.273005525290747, 40.2638741001525], [-7.273179373781626, 40.26434079627952], [-7.273171496146539, 40.264470957162025], [-7.273008247425637, 40.26471910937011], [-7.272792255616047, 40.265187690513834], [-7.272893187416615, 40.26534945500603], [-7.273073246165962, 40.26570650985908], [-7.273579541246541, 40.265745927764776], [-7.273689897668894, 40.26595333447839], [-7.273858556525844, 40.26615180189566], [-7.27406985409117, 40.266325103333116], [-7.27451083221025, 40.26665959561691], [-7.274717899172686, 40.266833584022024], [-7.2748960869186, 40.26703167302241], [-7.275193791992536, 40.26745785777833], [-7.27534897238336, 40.267653793347115], [-7.275518959545002, 40.26795304457149], [-7.275575791579309, 40.26799570119418], [-7.277696912317724, 40.2692631357159], [-7.278688948804757, 40.26995397236688], [-7.280077439488808, 40.2707108433516], [-7.283987558541171, 40.27123286352042], [-7.284357172875502, 40.271206030626836], [-7.284441963608798, 40.27124213376782], [-7.284654159040289, 40.27146008756516], [-7.284835036125819, 40.271860985494946], [-7.285080445783437, 40.27215942648197], [-7.285245884273025, 40.272271224164356], [-7.285644230391164, 40.27235491373439], [-7.285838058859626, 40.272301487243695], [-7.285915460724544, 40.27219452430527], [-7.286039463439183, 40.27214986377898], [-7.286527603247913, 40.27210362808032], [-7.286949371728768, 40.27201493882342], [-7.287159241838416, 40.271985758856104], [-7.287580878017278, 40.271879059602924], [-7.287722773241113, 40.271813718745115], [-7.287993009329623, 40.27178948560119], [-7.288164402567295, 40.27181045509678], [-7.288603966313684, 40.271793663566726], [-7.28888659622698, 40.27169918315776], [-7.289208187215083, 40.27165847775615], [-7.289469343044073, 40.271607786687206], [-7.289729619663011, 40.27162850042703], [-7.290087651556228, 40.271701796373996], [-7.290338645410751, 40.27184572615053], [-7.290712211607646, 40.27185096622642], [-7.290890677642721, 40.27188909294191], [-7.291113998396823, 40.272036961288485], [-7.291359563756178, 40.27217274880038], [-7.291703425784842, 40.27232716639441], [-7.292104930603826, 40.2723078370056], [-7.292447445629317, 40.27223863503762], [-7.29303144043347, 40.27204609666079], [-7.293287415334421, 40.2719300704589], [-7.293678232590167, 40.27179493048525], [-7.293995728514526, 40.27179047468534], [-7.294194039518439, 40.27182090984246], [-7.294537317723934, 40.271813574871736], [-7.29500468863874, 40.2716010902218], [-7.295129107700376, 40.27157956557256], [-7.295544359657467, 40.27160813910066], [-7.295868123962626, 40.27160030229997], [-7.29622059641729, 40.271533325230024], [-7.29648005002807, 40.271525379077325], [-7.296755271859251, 40.27145865499497], [-7.297026076875968, 40.2712445619589], [-7.297139379171727, 40.27105599068692], [-7.297282374933155, 40.27099596563204], [-7.297567212726905, 40.27092173894303], [-7.297862920872698, 40.2707184521693], [-7.298470970752876, 40.270325775797666], [-7.29891354095109, 40.270130207016834], [-7.299320151632255, 40.26999048152025], [-7.299582931285337, 40.26986404291007], [-7.299726210389456, 40.269770784313174], [-7.300005885286647, 40.26945481076384], [-7.300193908515638, 40.26927884010287], [-7.300390685459192, 40.269146611187224], [-7.30083767358619, 40.26900176570764], [-7.301067552366512, 40.26889256064017], [-7.301299181409749, 40.268640622286334], [-7.301633428971447, 40.26834079143811], [-7.301742060675815, 40.26808095017827], [-7.301861905089287, 40.26795177088926], [-7.302114775940681, 40.26778842046388], [-7.302274329990312, 40.267661502645765], [-7.302281395924951, 40.26750620727112], [-7.302175943628614, 40.267207728625095], [-7.302175440945338, 40.266882984895055], [-7.302098135434136, 40.26654184329624], [-7.301949748982639, 40.26632239561425], [-7.301960141495784, 40.26607823949343], [-7.302069162374906, 40.265872159694695], [-7.302054055897375, 40.26569446384818], [-7.302138580630812, 40.265270368216555], [-7.302141615388821, 40.265079918288684], [-7.301903433616096, 40.26467602435575], [-7.301923481570006, 40.26447858668293], [-7.30211603078722, 40.26411335139024], [-7.302223831911134, 40.26397840978037], [-7.302728219248489, 40.26385630106443], [-7.303286827492461, 40.2638094175781], [-7.303909273946318, 40.263829812449764], [-7.304062292086283, 40.263813434348165], [-7.304244698529488, 40.263701180084304], [-7.304500823302243, 40.263693282956716], [-7.30484501934319, 40.26357794542804], [-7.305017536592181, 40.26346633960016], [-7.305193100351268, 40.26328829374894], [-7.305311125583985, 40.26324915043688], [-7.30574619901159, 40.26326837223763], [-7.306086725406212, 40.263270801123056], [-7.306313840994492, 40.26320289974637], [-7.306581309862778, 40.26308404231773], [-7.306826978740324, 40.26294062243513], [-7.307045243657933, 40.26277863400375], [-7.307297506449888, 40.26251756105633], [-7.307550008725124, 40.262323755031424], [-7.307732450885338, 40.26224625271178], [-7.307960582015661, 40.262220319773974], [-7.308204596082304, 40.26214469935569], [-7.308620129517633, 40.26199059808661], [-7.308729155753591, 40.26196633740147], [-7.308981309943599, 40.261830254560394], [-7.309050774625051, 40.26167540296326], [-7.309125147559788, 40.26160100119262], [-7.309282339361213, 40.261579603627204], [-7.30943240273266, 40.261622367090176], [-7.309666172665091, 40.261547747725146], [-7.309875165230151, 40.26143243255581], [-7.309989496225947, 40.261300140781785], [-7.310184948419694, 40.26084620413697], [-7.310299499430345, 40.260608100065824], [-7.310361989331382, 40.260358909014144], [-7.310385022019013, 40.259970662302266], [-7.310431637209191, 40.25951738059142], [-7.310460050125696, 40.259451755867325], [-7.310466684129248, 40.25899080163335], [-7.310422636047592, 40.25874454805132], [-7.3104270078587, 40.258441451070716], [-7.310361062711257, 40.25837344531679], [-7.310381014631024, 40.25823985520486], [-7.310534404935781, 40.257763734031954], [-7.310734946913342, 40.257577931203805], [-7.310802149588425, 40.25646117498927], [-7.310866745358624, 40.2560665599805], [-7.311013305045408, 40.25555148595037], [-7.311148419675778, 40.25514755282168], [-7.311769624527646, 40.25502047486366], [-7.312547360130356, 40.25482785552657], [-7.313164801915614, 40.25471010834422], [-7.314046661540398, 40.25458656679966], [-7.315790625013245, 40.25404529403102], [-7.316397711195517, 40.25371222316589], [-7.316921201109174, 40.253488785963675], [-7.317351522625511, 40.25334970208167], [-7.317792302601687, 40.25356470513271], [-7.318052550342516, 40.2536711804968], [-7.318237667696475, 40.25367167007943], [-7.318854629590372, 40.25343537019549], [-7.319278088433625, 40.2532210390546], [-7.319492562685838, 40.25306611540855], [-7.319689012456408, 40.252895219216605], [-7.319863192086496, 40.25269894314573], [-7.32000535656183, 40.25269373093961], [-7.320130505115874, 40.25273567059204], [-7.320355020869678, 40.2530389343466], [-7.320432603877832, 40.253087565800826], [-7.320667779629335, 40.2530788561342], [-7.320860820631916, 40.25297664444475], [-7.321068622553581, 40.25279970083288], [-7.321359723569674, 40.252654765515906], [-7.322033495891796, 40.25252159979207], [-7.322343513478374, 40.252397150047145], [-7.322794694347286, 40.252380310467395], [-7.323101189628572, 40.252304465456966], [-7.323494794875279, 40.25209873265739], [-7.323991667578852, 40.25194622446356], [-7.324294103569669, 40.25187520464628], [-7.324552751362591, 40.25186944377303], [-7.324695760876625, 40.25176291626683], [-7.324915603126941, 40.25153057313491], [-7.325155241955612, 40.25136311306225], [-7.325594451521625, 40.2511466189912], [-7.325802326043319, 40.25112050934702], [-7.326309174282934, 40.251245338637965], [-7.32670556132527, 40.251389123814626], [-7.326910111569342, 40.25139585966798], [-7.327025725939244, 40.25125032041563], [-7.327635181155388, 40.25073952685744], [-7.328022698496388, 40.25036064918479], [-7.328120633793556, 40.25018904950528], [-7.328244292695239, 40.250108047280094], [-7.328385836271467, 40.25006544064483], [-7.328592577980947, 40.24994584293903], [-7.328779531241993, 40.24972001883512], [-7.329376961574247, 40.24935996904763], [-7.329531993500892, 40.249359065338844], [-7.329754378063592, 40.24940734513318], [-7.329941762725766, 40.24949365295355], [-7.330142131297804, 40.24950539722832], [-7.33035310834601, 40.24943517226495], [-7.330424223972966, 40.24938415407458], [-7.330799017404843, 40.24896627603235], [-7.331055796398803, 40.24876857784865], [-7.33136360509743, 40.248579066660255], [-7.331671089760331, 40.248486629854284], [-7.332184737826098, 40.24837256746397], [-7.3322953536844, 40.248301012992364], [-7.332567316703738, 40.248011018362824], [-7.332930220495726, 40.2476026879762], [-7.333225785712376, 40.24741363105127], [-7.333429327264274, 40.24724527552418], [-7.334122231504606, 40.24659633204583], [-7.334541286700579, 40.24625925783546], [-7.334932620287009, 40.24599034390845], [-7.335409246948863, 40.24571390878955], [-7.335697854676911, 40.24552596552462], [-7.33617608923239, 40.24537273225673], [-7.336778037075838, 40.245273030632184], [-7.337112726178741, 40.24507324143482], [-7.337317858126709, 40.244998369663826], [-7.337619862170872, 40.24492056388646], [-7.337925163023905, 40.24482188591174], [-7.338260825656716, 40.24468909955194], [-7.338622931489033, 40.244626920812756], [-7.338774471386221, 40.244642818621585], [-7.339279706481371, 40.244742816293886], [-7.33988802254264, 40.24489277667934], [-7.340112748543777, 40.24493114999302], [-7.340751686598619, 40.244903721104315], [-7.341123701335196, 40.24486853024485], [-7.341325600125226, 40.24481875505396], [-7.341623098127333, 40.24481456988578], [-7.341947540836308, 40.24483813002544], [-7.342147052949384, 40.244892173397396], [-7.342420022854478, 40.24500687353663], [-7.342876365659739, 40.245117779450844], [-7.34320182986839, 40.2451145907995], [-7.343717581454047, 40.24497716758667], [-7.343989074770237, 40.24493560641901], [-7.344984563915778, 40.24463455913613], [-7.345331413817053, 40.24447869102696], [-7.345852768504658, 40.244496637094116], [-7.346268536711695, 40.24455006758331], [-7.346589537467778, 40.24461699505975], [-7.346883405338923, 40.244703101317526], [-7.347502734645389, 40.244816265126225], [-7.347738479859898, 40.24488873629448], [-7.348051290571165, 40.244932007468144], [-7.348397498398091, 40.24493344865452], [-7.348547541752423, 40.244956978347666], [-7.348905690557203, 40.24510492764835], [-7.349026887619853, 40.24517383446523], [-7.350008063502761, 40.24518640469649], [-7.350428069252039, 40.245229401443744], [-7.351074872934412, 40.24522314108914], [-7.351251417932046, 40.24520064364296], [-7.352310237583994, 40.245195978613246], [-7.352644394976433, 40.24520272649676], [-7.352842862872532, 40.24522603685055], [-7.353172635483965, 40.24522573372037], [-7.353419396275696, 40.24529097026824], [-7.353845278112687, 40.24533381769611], [-7.354174645649417, 40.24533855126244], [-7.354490274373659, 40.245362283491616], [-7.355111824054588, 40.24550919373909], [-7.355407533975944, 40.2455694399622], [-7.35582215805556, 40.24563156487005], [-7.356190136835323, 40.245640788303156], [-7.356597261454476, 40.24558722719137], [-7.357457434185197, 40.24558622878949], [-7.358061288963305, 40.24540933874157], [-7.358168983866516, 40.24531234653742], [-7.358221550983175, 40.24517509536426], [-7.358361012429423, 40.24502374036022], [-7.358527576648073, 40.244937948720775], [-7.358803495146097, 40.24483676568979], [-7.359043616813636, 40.24471057874985], [-7.359237152324974, 40.24451599775261], [-7.359450323625285, 40.244341541203795], [-7.360008754220403, 40.244054293216365], [-7.36033990473677, 40.243776784877625], [-7.360817737813193, 40.24350754372441], [-7.361016146534994, 40.24330758879995], [-7.361438134013658, 40.24294683854312], [-7.361840092644599, 40.24254903263095], [-7.362396640630925, 40.24194818337286], [-7.362969754813741, 40.241149230039035], [-7.363125213602318, 40.24094259422234], [-7.363568849373041, 40.24025462595918], [-7.363679934244541, 40.24014783213722], [-7.363652609721696, 40.2396745870461], [-7.363591931354081, 40.23918932358709], [-7.363483361101097, 40.23901128049914], [-7.363348746852099, 40.2389648200303], [-7.363209277587357, 40.23896272245704], [-7.362894129039872, 40.23900286669279], [-7.362607112678062, 40.23908003334011], [-7.362283097890562, 40.23903086869578], [-7.361925388788045, 40.23880254187642], [-7.361890186554795, 40.23873584710868], [-7.361817789092475, 40.23832110739499], [-7.361588500067694, 40.23813613675958], [-7.360977209120169, 40.23780417630496], [-7.360902138818069, 40.237688582700386], [-7.360870576799917, 40.23745593701215], [-7.360878699907325, 40.237289030195754], [-7.360941899219172, 40.23715580831426], [-7.360933460082216, 40.237029673220306], [-7.360826307375434, 40.2369558311181], [-7.360590566636393, 40.23689509668469], [-7.360265995947387, 40.23688563779729], [-7.359315921759682, 40.23673161321072], [-7.359168609097834, 40.23657240537194], [-7.359011636507297, 40.236363686076764], [-7.358875086480785, 40.23613682523533], [-7.358732239118976, 40.23558481566245], [-7.358746530377515, 40.235330232967904], [-7.35883984882237, 40.23507023252724], [-7.358835995658733, 40.234892075012475], [-7.358693984691281, 40.23478386793076], [-7.358203969565764, 40.23463074587801], [-7.358092060454457, 40.23446924667469], [-7.358095375387456, 40.234177758120474], [-7.358191278168053, 40.23393830844686], [-7.358306958598551, 40.23339595120205], [-7.358342442774004, 40.233302708716856], [-7.35847216872837, 40.23319919924321], [-7.358726801716745, 40.23305428962183], [-7.359000343098298, 40.232868434521286], [-7.359129983635573, 40.232834089287664], [-7.359717301956127, 40.23274713719248], [-7.359830517715272, 40.23271069835837], [-7.359924407404186, 40.23258605547341], [-7.35991727781221, 40.23249964409378], [-7.359810331900883, 40.23219130210216], [-7.359879133522841, 40.23205082169306], [-7.35997752318193, 40.23195349878394], [-7.360410237767601, 40.2316153328101], [-7.360795295642755, 40.23136510935286], [-7.360916311044744, 40.23134538383501], [-7.361221043829586, 40.23135110445014], [-7.361429697588471, 40.231373834862154], [-7.361824907593975, 40.23132729184953], [-7.362206310982741, 40.23118177111912], [-7.362574841731697, 40.23095881344861], [-7.363035594636114, 40.23079886605339], [-7.363435087254302, 40.23073659144398], [-7.363662777356195, 40.23066596252691], [-7.363998723601656, 40.23060154698979], [-7.364166038457276, 40.230549707001344], [-7.364462594512728, 40.230498808029], [-7.364816089101081, 40.23047241976743], [-7.365299002331586, 40.230368720466394], [-7.365680967226093, 40.22994257690218], [-7.365521280566, 40.22980760581635], [-7.365497400964708, 40.22954934753764], [-7.36535884831972, 40.22899827987705], [-7.365271300108844, 40.22871825292782], [-7.364997229284167, 40.228578201249825], [-7.364625427425947, 40.22836410533608], [-7.36431230842536, 40.228165893264034], [-7.364038285777369, 40.22804304053336], [-7.363900243676738, 40.228042124974706], [-7.363523246870949, 40.22813166072589], [-7.363005354750986, 40.227692890852616], [-7.362562896146739, 40.22733801463273], [-7.362161515113225, 40.22698718823513], [-7.361807989432315, 40.2265913842488], [-7.361580741960082, 40.226271344911524], [-7.361301617146802, 40.225791288858986], [-7.361091300367727, 40.2253562666565], [-7.360117227357193, 40.22351938415775], [-7.359982973836869, 40.223506603513464], [-7.359877487060887, 40.223453308177724], [-7.359775320030916, 40.2233352847537], [-7.359730081506926, 40.22307714802077], [-7.359620906890354, 40.22286226531225], [-7.359493703514827, 40.222745514327336], [-7.3594333928624, 40.22256247892694], [-7.359317810513254, 40.22239474212663], [-7.359214505995606, 40.22218053226276], [-7.359136361956575, 40.221954599406885], [-7.359099922767814, 40.221697693761094], [-7.359038620092117, 40.22147853587389], [-7.358950702096013, 40.221326568086084], [-7.358721675157857, 40.22119697741392], [-7.358423478570476, 40.221106101810385], [-7.358128217647891, 40.221046761498044], [-7.357529792066559, 40.22095135676132], [-7.357451493237187, 40.220925440448916], [-7.35717378079748, 40.220749143703344], [-7.356730944321875, 40.220402253921556], [-7.356562502270083, 40.220327639988525], [-7.356458484012628, 40.22034270476603], [-7.355284154109063, 40.22075395842356], [-7.355182445599608, 40.220782186817004], [-7.354833038920831, 40.22077318174915], [-7.35458786952512, 40.22066932076609], [-7.354360422915868, 40.22049497460318], [-7.354233455310822, 40.22032751813556], [-7.354238195187846, 40.22023164006347], [-7.354315786840078, 40.22003124555918], [-7.354219080621788, 40.219919916373335], [-7.353982854268367, 40.219773701866046], [-7.353572648667703, 40.21943188003674], [-7.353107598667712, 40.219160840427726], [-7.352638960016899, 40.218956950192414], [-7.35219035579656, 40.21882956351324], [-7.351870561620698, 40.21880093673907], [-7.351553687112025, 40.21873243167033], [-7.351280095388225, 40.218648728276314], [-7.351067997746111, 40.21864333199051], [-7.350968186490868, 40.218669950285275], [-7.350722721890626, 40.21881832743773], [-7.350526101111629, 40.218999004613785], [-7.349963000055878, 40.2193084210283], [-7.349265869516037, 40.21974922281825], [-7.349104492277244, 40.21980666876447], [-7.348139512839299, 40.219950181524844], [-7.347702419050729, 40.2200885204844], [-7.347310783191937, 40.22008496800647], [-7.347134875198565, 40.2200274906021], [-7.345542881987515, 40.219754723393834], [-7.34529575839371, 40.21976006605585], [-7.345195595611054, 40.21978667606287], [-7.344479343055054, 40.22006945038025], [-7.344165915115221, 40.220089024449436], [-7.343525530383638, 40.22006890752023], [-7.342885789987817, 40.2200233980423], [-7.342650420960356, 40.219997653740904], [-7.338997256747072, 40.21904089824178], [-7.33858458848168, 40.21894711392868], [-7.338166621378602, 40.21887508647568], [-7.337968543778625, 40.21889624466877], [-7.337729012073346, 40.21909686985851], [-7.337361891292407, 40.21921791111636], [-7.336734459929136, 40.219347066709105], [-7.336443166570163, 40.219452773993616], [-7.336171850892696, 40.21957843426012], [-7.335596636304322, 40.219712084006304], [-7.33529270997852, 40.21977276734661], [-7.334793755081249, 40.21989514394326], [-7.334436545292588, 40.21987098035436], [-7.333803900319599, 40.21972253350077], [-7.332522107972829, 40.21700876079471], [-7.332509975235455, 40.21678128263008], [-7.332397890917352, 40.216542400751244], [-7.332256429463766, 40.21630421786984], [-7.332188912755848, 40.216081399628], [-7.332145712348685, 40.21582894339937], [-7.332054966335301, 40.21561389474656], [-7.331804913056517, 40.215180437152696], [-7.331778141662724, 40.21507947515963], [-7.331782709101661, 40.21485049684341], [-7.331884549578903, 40.21446134351289], [-7.331874235728323, 40.21433915820801], [-7.331710750090304, 40.214106668639616], [-7.331685589692216, 40.21399843213743], [-7.331698167395183, 40.213517883199486], [-7.331735658486946, 40.21329633374837], [-7.331846899370845, 40.21307619450299], [-7.332136948487047, 40.212634936925646], [-7.332476668150749, 40.21221374738831], [-7.332604769554181, 40.211998494315324], [-7.332436341299711, 40.20651361054748], [-7.332544843454091, 40.206405389903104], [-7.332555526510842, 40.20593581771952], [-7.332692392538148, 40.20506204124839], [-7.332782767075751, 40.20467721994724], [-7.333807138691228, 40.202757068364676], [-7.333586055818475, 40.20076610147285], [-7.331919490092626, 40.198356124226926], [-7.331762747703899, 40.198201948874065], [-7.331470758141533, 40.198034404355035], [-7.331147574463459, 40.19773363359609], [-7.330861498911229, 40.19728272411705], [-7.330684177883399, 40.19710201514333], [-7.330356455139743, 40.196887751368244], [-7.33006250800023, 40.19653819085318], [-7.329956876967028, 40.19637283843869], [-7.329853224444209, 40.19613968280381], [-7.329801224455576, 40.19591778067069], [-7.329669878271217, 40.19569263060326], [-7.3294184875293, 40.19535002621442], [-7.329314128399443, 40.19498772638078], [-7.32928274992407, 40.19472012702091], [-7.329315610152172, 40.19458275100587], [-7.329554460438614, 40.194244708905536], [-7.32957245814494, 40.19402248556023], [-7.32954431372602, 40.193829658174806], [-7.329323047212585, 40.19348221487643], [-7.329178592600916, 40.19328417321623], [-7.329170499141407, 40.19316343728908], [-7.329398453540363, 40.19284306377277], [-7.329492202027369, 40.19255076121704], [-7.329485792864688, 40.19234718499759], [-7.329445409941728, 40.19222623121358], [-7.32915933911969, 40.19150937833727], [-7.328949873856338, 40.1910678196218], [-7.32894260258597, 40.1908780215399], [-7.329001329919591, 40.190816827445836], [-7.329078495665893, 40.19061644601385], [-7.329556818311338, 40.18963588605676], [-7.329592925883638, 40.18959084044854], [-7.330091385237427, 40.18939327996365], [-7.330468445051006, 40.189193261833196], [-7.330709607228079, 40.18893601732185], [-7.330755622102141, 40.18882799432519], [-7.330776416910115, 40.18855715798028], [-7.330667688850052, 40.18828650727203], [-7.330489039829317, 40.18806066884737], [-7.330478886968478, 40.18758590953961], [-7.330515562082089, 40.18743279307177], [-7.330556505871016, 40.186946772332554], [-7.330638266817907, 40.186324593637956], [-7.330684547268297, 40.185694151963034], [-7.331000942708635, 40.185038653928466], [-7.331043483655153, 40.18488585073675], [-7.331045986499313, 40.18463316911773], [-7.331125851818395, 40.18418118468745], [-7.331227641250933, 40.18385237164805], [-7.331335299210362, 40.18343381168148], [-7.331399744385409, 40.183355454860596], [-7.331580753485938, 40.18330906504482], [-7.331856143753419, 40.18320515188142], [-7.332266053044671, 40.18294375459739], [-7.332715525633477, 40.1827633156304], [-7.333452300343247, 40.182603501706886], [-7.333876144119902, 40.182565624365246], [-7.334202678318412, 40.182565352093086], [-7.334703082187687, 40.182537006697146], [-7.335078205447898, 40.18252860072255], [-7.335254173420044, 40.182290619540574], [-7.335656864911583, 40.18192217189692], [-7.335843736006811, 40.181826106628755], [-7.336089930034624, 40.18166704527654], [-7.336274860259866, 40.18147522922341], [-7.33639793223082, 40.18124237746756], [-7.336499975877104, 40.18098974559694], [-7.337030014441921, 40.18062334090877], [-7.337264719471301, 40.18044258415341], [-7.337462463891102, 40.180259052186095], [-7.337658050927547, 40.17981740235126], [-7.337891777013446, 40.179377184876316], [-7.337901935481607, 40.17900909958115], [-7.338118263778072, 40.17864053988749], [-7.33829741541473, 40.17843994968653], [-7.338727885387893, 40.17808212931269], [-7.338958672931995, 40.177923856563666], [-7.339087361040845, 40.177872411192276], [-7.338080764143187, 40.17612372837301], [-7.337700102578013, 40.17607609020399], [-7.337390657928284, 40.17593267123297], [-7.337157521300865, 40.175788959262576], [-7.336934311229101, 40.17562001245535], [-7.336501562083146, 40.175258258044266], [-7.33627821050765, 40.175091557735215], [-7.336007140825236, 40.174959650097406], [-7.335730826178774, 40.174874723968024], [-7.335415141746357, 40.17482365061805], [-7.334466410004779, 40.174723916255566], [-7.333871533372299, 40.17458365542425], [-7.333592527724253, 40.174498700216255], [-7.332482956537897, 40.174079038731236], [-7.331647370039316, 40.17375302801733], [-7.331303857772069, 40.17360314205331], [-7.331228466265375, 40.1734647459315], [-7.331199320187533, 40.17316735425415], [-7.331108572443372, 40.173047399983204], [-7.330912520358337, 40.172877190556555], [-7.33059458935158, 40.17245901473578], [-7.330278778651647, 40.172230248788665], [-7.330082746400524, 40.172148471243], [-7.330006816674873, 40.172086254067864], [-7.329842795801986, 40.17186817503751], [-7.329649363825701, 40.171665285246995], [-7.329457684997103, 40.17149321067224], [-7.328991937814397, 40.171137051917434], [-7.328594836906496, 40.17089420715808], [-7.32796328434598, 40.17057246301021], [-7.327718742714979, 40.170433971506874], [-7.327409308720338, 40.170233429262936], [-7.326527083459248, 40.1697866496944], [-7.326225823315028, 40.169610562395725], [-7.325549349585859, 40.169357389836904], [-7.324860108297749, 40.169111960129364], [-7.323971342953222, 40.168784080023826], [-7.323273576239175, 40.16847644139229], [-7.322570059036996, 40.16818892945245], [-7.322027220809473, 40.16799376667551], [-7.321865176435027, 40.16794787711825], [-7.321342373400612, 40.16767666078466], [-7.320959696173806, 40.167409126850295], [-7.320386025859133, 40.16712223773108], [-7.319913827076529, 40.16682201219824], [-7.319677288389416, 40.16669373555018], [-7.319330520620309, 40.166605478102575], [-7.31905429439287, 40.16648844592464], [-7.318732714488523, 40.16603995767303], [-7.318244147655016, 40.165577779818726], [-7.317704135842196, 40.165394140474], [-7.317339339852969, 40.16535186152362], [-7.316677683303941, 40.16533820089192], [-7.316200478797528, 40.16524280652904], [-7.315612885384207, 40.16505324172496], [-7.314913480053185, 40.164741848781965], [-7.314445336772951, 40.16455699011357], [-7.313861925017053, 40.164293687710526], [-7.312987416949295, 40.16396159059974], [-7.312138420315398, 40.16357743782729], [-7.311237936298356, 40.16318093656292], [-7.310704594090669, 40.1629340057658], [-7.31004755960276, 40.16266565828256], [-7.309212989971392, 40.162421626614346], [-7.308853296389183, 40.1623566608857], [-7.308149062446972, 40.16231374259531], [-7.307976016126843, 40.162248304527644], [-7.307517751958891, 40.16195775943281], [-7.306965124564925, 40.16157946048373], [-7.306819562892733, 40.16139641929291], [-7.306690739783809, 40.161187470664366], [-7.306471310692914, 40.1609199687146], [-7.306095567142482, 40.160630548349964], [-7.305567532213259, 40.16030707989199], [-7.304822789471516, 40.15989930024259], [-7.3043061807998, 40.159641201541], [-7.30370285511323, 40.159304218161225], [-7.303166583629198, 40.15903219556075], [-7.3029963810246, 40.15887841733027], [-7.302973773955677, 40.15869111852618], [-7.30273274419021, 40.15848397348418], [-7.302246465974254, 40.15799139398916], [-7.30198664182524, 40.157766007270624], [-7.30130346879153, 40.15732811995827], [-7.301103857112794, 40.15715188604041], [-7.300717624718457, 40.156763311776864], [-7.300330132805856, 40.156420837713334], [-7.300171414020683, 40.156260112476296], [-7.291084205759264, 40.161788849156224], [-7.291084026081938, 40.161965191847024], [-7.29095562746662, 40.1621955561543], [-7.290846431203814, 40.16232165418952], [-7.290155269195442, 40.162885168949344], [-7.289748934374619, 40.163148155916865], [-7.289184220680511, 40.1634805014574], [-7.288880598329767, 40.16373333696773], [-7.288542126360436, 40.16394665046776], [-7.288285971331834, 40.164214684758164], [-7.288097831433165, 40.16455391383053], [-7.288057586101664, 40.16480874921044], [-7.288110284192574, 40.16498006164332], [-7.288246284126823, 40.16527824110859], [-7.288255393583637, 40.16551965783385], [-7.288176630248456, 40.165746933646496], [-7.287973317788026, 40.166031743270764], [-7.287788029662534, 40.16614971979067], [-7.287616170261683, 40.16617836494996], [-7.287387019147402, 40.16627440754175], [-7.287256378002092, 40.166396924121166], [-7.286860656449199, 40.16666267996748], [-7.286588602559218, 40.16692375063271], [-7.286325744194556, 40.16731403245122], [-7.286114694840196, 40.167511968286696], [-7.285986580835474, 40.167572090993296], [-7.285136401235462, 40.16767980285311], [-7.284700236827688, 40.167779732554195], [-7.28433391710684, 40.167935551842376], [-7.284041672276403, 40.167978261323974], [-7.283856579502753, 40.16808948038314], [-7.283773226236034, 40.16825034236446], [-7.28356412845895, 40.16857319600278], [-7.283315552503244, 40.16880471477423], [-7.283107007899895, 40.16908272378735], [-7.282729136939382, 40.16931743549546], [-7.282539697257818, 40.169474726397596], [-7.282431966311607, 40.16970288216087], [-7.282397500358759, 40.16987996143979], [-7.282277835163458, 40.17021622730796], [-7.282257086785804, 40.17045896029608], [-7.282032931943081, 40.17097136443118], [-7.281806345768873, 40.17128328102034], [-7.281646068850495, 40.171379812202424], [-7.281431314202096, 40.17143929886864], [-7.28132762346783, 40.17167727609458], [-7.28115275893386, 40.17192707008151], [-7.281020677010373, 40.17207824948584], [-7.280787672605446, 40.17222499973509], [-7.280724977254383, 40.172294646207156], [-7.280355829291366, 40.17258060923058], [-7.280224647566558, 40.17276138545764], [-7.280185520581764, 40.17292392314935], [-7.280033855153984, 40.17326745341744], [-7.279951760634669, 40.173400524559305], [-7.279945374555628, 40.17360466416702], [-7.28004141016281, 40.17400012394745], [-7.280055122554645, 40.17418069947407], [-7.280102269975508, 40.17437241471044], [-7.280106181498708, 40.17462343578808], [-7.280137786849862, 40.17478108477953], [-7.280130296597236, 40.174957452368744], [-7.280032885124888, 40.17518004586545], [-7.279972310124339, 40.17557497920034], [-7.279885928097063, 40.17575186135829], [-7.279835813018368, 40.176083480159754], [-7.279711019287614, 40.176567320267985], [-7.279638500162233, 40.1767419160684], [-7.279257542885502, 40.17709726851346], [-7.279095992041552, 40.1772942070688], [-7.278889722042481, 40.17768749475746], [-7.278615974958701, 40.177912164653016], [-7.278159739983471, 40.178405307677416], [-7.277984299023433, 40.178650799208185], [-7.277910753358123, 40.1788647251784], [-7.277664321159311, 40.1794255206772], [-7.277426426620372, 40.180068639892866], [-7.277412396015055, 40.18034787916643], [-7.277274298782205, 40.180591937145245], [-7.277198022856343, 40.18087047753846], [-7.276931902075276, 40.18116817952155], [-7.276814397842066, 40.181374435390296], [-7.276702909619096, 40.18171147293641], [-7.276528002500478, 40.18206566986826], [-7.276485810222194, 40.18222253672826], [-7.276525520525022, 40.18241526619662], [-7.276630871969911, 40.18271865305952], [-7.276768657487668, 40.18287978996908], [-7.277092879233124, 40.18301975595104], [-7.277144432272079, 40.18314090235227], [-7.277142114362524, 40.18333793176711], [-7.2773868459925, 40.18367613523218], [-7.27761633746662, 40.183855575893645], [-7.277937789870125, 40.1840517337816], [-7.27812489237668, 40.18421593868003], [-7.278312873033538, 40.18445057195492], [-7.278363794380581, 40.184730726599895], [-7.278451684402779, 40.18490030698407], [-7.278580345348843, 40.1849953118285], [-7.278748045632874, 40.185162069704816], [-7.278803141267372, 40.18529152856397], [-7.27877272304646, 40.18546087947068], [-7.278682221095144, 40.18562708970066], [-7.278439572770282, 40.185865329407726], [-7.278249378346226, 40.18621647724966], [-7.277975879081756, 40.186691131906755], [-7.27791206597941, 40.186845289028426], [-7.277823162114604, 40.1871648753445], [-7.277747326668578, 40.18730274311657], [-7.277612323583952, 40.18737666334403], [-7.277478446093486, 40.187360983752114], [-7.277152556235434, 40.187230774176655], [-7.276761331388868, 40.1871177082258], [-7.27645228768611, 40.18717124286396], [-7.276084290220883, 40.187343325830845], [-7.275926080987904, 40.18743470011026], [-7.275762716957282, 40.18747902785488], [-7.275220536932056, 40.18748970135511], [-7.274259810658427, 40.18738269421728], [-7.273662485207197, 40.18725486094363], [-7.273274057552437, 40.187224066878116], [-7.272924920998428, 40.18726701064205], [-7.272186396443207, 40.18765814222082], [-7.271724523275404, 40.18783098192285], [-7.271353659407511, 40.18804647571334], [-7.271096981286518, 40.18821279357889], [-7.270770188085512, 40.18846405929268], [-7.270415891602038, 40.1886608955965], [-7.270009248545444, 40.18880034145555], [-7.269571425246164, 40.189018263380206], [-7.269332010982299, 40.18922136208474], [-7.269059096635107, 40.18940790987128], [-7.268890076350663, 40.18948535736024], [-7.2683987642909, 40.189744935826795], [-7.26789618509935, 40.19005863795835], [-7.267623011881145, 40.190265621577275], [-7.267432927934181, 40.19046638156542], [-7.266863789122119, 40.19087054013115], [-7.266734958246664, 40.1909916927703], [-7.266447035346703, 40.19139785808934], [-7.266438488525467, 40.191515861871366], [-7.266473577030985, 40.19167489370894], [-7.266617320154079, 40.1920626692897], [-7.266646679660901, 40.19225686876236], [-7.266616656733803, 40.19254023610746], [-7.266506300519766, 40.19273212800762], [-7.266171739034297, 40.19304572833434], [-7.265939519620577, 40.19337369481309], [-7.26576558126596, 40.19356907667095], [-7.265576780831338, 40.19381594876526], [-7.264610132314367, 40.193773505134125], [-7.263902856908043, 40.19377091087268], [-7.263488520471729, 40.19381031319548], [-7.263193217220413, 40.193945164181095], [-7.263029354958347, 40.19404029477271], [-7.262679335871784, 40.19416519250214], [-7.262287369873427, 40.19426401455824], [-7.261593874122546, 40.19414758207151], [-7.260950851987758, 40.19408853733626], [-7.260496091029457, 40.19411087371866], [-7.260123751790041, 40.19432790316725], [-7.259621029123132, 40.19450054187069], [-7.258946724369034, 40.19477490639806], [-7.258696607742358, 40.194965652348415], [-7.258852888616522, 40.195141809340306], [-7.258500194393561, 40.19547434148983], [-7.258170489764574, 40.19581785135915], [-7.25762415194192, 40.196496271017914], [-7.257232103045674, 40.19686515299102], [-7.25682463447428, 40.1972015683511], [-7.256460242937208, 40.19753177393933], [-7.256080353552717, 40.19774386719161], [-7.255864303401535, 40.19790496870529], [-7.255578271990452, 40.198019519225035], [-7.254401154888598, 40.198520687555714], [-7.253951744219958, 40.198955404772114], [-7.253674403316956, 40.199205642525484], [-7.253418478818382, 40.19971657389439], [-7.252984982187589, 40.200136460491365], [-7.25262122031589, 40.2005027488794], [-7.252002731965762, 40.20115897954703], [-7.251902665534205, 40.201240891084616], [-7.252015149083853, 40.20170715676356], [-7.252211382340175, 40.20198133671023], [-7.252342266366116, 40.202523750189044], [-7.252284816626569, 40.2035435663859], [-7.252175401795224, 40.20421293172156], [-7.252020681537459, 40.205033971831135], [-7.251957251181206, 40.20561597849911]]], "type": "Polygon"}, "properties": {"geo_point_2d": {"lon": -7.303807588024648, "lat": 40.21667757203303}, "year": "2024", "dis_code": "05", "dis_name": "Castelo Branco", "con_code": "0504", "con_name": "Fundão", "fre_code": "050432", "fre_name": "Três Povos", "fre_name_upper": "TRÊS POVOS", "fre_name_lower": "três povos", "fre_area_code": "PRT", "fre_type": "parish", "fre_name_long": "Três Povos"}}, {"type": "Feature", "geometry": {"coordinates": [[[-7.461184439784694, 40.1890565940726], [-7.460944160227615, 40.18944074105512], [-7.460737797985772, 40.18968413746203], [-7.460395160591235, 40.18993260264491], [-7.460220146332431, 40.19002020795479], [-7.459877140562466, 40.190127183865144], [-7.459477729168742, 40.19021429697369], [-7.459172575880711, 40.190221619458654], [-7.458980374274633, 40.19020690613205], [-7.458383050218671, 40.19002476293033], [-7.458094947051944, 40.18987539372746], [-7.45780536769735, 40.18968567012465], [-7.457621532951983, 40.1895847242113], [-7.45709986918198, 40.1894834367094], [-7.456730612773245, 40.18949002088926], [-7.456344842873322, 40.18957441020037], [-7.455903298749872, 40.1898014813153], [-7.455532728023253, 40.1901055118234], [-7.45534090518446, 40.19024172910734], [-7.455063750619844, 40.19036232107187], [-7.454863768907352, 40.190528297148084], [-7.454603757356199, 40.190884662875995], [-7.454309409349496, 40.19116320392272], [-7.453916147676963, 40.19143359634661], [-7.453446654542728, 40.19174100667684], [-7.453122661871301, 40.191858436185285], [-7.452674436221966, 40.19198702318103], [-7.452127348257554, 40.19227902148222], [-7.451444681898435, 40.19272890274137], [-7.451179401291575, 40.19283487579345], [-7.450719271278645, 40.1929664443134], [-7.450283972822801, 40.19296388474546], [-7.449775705186859, 40.19287137888973], [-7.448854878120824, 40.19268728106782], [-7.448641397476123, 40.192662063629314], [-7.448280565597853, 40.192576635048425], [-7.448060383211161, 40.19244700068968], [-7.447968495376549, 40.1923239817516], [-7.447947102226019, 40.19211537559485], [-7.447954207961343, 40.191804988048155], [-7.447982638301114, 40.19166331870546], [-7.448117676264944, 40.191371696174144], [-7.448264301499241, 40.1910950988365], [-7.448509278492651, 40.19067156267639], [-7.448545946680053, 40.190492924468266], [-7.448530434006075, 40.19009630945404], [-7.448405568411752, 40.18977244580987], [-7.448242274002805, 40.189392703370444], [-7.447820345749729, 40.18883239925139], [-7.44704037529671, 40.188215134144585], [-7.446681000010574, 40.18801011043162], [-7.446495143845846, 40.187937506744014], [-7.446223570926887, 40.187888077644295], [-7.445633287479788, 40.187828024576746], [-7.44487977307816, 40.1877815948072], [-7.444593000242213, 40.187702537913275], [-7.444212231015338, 40.18757050456508], [-7.443910265693579, 40.18746064220609], [-7.443452510415748, 40.18737155865062], [-7.442893718474006, 40.18728745813474], [-7.442240208024431, 40.18694360108663], [-7.441862267675446, 40.18668379094346], [-7.441708117317734, 40.18654274201128], [-7.441540079767729, 40.18587054163612], [-7.441483177337946, 40.18572692215609], [-7.441176419705216, 40.18558100263901], [-7.44068819813449, 40.185440754147415], [-7.440292270438132, 40.185393634675336], [-7.440067139155585, 40.18535068306809], [-7.43993956081261, 40.18528715334391], [-7.439647446473924, 40.18496039456221], [-7.439415957251813, 40.18480392873899], [-7.438908833246139, 40.18460700666485], [-7.438269886924496, 40.18438254042718], [-7.437676723105995, 40.184217968586196], [-7.437095163688066, 40.18408930385464], [-7.43662985215132, 40.18397303775752], [-7.435807080110798, 40.183848771619054], [-7.43516433792158, 40.183630214620315], [-7.434360609540005, 40.18316023481947], [-7.43308579118736, 40.18239498892364], [-7.432753060753819, 40.182243757624356], [-7.432403788929903, 40.182205986597616], [-7.431945253174431, 40.18219727375364], [-7.431625503067427, 40.18230287320104], [-7.43083137615801, 40.18279870004354], [-7.43044843066118, 40.18297514691443], [-7.429965657358704, 40.18307380653977], [-7.429382482114756, 40.18308206787101], [-7.428917786332151, 40.18293011608674], [-7.428616664491005, 40.18273151457257], [-7.428332334444111, 40.18241972064765], [-7.428024061279752, 40.181970352595116], [-7.42801003121934, 40.18183914360377], [-7.428114034465493, 40.18152340773697], [-7.428020107533992, 40.181215827984914], [-7.427728956217196, 40.18081438595574], [-7.427472650406122, 40.18059813293087], [-7.427151889387662, 40.18043804094698], [-7.426632780805521, 40.18027079853325], [-7.426304445396918, 40.180072023989815], [-7.425977926712581, 40.17969719887785], [-7.425878007419326, 40.17960707085431], [-7.425621608920447, 40.17958182621848], [-7.425189992332921, 40.17960594132033], [-7.424843318182622, 40.17968127446561], [-7.42438316949442, 40.17994350461066], [-7.423728984645564, 40.180437706107575], [-7.423498383104651, 40.1805854298366], [-7.422983279730319, 40.18094809599303], [-7.422674784290252, 40.18107742230297], [-7.42208721474993, 40.18114838857499], [-7.421702383902224, 40.1811550392483], [-7.420908563524262, 40.1811200017136], [-7.420097063011277, 40.18105846195977], [-7.419207280963406, 40.18103813787232], [-7.418787402304474, 40.18105040929166], [-7.418253988241132, 40.180972834301386], [-7.417917694987907, 40.180806677054235], [-7.417628867147355, 40.18054823257616], [-7.417405948724953, 40.18030820464143], [-7.417132055690034, 40.17975716456856], [-7.416992834430083, 40.1793179083645], [-7.41702646835768, 40.179088469401655], [-7.417127538532399, 40.178698426474604], [-7.417309025985389, 40.17826420828484], [-7.417529528059284, 40.17799395100661], [-7.417736782530257, 40.17787896603079], [-7.418164421962591, 40.17749390335257], [-7.418345190987889, 40.17729526811089], [-7.418499043903767, 40.177066484318935], [-7.418548063609666, 40.176858300715985], [-7.418535009365733, 40.17661362249498], [-7.418374331627724, 40.176361917154914], [-7.417888282095629, 40.17602490098539], [-7.417285165148234, 40.175723092172376], [-7.416495522238161, 40.17541994750385], [-7.415953261197644, 40.17524972570948], [-7.415361474240036, 40.17497751699953], [-7.414945047015163, 40.17466487280119], [-7.41414111132241, 40.174260222534], [-7.413622055316972, 40.174095709420534], [-7.41245709431755, 40.17401706946494], [-7.410949222092931, 40.17402570881462], [-7.409825888450954, 40.17441829845695], [-7.408349398429723, 40.175595329218716], [-7.406712661357675, 40.17670099565067], [-7.406127978427964, 40.17712033443389], [-7.404902741687222, 40.177758187919565], [-7.404639626592183, 40.177934667321665], [-7.404492621605602, 40.178111878717694], [-7.404317084983968, 40.17826675425283], [-7.403908623977216, 40.178464567540615], [-7.402566038621067, 40.17923512182629], [-7.401631309643517, 40.17980803474056], [-7.400900860003886, 40.18027118625182], [-7.400608253196829, 40.180491869293725], [-7.400342008691811, 40.18100216459969], [-7.40013507392205, 40.18133487942922], [-7.399840307739733, 40.18175601659916], [-7.399400181363933, 40.18222072402934], [-7.398725900342285, 40.182861988147174], [-7.398665503359638, 40.183084232588826], [-7.398750107266176, 40.183307654432824], [-7.398658557198038, 40.18373007459545], [-7.398421767559399, 40.184151578429436], [-7.39828990165375, 40.1844361321656], [-7.398037106421566, 40.18483924820951], [-7.397568660347012, 40.18523703476534], [-7.397157253347297, 40.18572434106297], [-7.396689518241105, 40.18605512276655], [-7.396227398952492, 40.18623545797906], [-7.397256400995455, 40.18745226322157], [-7.397443090514623, 40.18762770619371], [-7.397906634445749, 40.1879700698419], [-7.398109824459324, 40.18814048322646], [-7.39836317195893, 40.18829878933029], [-7.398583828796799, 40.188460939162795], [-7.398815531811331, 40.18865575685889], [-7.39899338624961, 40.18872523600897], [-7.399082711278987, 40.18871796649305], [-7.399502283632882, 40.188563558989266], [-7.399677091761151, 40.18855646685637], [-7.399803316246079, 40.188590225836826], [-7.400073055316342, 40.188720260221714], [-7.400583050606909, 40.18903643027486], [-7.400773909921443, 40.18924026155006], [-7.400953887504793, 40.18946338881192], [-7.401080715192888, 40.189714098526025], [-7.401144325253799, 40.18994783415824], [-7.40107684790966, 40.190458482680995], [-7.401131522746902, 40.190594187039096], [-7.401389443805173, 40.1907326072421], [-7.401493609197091, 40.19084133402796], [-7.401497525226231, 40.19115565768584], [-7.401567525255757, 40.191307844687884], [-7.401821356058505, 40.19145524565068], [-7.401970917281609, 40.191569032720786], [-7.402102491495834, 40.19176150205247], [-7.402214891294546, 40.191990144346256], [-7.402266235327734, 40.19226207818745], [-7.402272902379761, 40.19276887162088], [-7.402321491353527, 40.19300215414033], [-7.402459009419173, 40.1934519537015], [-7.402513298700804, 40.19370076742745], [-7.402494286154184, 40.19396271091974], [-7.402393313638331, 40.194421909231224], [-7.402397203224145, 40.19471686920197], [-7.402533650201584, 40.19495944080433], [-7.403117929118276, 40.195571274744644], [-7.403287203029693, 40.19577586617156], [-7.403438753091484, 40.19601231701272], [-7.403519725270155, 40.196237700541715], [-7.403581843769554, 40.19648043278107], [-7.403685849174932, 40.19672622161118], [-7.403802579358159, 40.19694642496897], [-7.403977479028732, 40.19716366247333], [-7.404231625596456, 40.1973608601574], [-7.404762663030405, 40.19785923885237], [-7.40497293760801, 40.198272298158855], [-7.405014163714751, 40.19839296096719], [-7.407102787012636, 40.2015928914375], [-7.407348155009869, 40.20174581334679], [-7.407555426077089, 40.201958205055334], [-7.407776135392345, 40.202430942600344], [-7.407958423218746, 40.20264092378078], [-7.408235440546033, 40.20285482644178], [-7.409454279026125, 40.20464412141853], [-7.409400787934592, 40.205102805991494], [-7.409277090571419, 40.20545910904121], [-7.409235964370413, 40.2056930006468], [-7.409259262952731, 40.20592135131723], [-7.409310931542738, 40.206144022029356], [-7.409322930334119, 40.20638580884581], [-7.409207890198674, 40.20684447214774], [-7.409122323231304, 40.207038105573574], [-7.408765929905571, 40.20740565220983], [-7.408540002112259, 40.20769863719961], [-7.408444162322343, 40.20773127207094], [-7.408301266518462, 40.20788149483026], [-7.407739334272772, 40.208135996837484], [-7.407463747694774, 40.2082158625462], [-7.406709140231592, 40.20819799820384], [-7.406490337356737, 40.208218242313976], [-7.406186118502056, 40.20828387626317], [-7.405771103907621, 40.208319550881065], [-7.405908808522363, 40.20841497646884], [-7.406024244693316, 40.20854970000408], [-7.406437122440443, 40.208935301013135], [-7.406659274960212, 40.20910861072041], [-7.406853622967486, 40.20931218138415], [-7.407038836803826, 40.20963421639833], [-7.40734280929337, 40.21004443441138], [-7.407475307448903, 40.21027634723327], [-7.407556251191219, 40.21049605186618], [-7.407681614091978, 40.210913349874424], [-7.407849564414177, 40.21119159475035], [-7.407851681684842, 40.21142350241948], [-7.407888651107664, 40.21149298735147], [-7.40822559275416, 40.211797862154945], [-7.408377129831074, 40.21188526352672], [-7.408524298896822, 40.21204180149285], [-7.408813279083015, 40.21216266069617], [-7.408947651916951, 40.212273817341625], [-7.409266903882865, 40.21234236129382], [-7.409415753398493, 40.212440373079374], [-7.409591334789896, 40.21273108742124], [-7.409681147964164, 40.21279135598061], [-7.409994846159874, 40.21289687683216], [-7.410240495395916, 40.21291641729205], [-7.410452205941265, 40.21300185022451], [-7.410604063373532, 40.2131488696151], [-7.410682575785478, 40.2134996777638], [-7.410823776095772, 40.213721555440216], [-7.410809807506886, 40.21395336800555], [-7.410696610597415, 40.21421544559487], [-7.410731849132981, 40.21439325519344], [-7.410945256864022, 40.21462936660352], [-7.411143447237923, 40.214805849330915], [-7.411365651021666, 40.21509937329901], [-7.411698851382363, 40.21533901568241], [-7.411778292726694, 40.21543569121508], [-7.411900740362403, 40.21572103029714], [-7.411873860649034, 40.216162951982824], [-7.411934878431495, 40.216380636216385], [-7.412072485953192, 40.21665391538317], [-7.41224101093572, 40.21691441326409], [-7.412398554745769, 40.217125314546614], [-7.412708364736856, 40.21743397241261], [-7.412768552308421, 40.21776368600457], [-7.413081898559359, 40.2188173078424], [-7.413060275084758, 40.218985132137384], [-7.41292272486705, 40.219217345745456], [-7.412789757326071, 40.219348542428406], [-7.412596079988618, 40.21938894705529], [-7.412470586301124, 40.219469400236335], [-7.412443729871288, 40.21964286272442], [-7.412575547306408, 40.21979767517737], [-7.412763282679712, 40.21989790681425], [-7.413080512389926, 40.22001694714971], [-7.413112709685758, 40.220060736102944], [-7.413084067840532, 40.22040331443486], [-7.413441153635613, 40.22050882203401], [-7.413707831101127, 40.22078794206325], [-7.413801385593322, 40.22096223783407], [-7.413804360602346, 40.22108095280843], [-7.413717080070372, 40.22120316032374], [-7.41357839837845, 40.221297128663956], [-7.413528714765883, 40.221373639604664], [-7.413528683529293, 40.22149918024455], [-7.413649746438196, 40.22162735856423], [-7.413826223360108, 40.22169266538892], [-7.413973579970524, 40.221711856372494], [-7.414081881193534, 40.2217690843254], [-7.414148624667098, 40.221890802564324], [-7.414309835966183, 40.22194385518439], [-7.414315669722709, 40.222070514728244], [-7.414373275171765, 40.22212238165041], [-7.414567803032933, 40.22213655501026], [-7.414729207911142, 40.222260568923474], [-7.414904816162016, 40.222586944010615], [-7.415370727779758, 40.22294726085733], [-7.415473770841893, 40.22315871678574], [-7.415559710498137, 40.22339871021492], [-7.415687281022473, 40.22327765257016], [-7.415858172685338, 40.223204410812656], [-7.416328878045591, 40.22316562665269], [-7.416480431486293, 40.22312072412741], [-7.416709975522153, 40.22314519351047], [-7.416933496155353, 40.22322879643293], [-7.417045270707491, 40.22321336323833], [-7.417412397895419, 40.22306901612886], [-7.417568597949612, 40.22288455384566], [-7.41757594267145, 40.22263190197419], [-7.417526767193217, 40.22240330350576], [-7.417534154313392, 40.22215857692481], [-7.417609989729271, 40.22191778031822], [-7.417618167576432, 40.22176536648234], [-7.417666507310647, 40.221670564731696], [-7.417882803918859, 40.2214906142652], [-7.418118853627974, 40.22131987760055], [-7.418400775150715, 40.22104298041047], [-7.418516426716205, 40.220870062990265], [-7.41861087780226, 40.220792115158815], [-7.41886568920245, 40.22066931592147], [-7.418974409782662, 40.22064152684146], [-7.419293938495886, 40.22063277294024], [-7.419609972874733, 40.220676686483394], [-7.419779219558271, 40.22072554383302], [-7.420036956242984, 40.220727127470994], [-7.420139832177256, 40.22069705255521], [-7.42044642211239, 40.220521073782024], [-7.420536720778603, 40.22050280774295], [-7.420837502320412, 40.22052185464976], [-7.421010605282115, 40.220584511810365], [-7.421178693407208, 40.22068856966398], [-7.421647606225964, 40.220841660548466], [-7.422071963445992, 40.220952958478385], [-7.422296500623175, 40.22095037330804], [-7.42271928185499, 40.22085245679766], [-7.42294982376829, 40.2207126615638], [-7.423390867193646, 40.220530109736195], [-7.423686729134851, 40.22053759533062], [-7.423990418980599, 40.220684351446266], [-7.424149262232472, 40.22072836833486], [-7.424344607015118, 40.220731273089775], [-7.424559400914829, 40.22078436668452], [-7.424719402865824, 40.22078453283728], [-7.425034796328228, 40.220709639254764], [-7.425218896688267, 40.220629712803216], [-7.425465693123406, 40.22047469678822], [-7.425579699313079, 40.22043576849385], [-7.425874940635887, 40.2204346838439], [-7.426353866800914, 40.22050685617287], [-7.426512299766962, 40.220499894829715], [-7.426782782287884, 40.22041688819752], [-7.427116062089656, 40.22044089194819], [-7.428711515081006, 40.22077587017056], [-7.429276632335823, 40.22092086741481], [-7.42992349107631, 40.221034569176595], [-7.430355257017405, 40.221124086984624], [-7.430535205837326, 40.2211156297382], [-7.430764672815669, 40.22102192357275], [-7.43113036635884, 40.220785211645186], [-7.431901700581951, 40.220195502797694], [-7.432949568414202, 40.21978954715986], [-7.433477621527635, 40.21952760394033], [-7.434350799570705, 40.21922279826594], [-7.434940104053643, 40.219001204491526], [-7.436072476067385, 40.218806557305236], [-7.436619201763305, 40.21870429122381], [-7.437005557146677, 40.218569538976105], [-7.437648735211876, 40.21832880382372], [-7.438069224989712, 40.217817458029906], [-7.43824860344932, 40.217380312628116], [-7.441123534695071, 40.21696836785234], [-7.442716648128881, 40.21676730333956], [-7.445247093924615, 40.215376902342065], [-7.448530331485246, 40.215224036696746], [-7.448561326059564, 40.21522619676928], [-7.449119056056718, 40.2149239223135], [-7.449666580384159, 40.21479593542205], [-7.450635652448407, 40.21481406682481], [-7.451043880731013, 40.21484825530235], [-7.45141679901192, 40.214852967483296], [-7.45191247273875, 40.21480013461532], [-7.452479568960924, 40.214675761825205], [-7.452853988771817, 40.21431853770973], [-7.452964352430357, 40.21424209427358], [-7.453464679373026, 40.21383886621946], [-7.454025853757591, 40.21311665592229], [-7.457820191720304, 40.212856282446495], [-7.458842368733894, 40.213370413946826], [-7.459272993987844, 40.21371711640976], [-7.459404656859616, 40.21375507390064], [-7.459547540940946, 40.21370294797449], [-7.460662550208739, 40.213370349661275], [-7.462026189105221, 40.2131972235317], [-7.462819284785597, 40.213083023927375], [-7.464142275391588, 40.213136041424356], [-7.464889227105983, 40.21285180588788], [-7.465245711297125, 40.21283053297187], [-7.465207783896016, 40.21275745569792], [-7.46510794008663, 40.212324877525006], [-7.465036215736641, 40.21221216259308], [-7.465023114701633, 40.21203845763078], [-7.465102850814532, 40.21182485078115], [-7.465080161006021, 40.21169467928211], [-7.464951079773257, 40.211633146231314], [-7.46492968799997, 40.21156269132003], [-7.465024686795657, 40.211349621097014], [-7.465063304405516, 40.21107715207743], [-7.465151234657021, 40.210853865318754], [-7.465177632237017, 40.210617346986616], [-7.465275371570746, 40.2104727415697], [-7.465474306891059, 40.210345280495595], [-7.465725180594938, 40.2102157806472], [-7.4660158519197, 40.2100888511151], [-7.46622160636737, 40.20991279959241], [-7.466301947690568, 40.20980519141111], [-7.466355447212535, 40.209595218484516], [-7.466571828130025, 40.20929341872728], [-7.466648867233459, 40.20902981494], [-7.466693980477058, 40.2088004284315], [-7.466825223931052, 40.20849561995092], [-7.466981664516505, 40.208268492398595], [-7.4672236389369, 40.208099671952944], [-7.467436755585607, 40.20791429543806], [-7.467613755022549, 40.20771097311181], [-7.467755250976854, 40.20751032468145], [-7.467878747805957, 40.20728841266608], [-7.468054200210302, 40.20709885777942], [-7.468539776186677, 40.206483034559405], [-7.468680044467686, 40.20625167090446], [-7.468905207908734, 40.20581735105514], [-7.467459191041644, 40.20154378368191], [-7.467342088830117, 40.20147169799289], [-7.467223450000408, 40.20111240804608], [-7.466978183306768, 40.200923325411935], [-7.466742319606094, 40.20078211258883], [-7.466386443265256, 40.20050647674383], [-7.466202346767311, 40.20024794453013], [-7.466112850136772, 40.19998401241565], [-7.465899648872874, 40.19987949372652], [-7.465608088459249, 40.19959782934096], [-7.4654848994013, 40.19945212850247], [-7.465361519025193, 40.1993510032602], [-7.464947056151871, 40.199206777818844], [-7.464730366589094, 40.19918355907448], [-7.464587100985766, 40.199121405096975], [-7.464581794064543, 40.19889596055101], [-7.464528191116241, 40.19874507424446], [-7.464555154679845, 40.198426340506046], [-7.46459931866962, 40.19820937419926], [-7.464515137437465, 40.19800337778137], [-7.464081020489254, 40.198164151754185], [-7.463605217868484, 40.19827650385285], [-7.463473635849025, 40.19812543800076], [-7.463242276179838, 40.19793354419731], [-7.462967951214331, 40.19775193347543], [-7.462187318071, 40.19733352558879], [-7.461958790642757, 40.19718865132905], [-7.461249013395387, 40.196683918549624], [-7.460747518624528, 40.196364370570514], [-7.460545518094563, 40.19617488971503], [-7.460017566819501, 40.19551360519056], [-7.459843121855869, 40.19528042691732], [-7.459748795820631, 40.195020965439014], [-7.459600858632994, 40.194279382191155], [-7.459481467767014, 40.19378697942471], [-7.459291262713763, 40.19342654677556], [-7.459121852809263, 40.19324319598704], [-7.459446624965887, 40.19318880019162], [-7.459674553370023, 40.193023244514684], [-7.460217908173724, 40.19274973804933], [-7.46014937925293, 40.19266126393747], [-7.460107597507934, 40.19243245760541], [-7.460125555115283, 40.191933283478], [-7.460156905807064, 40.19167121968777], [-7.460260027349551, 40.19143145262703], [-7.460393675825949, 40.19121554990471], [-7.460534971738929, 40.191034000829845], [-7.460719332385276, 40.190855766385816], [-7.460864718056507, 40.19065172705651], [-7.460976463648295, 40.190394178807736], [-7.461173858136625, 40.1898580433297], [-7.461175601436505, 40.18960868559755], [-7.461108708662885, 40.18947348321395], [-7.461184439784694, 40.1890565940726]]], "type": "Polygon"}, "properties": {"geo_point_2d": {"lon": -7.430457454605808, "lat": 40.199571939259165}, "year": "2024", "dis_code": "05", "dis_name": "Castelo Branco", "con_code": "0504", "con_name": "Fundão", "fre_code": "050421", "fre_name": "Pêro Viseu", "fre_name_upper": "PÊRO VISEU", "fre_name_lower": "pêro viseu", "fre_area_code": "PRT", "fre_type": "parish", "fre_name_long": "Pêro Viseu"}}, {"type": "Feature", "geometry": {"coordinates": [[[-7.527783820947347, 40.17867237210384], [-7.528288509536128, 40.178798023173634], [-7.528586537243742, 40.17883298417453], [-7.52895512774777, 40.17873502989626], [-7.529181097753012, 40.17872638711101], [-7.529368598895641, 40.1788064308778], [-7.529584531409131, 40.17896425645711], [-7.529988036750539, 40.17932721310993], [-7.530259129206192, 40.17946109816998], [-7.5305572600108, 40.179551078486185], [-7.530875600749057, 40.17966692435452], [-7.531398635422645, 40.17993701452178], [-7.531991613340304, 40.1802249377211], [-7.532833916511018, 40.18068039586799], [-7.533384743805957, 40.18095656409691], [-7.533640556525928, 40.181133771091034], [-7.533705449893882, 40.18108457140637], [-7.534339553413393, 40.18082127372186], [-7.534919525934532, 40.18062613360044], [-7.535196039518184, 40.180517867332156], [-7.535700135741768, 40.18027082071604], [-7.536254190731484, 40.17997647774237], [-7.536433756267531, 40.17994471034692], [-7.536822641320255, 40.179942208319076], [-7.537116870846448, 40.17988887152007], [-7.537756418654015, 40.179753102079836], [-7.537863673910551, 40.1797601386814], [-7.538519889869486, 40.1800829351323], [-7.539023956425114, 40.180365233275985], [-7.53982772725429, 40.18078783816684], [-7.540342036304356, 40.18106739123811], [-7.540598593377352, 40.181188027359276], [-7.541099687505669, 40.18148975653765], [-7.541678188959576, 40.181910028345214], [-7.542024433988471, 40.18214170928124], [-7.542286010090069, 40.18226713857074], [-7.542575551419874, 40.18237640935955], [-7.542871806442407, 40.18246968597093], [-7.543333929205787, 40.18221455619131], [-7.544083805905891, 40.18177140798098], [-7.544647295773622, 40.18149625619444], [-7.544750041444056, 40.181468047080024], [-7.545080078062806, 40.18104671795443], [-7.545261512292035, 40.18085257203042], [-7.545684970960106, 40.180502948013796], [-7.545911983097669, 40.18034676855573], [-7.54641554429622, 40.18003437834694], [-7.546622955653104, 40.17984918760238], [-7.546799019132296, 40.17963619070329], [-7.54723281537394, 40.17928427175332], [-7.547429934044101, 40.17910830345805], [-7.547656484776505, 40.178936085993044], [-7.548124127326967, 40.17860684939493], [-7.548294526260166, 40.17839642872877], [-7.548406248695604, 40.17818247658172], [-7.548848192241777, 40.17756222119966], [-7.548991474788576, 40.177337527042546], [-7.551277431931715, 40.17864241002808], [-7.551558971746328, 40.17871280392499], [-7.551725686277361, 40.178864755651894], [-7.551793536716023, 40.178976858846845], [-7.552061360748028, 40.17926548153662], [-7.552167021476945, 40.179335804343985], [-7.55246049175776, 40.17939779132334], [-7.552780029608375, 40.179362284914255], [-7.553061718830299, 40.179290475478425], [-7.553479896759025, 40.17929535176958], [-7.553605998489133, 40.17926707518663], [-7.553813894246974, 40.17917463047886], [-7.554036618360085, 40.17910594672833], [-7.554308752478801, 40.17891394942727], [-7.5547373752811, 40.17879369758635], [-7.554986260654071, 40.178671643482744], [-7.555185823250576, 40.17848099459776], [-7.555436681922643, 40.17807023193362], [-7.555687156696714, 40.17793972053848], [-7.555950165201974, 40.17777136097908], [-7.556175885543828, 40.1775833605802], [-7.556370884247529, 40.17739016522397], [-7.556623296439702, 40.17723859045475], [-7.556928860482891, 40.17716040352474], [-7.557064721468241, 40.177101459086494], [-7.557386291551489, 40.17689339982929], [-7.557652536549578, 40.176772060265044], [-7.557939225378179, 40.176690536532114], [-7.558476928525814, 40.17662196041896], [-7.558803702575159, 40.17650650312982], [-7.559381820779962, 40.17632330322848], [-7.559821847826123, 40.17617012216451], [-7.559960782734055, 40.176151084534624], [-7.560030764106613, 40.17606560882741], [-7.560250649851214, 40.1758992756079], [-7.560542912857121, 40.17580984783524], [-7.560865786571838, 40.175808555063156], [-7.561171603196208, 40.17578340529145], [-7.561758218431264, 40.1756770544416], [-7.562701198478014, 40.17545320864449], [-7.562955910802258, 40.17530496257063], [-7.563076885878696, 40.17517272197219], [-7.563134754869696, 40.175046924974865], [-7.563130322076643, 40.17483274582865], [-7.563058873591092, 40.17461544401573], [-7.562996472747145, 40.174312546461536], [-7.562996339804299, 40.174075063301366], [-7.563050910102493, 40.17396554976871], [-7.56313014333206, 40.17392487407989], [-7.563339341457007, 40.17392616765375], [-7.56358833732744, 40.17398367572692], [-7.563849359614736, 40.17397873998252], [-7.564431661511787, 40.1738389443936], [-7.564727409934675, 40.17365298127441], [-7.565050030424886, 40.17341302135982], [-7.56536513716244, 40.17334143675278], [-7.565554475696996, 40.173330832165185], [-7.565780649044088, 40.17350755210744], [-7.566018721623326, 40.17355176102671], [-7.566614693539079, 40.17353215497201], [-7.566890570260592, 40.17344848742938], [-7.567046479382454, 40.17323562734646], [-7.567077318559144, 40.172985327112634], [-7.5669770714679, 40.172643160241996], [-7.566802148871796, 40.172161036368784], [-7.566766227066249, 40.17187745267685], [-7.566828465144445, 40.171719614265555], [-7.56700928903172, 40.17154578131954], [-7.567133933445217, 40.17150667306759], [-7.56734757152573, 40.17149591864364], [-7.568036776252978, 40.171527996895456], [-7.568343362707792, 40.17146356903789], [-7.56848479164369, 40.17138239468998], [-7.568583113815845, 40.17126075290869], [-7.568618680448695, 40.17111962621477], [-7.56861334606537, 40.1706851603101], [-7.568628998701449, 40.17058112709835], [-7.568769189468966, 40.17037945065906], [-7.56893928349261, 40.170266535611], [-7.568878381454481, 40.169950765377905], [-7.569140285086576, 40.169752195975455], [-7.569763690816314, 40.1694329976219], [-7.570545454719983, 40.16931385433332], [-7.571067844013722, 40.169101325096406], [-7.571671290273127, 40.16876652492772], [-7.571896421900507, 40.16816872922509], [-7.572643549566296, 40.167389373036826], [-7.574373010216948, 40.166461097530664], [-7.576224642150685, 40.16525708897271], [-7.576805961858417, 40.16516756521875], [-7.577629051444383, 40.16489520517912], [-7.578231692599178, 40.16463718664903], [-7.57867582930548, 40.16419406219647], [-7.578982808464264, 40.163366451190726], [-7.579368337327757, 40.16272329408575], [-7.580578667425632, 40.1622716524608], [-7.581421543453494, 40.16201448681338], [-7.582128095125658, 40.16129629678898], [-7.582736238543213, 40.1603625769469], [-7.583706305286932, 40.15921550576968], [-7.585152913386612, 40.15856220895549], [-7.586159129686228, 40.15790673615491], [-7.586441253635221, 40.15766238258138], [-7.586819910286614, 40.15572052682519], [-7.586984086989382, 40.15487061329414], [-7.587112481311333, 40.15382708057511], [-7.587025140092149, 40.15278568416105], [-7.586986283392961, 40.15244859771878], [-7.586945010154039, 40.15234114288264], [-7.586955790594279, 40.15213757231875], [-7.587051209525447, 40.15193088771829], [-7.587138671013809, 40.15167769150276], [-7.587261947758348, 40.15142241887768], [-7.587532953286431, 40.151066607896084], [-7.587728293219286, 40.15072188458845], [-7.587876432257288, 40.15052697058734], [-7.587879796253471, 40.15028166765259], [-7.587720208845798, 40.14968986729393], [-7.587690244285353, 40.14951807648099], [-7.587662859373027, 40.149066215321746], [-7.587689062944639, 40.148576061305484], [-7.58340871342488, 40.139835270483374], [-7.580808730232236, 40.136842094771374], [-7.581128304626455, 40.13652921840703], [-7.581343308728613, 40.13618864958158], [-7.581427620907235, 40.13599091933244], [-7.581471654407457, 40.13578363189987], [-7.581464335135769, 40.13548280484192], [-7.581511903462788, 40.13528742112285], [-7.581681501743841, 40.13499049321619], [-7.581611826012542, 40.13492937688219], [-7.581314713093151, 40.13423334233379], [-7.581354214630167, 40.13413671602476], [-7.581542141854924, 40.13389418127656], [-7.581626510385897, 40.13364521098909], [-7.581600014656535, 40.13354124566009], [-7.58150590133711, 40.133440653396434], [-7.581108190954707, 40.13330475746701], [-7.580846960558437, 40.133150686934314], [-7.580643312319856, 40.13305885305753], [-7.58006368983443, 40.132914523291504], [-7.570337472566956, 40.131356549438514], [-7.570127504580502, 40.1312933006889], [-7.56999575652083, 40.13133408916721], [-7.569725718960941, 40.131328548408476], [-7.56959752263206, 40.131294692836995], [-7.569152618361823, 40.131251741084874], [-7.568855313811101, 40.13119373841456], [-7.568603743307021, 40.131111464523364], [-7.567936893334408, 40.1309781800449], [-7.567615220294611, 40.13086007854085], [-7.567144482358009, 40.13077736417913], [-7.566900960836134, 40.13070043491591], [-7.566633863976772, 40.13056656877277], [-7.566434776627692, 40.130238325923536], [-7.566251448214084, 40.12987800691684], [-7.566178023327621, 40.12964880883831], [-7.566041853996734, 40.12935995896609], [-7.56602642587116, 40.12921128571004], [-7.565833885106286, 40.12850437927771], [-7.565789481155234, 40.12804396268408], [-7.56569466828157, 40.127791063936854], [-7.565611789576587, 40.12769834981753], [-7.565386750356315, 40.12753037067031], [-7.564998184678933, 40.12737393072693], [-7.564661997011334, 40.12721279422889], [-7.564179499721219, 40.12693935647329], [-7.563841059137264, 40.1268082854095], [-7.563247074975566, 40.12635670334415], [-7.556484811082667, 40.12634026848823], [-7.555557504248689, 40.126467059393725], [-7.553629077703023, 40.1264451168448], [-7.551422558832939, 40.12760223919116], [-7.551231495417168, 40.12776194767753], [-7.551021160867276, 40.12788328202119], [-7.550893188958655, 40.12788039175026], [-7.550401375273529, 40.12774229711946], [-7.550192480919534, 40.127735935060436], [-7.54989628292451, 40.12781352296805], [-7.549373040412914, 40.12785339828097], [-7.549246897863021, 40.12797965669301], [-7.549155790486322, 40.128193992101494], [-7.549032276032442, 40.128410863063266], [-7.548760175964403, 40.12864787977213], [-7.548677640226496, 40.12869591151788], [-7.54767406518889, 40.12906514382009], [-7.547451088262512, 40.12916866876519], [-7.547363531462861, 40.12917273160423], [-7.547341703149518, 40.12931022800266], [-7.547224225732905, 40.129492634854415], [-7.547248294129854, 40.12960055473306], [-7.547181656800568, 40.12965506723289], [-7.546972086016046, 40.12965824220354], [-7.546877932854579, 40.12973341442099], [-7.547201194445178, 40.13008636212439], [-7.547329610816814, 40.13029829052822], [-7.547396800488411, 40.13052242555633], [-7.547394838844823, 40.13076557172774], [-7.547442073944238, 40.13107227917763], [-7.547425030929393, 40.13162434374389], [-7.547385384879425, 40.132089651654965], [-7.54725033621292, 40.13261077196584], [-7.547149631946573, 40.13286179756401], [-7.546878931214792, 40.133302347577846], [-7.546834694611023, 40.133453242808315], [-7.546871482568447, 40.13365155456234], [-7.546971295000393, 40.133752202814065], [-7.547363720329624, 40.133990765524196], [-7.547428921443242, 40.13404936443096], [-7.547572059389732, 40.134270460158746], [-7.5476386384092, 40.13433275473291], [-7.548031630718699, 40.13454718309919], [-7.548294864273258, 40.13473258810505], [-7.549518065216412, 40.13502215498018], [-7.549622775350733, 40.135154343594095], [-7.549547321546922, 40.13540279753042], [-7.549577971066075, 40.13559233991215], [-7.549745655959387, 40.13581157890759], [-7.549971193055742, 40.13598832192434], [-7.550242496014621, 40.136164398771356], [-7.550441316296197, 40.1363652331806], [-7.550490104426004, 40.13645076638643], [-7.550539827326774, 40.136674449472245], [-7.550561079880908, 40.13699002786745], [-7.55075673794873, 40.13749335866508], [-7.550720015298729, 40.137741463178955], [-7.550743508014084, 40.13786225774416], [-7.550865862927512, 40.138059109852875], [-7.551091320956686, 40.13823243340369], [-7.551359875601568, 40.138388585325565], [-7.551440388455746, 40.138469410686646], [-7.551691194572899, 40.13894743642809], [-7.551878625903781, 40.13920504196498], [-7.551913947889926, 40.139287709713564], [-7.551852764011789, 40.13956964579769], [-7.551878849032492, 40.13964830729221], [-7.552126404279118, 40.13990116995729], [-7.552469812324394, 40.140557789788], [-7.552576900141778, 40.14103338343478], [-7.552637994765257, 40.141135277152536], [-7.55282190046749, 40.14125696438722], [-7.552957851040125, 40.141290780980015], [-7.55327252122285, 40.14128253880382], [-7.553906033343363, 40.14132847463256], [-7.554046063165027, 40.14135141591492], [-7.554194719547374, 40.14146473113168], [-7.554296191442807, 40.141676512276305], [-7.554437699761325, 40.141900112813346], [-7.554435931990447, 40.14206725436642], [-7.554275668269873, 40.14228565785891], [-7.554137915023699, 40.14252029152523], [-7.554081893465495, 40.142830712190516], [-7.553935551770658, 40.143026130594585], [-7.553549181817749, 40.143406953518934], [-7.553325003978576, 40.14359216420938], [-7.552624078255317, 40.14411775443134], [-7.552176335094895, 40.14448331431404], [-7.551761340916173, 40.144834448202374], [-7.551621058789705, 40.14497757157203], [-7.550942053319478, 40.145558104687936], [-7.550512111846198, 40.145940138226585], [-7.550190703747196, 40.14619879547755], [-7.549785170273855, 40.14655221853285], [-7.549446281042205, 40.146810066945704], [-7.549374607458695, 40.146916605572756], [-7.549295651027518, 40.147312735945384], [-7.549164242844472, 40.147474450426294], [-7.548959787414635, 40.14758716537674], [-7.548687129866548, 40.147687649792886], [-7.548440131472764, 40.147862469842856], [-7.547886031463355, 40.14854159929049], [-7.54770269517908, 40.148777620155464], [-7.547550814206054, 40.149012718181005], [-7.547347927055903, 40.14946225559924], [-7.547287470017324, 40.149711049840086], [-7.547266780929592, 40.15023553705516], [-7.54722515221896, 40.15049172125252], [-7.547115032328963, 40.150715771663755], [-7.546942677997461, 40.1509563461347], [-7.546456068755652, 40.15197262720257], [-7.54616889408547, 40.15242173702657], [-7.54584203834913, 40.15285947755905], [-7.54568464534942, 40.153051406821035], [-7.545498843713244, 40.15323058616914], [-7.545049700446148, 40.15352946711166], [-7.544566096099941, 40.15387680377657], [-7.54429228691038, 40.15405328142339], [-7.543795224222102, 40.1543954994891], [-7.543032359147569, 40.15490973056585], [-7.542219922825917, 40.155400023542136], [-7.540904966159111, 40.15612648922324], [-7.540649632739457, 40.15628188613774], [-7.540358162904687, 40.15650275481371], [-7.540080417143963, 40.15695441807566], [-7.53993444586026, 40.15731534437732], [-7.539924974249735, 40.15755512040401], [-7.539862491547289, 40.158060746497625], [-7.539845052821066, 40.15921817612999], [-7.539729397407272, 40.15937185310752], [-7.539452482599657, 40.15953704491897], [-7.538947204640528, 40.15989865496838], [-7.538737517895793, 40.1600802231535], [-7.538154370714767, 40.160675220414966], [-7.537984773084757, 40.16088940980205], [-7.537831496650026, 40.16111683320604], [-7.537730218133927, 40.16132992797981], [-7.537660951928391, 40.1615743529828], [-7.537632176347183, 40.16181844222638], [-7.537550297340581, 40.16206856422481], [-7.537385133353814, 40.162285207059064], [-7.537163082103153, 40.16244283953863], [-7.536869078156605, 40.16253336764405], [-7.536731057680654, 40.16261173279451], [-7.536546960851918, 40.16283197108945], [-7.536266203243296, 40.16331404979694], [-7.535756207462931, 40.1642508219463], [-7.535569014793804, 40.16455578236658], [-7.535506054383575, 40.16470765823765], [-7.535325883421721, 40.164921250419134], [-7.535170739803932, 40.16517171366053], [-7.53505845013314, 40.16542050500961], [-7.534985601182402, 40.165643023671684], [-7.534927277782354, 40.16616451540014], [-7.534608616256969, 40.166910623918696], [-7.534535484992227, 40.16715169643799], [-7.534435791952655, 40.16736957297055], [-7.534151449727584, 40.167841446451206], [-7.53403797923275, 40.16807726754587], [-7.533503986236233, 40.168984903156606], [-7.533254137409628, 40.16944371790627], [-7.532946225545686, 40.17015106274079], [-7.532850358554927, 40.170440195677486], [-7.532811621397602, 40.170667393426015], [-7.532740822240893, 40.17092252044602], [-7.532614084488574, 40.17113070880396], [-7.532419833704554, 40.17133989583613], [-7.531987797297619, 40.171675378199495], [-7.531712092140076, 40.17184226929527], [-7.531487911076335, 40.17202293714337], [-7.531127090753162, 40.172443167447405], [-7.530989129988092, 40.17267101840279], [-7.530782185397691, 40.17317399730461], [-7.530634140627487, 40.17338765796698], [-7.530448972222011, 40.173617427573554], [-7.530190522899217, 40.17406222964107], [-7.530070194810761, 40.17432754549282], [-7.529868067010042, 40.1748415339076], [-7.529641144361046, 40.17530523555137], [-7.529207595344214, 40.17599381472264], [-7.529033672634847, 40.176225078828494], [-7.528687591341946, 40.17673913062758], [-7.528502777447202, 40.17695376539667], [-7.527993588550159, 40.177643114602134], [-7.527758790813373, 40.17810515007521], [-7.527733833833372, 40.17819174217665], [-7.527731265892741, 40.178455057579896], [-7.527783820947347, 40.17867237210384]]], "type": "Polygon"}, "properties": {"geo_point_2d": {"lon": -7.560078978404204, "lat": 40.154816357917895}, "year": "2024", "dis_code": "05", "dis_name": "Castelo Branco", "con_code": "0504", "con_name": "Fundão", "fre_code": "050427", "fre_name": "Telhado", "fre_name_upper": "TELHADO", "fre_name_lower": "telhado", "fre_area_code": "PRT", "fre_type": "parish", "fre_name_long": "Telhado"}}, {"type": "Feature", "geometry": {"coordinates": [[[-7.808304138359568, 40.03571040611851], [-7.808153165513265, 40.03527660931777], [-7.808073349153793, 40.03508419938324], [-7.807829623729678, 40.034716885357746], [-7.807634557267672, 40.03429440360191], [-7.807403007519198, 40.034004481807536], [-7.807295434667943, 40.033761291518864], [-7.807264824389126, 40.03361935994092], [-7.807156994013519, 40.03343074047719], [-7.806965932950378, 40.033325288769085], [-7.80677607841398, 40.033189034703184], [-7.80655273318845, 40.032998470894526], [-7.80615551640141, 40.03234270657037], [-7.806019631041719, 40.032141668462074], [-7.805801603288591, 40.031622670256795], [-7.805705128429204, 40.03131339759137], [-7.80544825569956, 40.030687565407625], [-7.805314600595157, 40.0303137105763], [-7.805079465549471, 40.029773854712886], [-7.804939865053601, 40.02951760168605], [-7.804736844371305, 40.029099330469265], [-7.804486206084717, 40.02871541190894], [-7.804158562916871, 40.028022191968994], [-7.803899181030839, 40.02768058237021], [-7.803791205990944, 40.02757535415561], [-7.803523988607036, 40.02740375446662], [-7.803265225173309, 40.027325032326495], [-7.802945803043211, 40.02731601986598], [-7.802560372330837, 40.0272681846582], [-7.80214364533458, 40.02724871906041], [-7.801945428377462, 40.02720033742002], [-7.801608366720912, 40.02715569664743], [-7.801095818346652, 40.02706282514931], [-7.800707378442612, 40.02695923081265], [-7.800067863481579, 40.026813308236946], [-7.799528279202525, 40.02683733993628], [-7.799276684496598, 40.02690029055413], [-7.798831904699387, 40.02708670332745], [-7.798492948549695, 40.02728863676462], [-7.798299758077439, 40.027386070841665], [-7.797910064923888, 40.02761370264581], [-7.797449855095038, 40.027911466754006], [-7.797194762975068, 40.028041858602876], [-7.796864800016839, 40.028174917323746], [-7.796602403636014, 40.028194693217145], [-7.796398827339742, 40.02816339727741], [-7.795985455723333, 40.028057011947695], [-7.795719344049899, 40.02804552106747], [-7.795222653179239, 40.02806290388125], [-7.794736092532802, 40.02811697088771], [-7.794036031798852, 40.02827560289943], [-7.793768057927274, 40.028309769458595], [-7.793168649307295, 40.02829874080353], [-7.792677912825186, 40.02839043072094], [-7.792463149272606, 40.02841880472392], [-7.791949726854391, 40.02852645306607], [-7.791267710928896, 40.02870601656617], [-7.79065262519203, 40.028666204506244], [-7.789998100690609, 40.02868904331128], [-7.789306644518373, 40.028856772881184], [-7.788619424992323, 40.02906800599279], [-7.787938333800108, 40.02936462953158], [-7.787680222749647, 40.029462928676836], [-7.787297959658573, 40.02957797565261], [-7.786914256078274, 40.02965257596064], [-7.78665581194747, 40.0296295638344], [-7.786192920387927, 40.029446712769094], [-7.785286024135456, 40.029170943799414], [-7.78451505358542, 40.02879750090596], [-7.784124986253146, 40.02853281481667], [-7.78376168192538, 40.02823596796374], [-7.783502922776901, 40.02811505127095], [-7.783396114627791, 40.028016741434755], [-7.783307005827446, 40.027869856350094], [-7.783143453441309, 40.02741005637794], [-7.783021485881888, 40.02720597387474], [-7.782894885722798, 40.027129043755146], [-7.782712919683291, 40.02706626313723], [-7.782230831203699, 40.02693197394114], [-7.781567412155223, 40.02665726582407], [-7.781304924414412, 40.02660297823784], [-7.780880942293894, 40.026606472546646], [-7.780222593742092, 40.02669282960243], [-7.779778090548996, 40.02672390259036], [-7.779082957870314, 40.026831576485776], [-7.778800019180022, 40.02685908374086], [-7.778165951747718, 40.02686931150629], [-7.777348121974213, 40.026894102980414], [-7.777088925961381, 40.02697463677046], [-7.776433724277462, 40.02744626312153], [-7.775662774712918, 40.027871412874994], [-7.775385539705717, 40.02797305428397], [-7.775126617857675, 40.028021431742424], [-7.774799842941828, 40.02811985481037], [-7.774430014633078, 40.02818229662418], [-7.774098659725968, 40.02821477780463], [-7.77363224994435, 40.02824260807825], [-7.77293018623078, 40.02839525411985], [-7.772720152923966, 40.02841369768622], [-7.772342956353284, 40.02840775343855], [-7.772066120876962, 40.02838582501854], [-7.771631944248057, 40.02832143579595], [-7.771433215398852, 40.0282619174616], [-7.77123849292158, 40.0281535116484], [-7.771122195663321, 40.02805804465006], [-7.770878291002044, 40.02761175672597], [-7.770739223795206, 40.02723568187203], [-7.77063349543486, 40.0268016198059], [-7.770437412472195, 40.02617508863012], [-7.770315390556758, 40.025899484843826], [-7.770065505666564, 40.02554576023003], [-7.769757292348776, 40.025256062273414], [-7.769663233841302, 40.0250995145924], [-7.769498116780035, 40.02493328745338], [-7.769242921835883, 40.024632139247274], [-7.768948585741746, 40.0243354633], [-7.768569050620666, 40.02382344772594], [-7.768335578278976, 40.02347094260332], [-7.767966015731669, 40.02297976324603], [-7.767779450592609, 40.02288407319501], [-7.767460645761727, 40.0225419217495], [-7.767383590255988, 40.022537810456996], [-7.766944413575061, 40.022407189209595], [-7.766338199264339, 40.02216662494974], [-7.765957103330924, 40.02193243762597], [-7.765774177562263, 40.02179109567558], [-7.765522893396292, 40.021641521162685], [-7.765394312159616, 40.02159050326746], [-7.765087114835046, 40.021425442650006], [-7.764837249317099, 40.02127289552354], [-7.764453798127595, 40.02099871301843], [-7.764130241886532, 40.02071741688295], [-7.763604321156902, 40.02049393087956], [-7.763417316266645, 40.02037292874448], [-7.763306808038042, 40.020228747285095], [-7.762907855481644, 40.019549145815795], [-7.762795132536005, 40.0194036085577], [-7.762519492295874, 40.019168034723144], [-7.762195899109883, 40.01896238634961], [-7.761987277582895, 40.018853914981186], [-7.761617448087847, 40.01870810047871], [-7.761362038772087, 40.018653517509904], [-7.761004933469636, 40.018516388659506], [-7.760591834979448, 40.018400869980105], [-7.760384326084475, 40.01828222776646], [-7.760264145446186, 40.01824023461672], [-7.759225001379623, 40.01775138384545], [-7.758785424177999, 40.017510231330725], [-7.758185378851298, 40.017225960867904], [-7.757987770569848, 40.01711868961117], [-7.757224788160772, 40.01681506830584], [-7.756891566404865, 40.01666088715713], [-7.756618536930556, 40.01655337589381], [-7.756033604631016, 40.01650645153083], [-7.755633475221751, 40.01644436286652], [-7.755375595703114, 40.01643677250155], [-7.754859596976019, 40.01635683692925], [-7.754327985852531, 40.01624172048651], [-7.753877060041568, 40.016237101712036], [-7.753680304756581, 40.016168103789276], [-7.753598086926027, 40.01597645861371], [-7.753518871443257, 40.01568548098287], [-7.753391415917071, 40.0156025716962], [-7.753130065541689, 40.015524898096395], [-7.752603269601637, 40.0154511268088], [-7.752404543057357, 40.01540067559372], [-7.752126137048369, 40.015208387395795], [-7.751977600116844, 40.01506326127198], [-7.751711873801165, 40.01490901968523], [-7.751594114278573, 40.01481118923092], [-7.751508001522075, 40.01460412471109], [-7.751312203798761, 40.014363923665805], [-7.75088777761668, 40.01404002188896], [-7.750831125202107, 40.01388529233059], [-7.750687056314521, 40.01363210915828], [-7.75057065170826, 40.013481688046156], [-7.750329308948119, 40.013239982232925], [-7.750194662724037, 40.013167851226974], [-7.749927326310156, 40.013156523184634], [-7.749724465967955, 40.01307209963696], [-7.749623379789218, 40.01292649789158], [-7.749463170956138, 40.0127765584239], [-7.749163761658779, 40.0125304268377], [-7.749077749169049, 40.012434137251645], [-7.748929537479216, 40.01233746130312], [-7.748756932744717, 40.012267905524816], [-7.748142919923326, 40.01225570138815], [-7.747813255239952, 40.0122067868159], [-7.747374193146941, 40.01220029002347], [-7.746843211006775, 40.0122111417788], [-7.746589463955828, 40.01232485571057], [-7.746441349817287, 40.01256689617208], [-7.746316968138042, 40.01292051259421], [-7.746222038470539, 40.01307591373003], [-7.746020130931873, 40.01321843807349], [-7.745894516615854, 40.01341588518124], [-7.745806488032127, 40.01351132541264], [-7.745809120065493, 40.01371000969479], [-7.745990708932026, 40.013827690852324], [-7.746183043882884, 40.013887683640675], [-7.746435365994822, 40.014028652357204], [-7.746445542615505, 40.01417674817139], [-7.74634656362237, 40.014386079943534], [-7.746358109329306, 40.01491639640692], [-7.746425933395981, 40.01501929092473], [-7.746803497714701, 40.01534287264367], [-7.746775240734774, 40.01538969773104], [-7.746531940378462, 40.01556090725021], [-7.746486112298431, 40.01571214846126], [-7.746503133427051, 40.015977072172205], [-7.746538885155198, 40.01611786551056], [-7.746709905089538, 40.016366099244195], [-7.746719326344558, 40.016462408067966], [-7.746568989743484, 40.01659754005148], [-7.746445925415125, 40.01694503567746], [-7.746177834337299, 40.017190100258], [-7.745995209085387, 40.017505244580164], [-7.74570855613316, 40.01790533348796], [-7.745647023838053, 40.018120369893765], [-7.745406967346385, 40.018482607004536], [-7.74531750316733, 40.01858164712351], [-7.745145496187329, 40.01890331176898], [-7.745107584193505, 40.01906250063617], [-7.744851735298556, 40.01968901273532], [-7.744836152120167, 40.02018879633155], [-7.744802734790299, 40.02034007382503], [-7.744806246759465, 40.02083848216321], [-7.744833602576908, 40.02118026189355], [-7.744652444998961, 40.021626903665805], [-7.744620566309564, 40.021796468666814], [-7.744354625845835, 40.02198894110881], [-7.744211076070755, 40.022162637075645], [-7.743940592936324, 40.02239175004786], [-7.743491858175385, 40.0228613545273], [-7.743227886286716, 40.023056350870576], [-7.743052269880677, 40.02316347946491], [-7.742895804608045, 40.023322451200485], [-7.742697895745666, 40.023455255399206], [-7.742437947638027, 40.02347798079248], [-7.742105773051286, 40.02363510350088], [-7.741901956790164, 40.02377626479538], [-7.741556715431013, 40.02390307672247], [-7.741382767440529, 40.023942751626215], [-7.741056824727529, 40.02395092927139], [-7.740819568396431, 40.023936890045086], [-7.740503585869062, 40.02380109371707], [-7.740275570296569, 40.02372908974299], [-7.739841993485152, 40.023630809601364], [-7.739415993402973, 40.02358127941695], [-7.738950885449181, 40.02356898556963], [-7.738386772311325, 40.023499527618945], [-7.738096023957167, 40.02349935195655], [-7.737588293048338, 40.02332147023143], [-7.737300609460863, 40.02319467871658], [-7.736829732715988, 40.0229038017002], [-7.73672325391749, 40.022821485391155], [-7.736323283402941, 40.022646756762974], [-7.736097289340765, 40.02250954443226], [-7.735438305900276, 40.02207410464742], [-7.73512074885877, 40.02184930858986], [-7.734715931179044, 40.02170382856516], [-7.734459184617183, 40.021679532394124], [-7.734348734231716, 40.02147597595624], [-7.734238092771751, 40.02136509270238], [-7.733794637476413, 40.020813119965325], [-7.733511801313681, 40.02054251144828], [-7.733182884149762, 40.02035873611349], [-7.732938972439212, 40.02028386912743], [-7.732493131434854, 40.02024576922867], [-7.732189581584848, 40.02029389742262], [-7.731933831396888, 40.020300942235686], [-7.731136392905427, 40.020294497184345], [-7.730653032138269, 40.02030246509737], [-7.73045572168649, 40.02023108608655], [-7.730028372674328, 40.02017647328359], [-7.729735862053326, 40.02011970934699], [-7.729464373704234, 40.02009373149788], [-7.72856796827117, 40.020085220057624], [-7.728298049271704, 40.02013075271324], [-7.72803055818455, 40.02024185513663], [-7.727371976225633, 40.02066446838357], [-7.726992156336017, 40.02081255408223], [-7.726608806357922, 40.02076564620385], [-7.726401935237488, 40.02080599009651], [-7.726116358787903, 40.02078445892421], [-7.725721327315466, 40.020731830522486], [-7.725347871639931, 40.02061713441945], [-7.725110937774363, 40.02057091680859], [-7.724386865332213, 40.02057711203947], [-7.72402400452138, 40.020749565257766], [-7.723671303757594, 40.020846761113944], [-7.723414074277685, 40.021062270106775], [-7.72295406752814, 40.02137676330668], [-7.722752006381699, 40.021453954550296], [-7.722279313495523, 40.02149929621044], [-7.721862360856144, 40.021527364583875], [-7.721106596055999, 40.02091678284316], [-7.720769854785762, 40.020482220271724], [-7.720684297606405, 40.02041121952223], [-7.720451085126503, 40.020078069538705], [-7.720190988696872, 40.01983307972539], [-7.720122824418534, 40.019733506447004], [-7.719507032379071, 40.019227246330956], [-7.719153277545226, 40.01891564285485], [-7.719079063289821, 40.019024801287955], [-7.718731616451534, 40.01935967172247], [-7.718600581045096, 40.01954688899265], [-7.718343781470661, 40.01972807585688], [-7.718025728835449, 40.0200044203427], [-7.717893606824862, 40.020080499099834], [-7.717730216643288, 40.02023329238972], [-7.717424775157896, 40.02055362938938], [-7.717286899345341, 40.02074847399471], [-7.71706995645323, 40.021154593865795], [-7.716848383396314, 40.02149467997787], [-7.716733844377322, 40.02164539214899], [-7.716620912057435, 40.021976234242445], [-7.716335636717546, 40.02233040828701], [-7.716220308385719, 40.02241753566426], [-7.716071556545534, 40.02262801748032], [-7.715980328510166, 40.02271972989986], [-7.715818631730681, 40.02295835033891], [-7.715558382951179, 40.02324084003577], [-7.715508624363796, 40.02342924439979], [-7.715142756684329, 40.02395469603226], [-7.715059705137488, 40.024050941152645], [-7.714708684091005, 40.02463786663597], [-7.714591302374731, 40.024715166464006], [-7.714333574443625, 40.02483213086148], [-7.714081923277398, 40.02500882271444], [-7.71382569097646, 40.02524511883659], [-7.713757197261022, 40.02539266227764], [-7.713486397711406, 40.02546256373467], [-7.713252499518859, 40.02564724342777], [-7.713107431645652, 40.025845394464], [-7.712852853196522, 40.02596326395911], [-7.712589730153669, 40.02600311162163], [-7.712527750474246, 40.02610078496893], [-7.712522117439481, 40.02625558055434], [-7.712144884142678, 40.02654492998286], [-7.712036026530161, 40.02677932299468], [-7.712072474381544, 40.027083409991704], [-7.711996830391216, 40.02717373573154], [-7.711614561608727, 40.02738543417914], [-7.711409426865619, 40.02744313843097], [-7.711017933787251, 40.02759230250358], [-7.710811753749041, 40.02770610997053], [-7.710612996049288, 40.02785119984375], [-7.70931277230629, 40.02858766756404], [-7.709104393464841, 40.02869615482039], [-7.708872756397631, 40.02892856259292], [-7.70869479737711, 40.02913775421845], [-7.708516231352907, 40.02959677372447], [-7.708406179759857, 40.030021639810116], [-7.708328219437504, 40.03016337858764], [-7.707948236275348, 40.03058869805136], [-7.707537036635191, 40.030831346891794], [-7.707298441014554, 40.03101302867767], [-7.706765559014041, 40.03122956464732], [-7.70632267810586, 40.031498659683415], [-7.706199555476111, 40.03155359640004], [-7.705586440397409, 40.03176659179894], [-7.704495900492788, 40.031997547762906], [-7.703826418442068, 40.03224859765185], [-7.702529313794213, 40.032592881468354], [-7.702381378020775, 40.032717965009745], [-7.701802917714528, 40.03304274479976], [-7.701321655460807, 40.03339300462611], [-7.701161119920299, 40.033433745221004], [-7.700725998053031, 40.03378660527508], [-7.70043866258951, 40.033963496905876], [-7.700267234400057, 40.03411497152553], [-7.699954653724565, 40.034449462655765], [-7.699561041396708, 40.03477500931289], [-7.698603891188688, 40.035395102823166], [-7.698433816390894, 40.03549902755643], [-7.698179507374013, 40.0356019190122], [-7.697916588927691, 40.03591668565014], [-7.697666508780419, 40.03599852028516], [-7.696919077490398, 40.03659552055353], [-7.696734292217811, 40.0367820615465], [-7.696410175179982, 40.03717567131648], [-7.695961007221214, 40.037591411036054], [-7.694767129392253, 40.03833604388613], [-7.694407047285271, 40.03852282202891], [-7.693484476298533, 40.03886877171004], [-7.693029853185729, 40.0390521292441], [-7.692588669242277, 40.03918618089627], [-7.692227319182018, 40.03925856914181], [-7.691794545767844, 40.03930493313696], [-7.691324545699016, 40.03941932519067], [-7.690922002180907, 40.03970256589233], [-7.690552647126186, 40.03994387350128], [-7.690150729990469, 40.04031077954877], [-7.6897803418129, 40.040547848750236], [-7.68864997311691, 40.04100212278683], [-7.687909079445808, 40.04129297779025], [-7.687665007429417, 40.041400654962004], [-7.687283569498931, 40.0417137759657], [-7.687036453659029, 40.04203803465779], [-7.686957209553636, 40.04218768358715], [-7.685857161679178, 40.043485636003446], [-7.685451807816838, 40.04397715637043], [-7.685096772996242, 40.04438763498452], [-7.684596919613622, 40.04479602365451], [-7.684297742233675, 40.04499606372929], [-7.684114569041349, 40.04521483494805], [-7.684139024677349, 40.04534524589247], [-7.683841540274115, 40.045895534152535], [-7.683685018241452, 40.04655318052912], [-7.683587683164885, 40.046923222024425], [-7.683162880687036, 40.04773004957314], [-7.682630122378517, 40.04836192162688], [-7.681645722658004, 40.04893782015519], [-7.681377805123302, 40.049174806442025], [-7.681345795960647, 40.04942694175615], [-7.699036473909479, 40.05265044726628], [-7.699149124353919, 40.052757229158885], [-7.699196439958171, 40.0528544882199], [-7.699372192992418, 40.052990507551286], [-7.699825688586837, 40.05310954445872], [-7.700288006836012, 40.05329678850924], [-7.700619346236213, 40.053329272372885], [-7.700880434691808, 40.05325783515617], [-7.70115207724573, 40.05327883268675], [-7.702044300076272, 40.053293943690086], [-7.70230351752273, 40.05324095514684], [-7.702725633039337, 40.053187038408645], [-7.702988335417808, 40.05319530706828], [-7.703187042286253, 40.053240528259565], [-7.703454284271115, 40.05332842728361], [-7.703840886880505, 40.05342639727578], [-7.70429503850588, 40.0536853734787], [-7.704549559065599, 40.053783664529774], [-7.704939900026273, 40.0538456230978], [-7.7051410794382, 40.053928498154505], [-7.705260619304582, 40.05402242176627], [-7.705499046968582, 40.05427744339284], [-7.705684028674658, 40.054383317765286], [-7.705811390438522, 40.05442548025077], [-7.706082223629273, 40.05446447988645], [-7.706479986184717, 40.05448394926492], [-7.70691536029916, 40.05458011084061], [-7.707053168584423, 40.05471399218554], [-7.707105280776276, 40.05491006763528], [-7.707243365343978, 40.05511401698733], [-7.707282461445246, 40.05521664615631], [-7.707672247019147, 40.05572961562715], [-7.707795592077954, 40.05581616199812], [-7.70804250258575, 40.05591450838472], [-7.708272792158256, 40.05610501994497], [-7.708327175052376, 40.05619924089687], [-7.708436441068855, 40.05626997344165], [-7.70856974696231, 40.0562614568166], [-7.708821360843184, 40.05616916300923], [-7.709216963634839, 40.05616024777766], [-7.70947720109064, 40.05603708877378], [-7.709791250360309, 40.056024452852846], [-7.710555072766328, 40.056171867772875], [-7.710816186476901, 40.056191365986756], [-7.710942880603715, 40.05626756963886], [-7.710989585090259, 40.056372384924195], [-7.711024654119123, 40.05663486036168], [-7.711194202822623, 40.05702326929393], [-7.711207921863705, 40.05727098880937], [-7.711193664252945, 40.05747356979678], [-7.711238073357661, 40.05762827381532], [-7.71152409510127, 40.05784932594013], [-7.711834873265896, 40.05802868372878], [-7.712098004924783, 40.058064485574924], [-7.712207957336678, 40.058157737613634], [-7.712362569418556, 40.0583643525841], [-7.712542834924473, 40.05847811877098], [-7.712860170345202, 40.058487101039034], [-7.712995783109755, 40.05842743234355], [-7.713183112404348, 40.058191431149076], [-7.71351067218607, 40.05811831246563], [-7.713703785240528, 40.05812432256829], [-7.713967035142613, 40.05817930532158], [-7.714458603117132, 40.05836903382714], [-7.714653565486001, 40.05839819281896], [-7.714859455047486, 40.05832688323084], [-7.7150435691702, 40.058194163389395], [-7.715316007948212, 40.05810733518861], [-7.715507708011189, 40.0580762330944], [-7.715765967459169, 40.05806590249155], [-7.716575837605931, 40.05796919634163], [-7.716719265597918, 40.057973312528134], [-7.716844510563643, 40.05803851350541], [-7.717667538958549, 40.05875095114408], [-7.717907494576181, 40.05891922778829], [-7.718250920867523, 40.059207561492336], [-7.718441721530999, 40.059285873227886], [-7.718632667131776, 40.05932176569807], [-7.719187171262761, 40.05932067971883], [-7.719461082977996, 40.059280497568864], [-7.719593560677048, 40.05923620492798], [-7.719829021000774, 40.059060883730304], [-7.720013254573292, 40.0588679130423], [-7.72027780418826, 40.058766722700796], [-7.720755192191946, 40.058686189271064], [-7.721104471345876, 40.058703550029854], [-7.721423401771219, 40.05893514178871], [-7.721554971760291, 40.05898198687055], [-7.721875168592635, 40.059022296626985], [-7.72245296105479, 40.05904603715042], [-7.722709440082185, 40.05904045978078], [-7.723186521527548, 40.058872647359436], [-7.723451126891491, 40.05884044004004], [-7.723716672023197, 40.05884641665891], [-7.724198397245132, 40.058764803634546], [-7.724520664160414, 40.058654263556015], [-7.724717217778314, 40.05851590106953], [-7.724894778079734, 40.05831875176058], [-7.725093888094861, 40.05822290717589], [-7.725295587517435, 40.05818470659825], [-7.725510195703123, 40.058202927272276], [-7.725637302037114, 40.058271547609], [-7.725939093088668, 40.05850982484725], [-7.726005498733425, 40.058538153532936], [-7.726393953325829, 40.058550498032204], [-7.746465724172766, 40.05924032396004], [-7.751027416728878, 40.060742543480586], [-7.751103994544464, 40.060777378405035], [-7.751418828342683, 40.06083866035004], [-7.751664760634731, 40.06091655956309], [-7.752287737169491, 40.061061255189], [-7.752635949046708, 40.061275208147244], [-7.753019693059657, 40.06142307842134], [-7.75346369822528, 40.06156781175954], [-7.753715478583259, 40.06169300673877], [-7.753751070545008, 40.06174265125882], [-7.753765627788273, 40.061929304659216], [-7.753850382334139, 40.06211870686318], [-7.753971711935741, 40.062178449459616], [-7.754827844263324, 40.06225778874338], [-7.754957536063062, 40.06228946228143], [-7.755201745314572, 40.06242759624643], [-7.755565409002261, 40.06260583578398], [-7.755882154751134, 40.06272564856395], [-7.755846482432617, 40.062819192806735], [-7.755886392549252, 40.06291532743486], [-7.756048063048939, 40.0630576965686], [-7.756348988790497, 40.06328462967167], [-7.756623087766853, 40.06353093151861], [-7.756749536483884, 40.06359915893896], [-7.756939745956945, 40.063647319707314], [-7.756976984529674, 40.063696975775336], [-7.757108952285244, 40.064084390283874], [-7.757269578677251, 40.06433347347315], [-7.757391678240297, 40.06436142536402], [-7.757641987896424, 40.06432981411373], [-7.757769815606811, 40.064339229874804], [-7.75808105224794, 40.064461001910516], [-7.75838819995657, 40.06468939439283], [-7.758531707174691, 40.06483341333382], [-7.758606160992891, 40.06495820159874], [-7.758803361577977, 40.06512094714388], [-7.75892138994355, 40.06518724739916], [-7.759227159073404, 40.06530269894511], [-7.759477744872788, 40.0652641445553], [-7.759729778564257, 40.065195428477324], [-7.759954585770505, 40.06517597378886], [-7.760877576742994, 40.06663925271304], [-7.760821036268719, 40.06673363198674], [-7.760802067227463, 40.066881270443574], [-7.760857003105344, 40.06708300173108], [-7.761028181269602, 40.067574644930744], [-7.761041320227158, 40.067723558210226], [-7.761020711499492, 40.067915139184535], [-7.760918351848582, 40.06820192087486], [-7.76081687360388, 40.06834623483644], [-7.760611288548309, 40.06853722474623], [-7.760299099188092, 40.06871607604548], [-7.759350224045013, 40.069012748417066], [-7.759034177766232, 40.0690807237723], [-7.758071975090579, 40.06906799083189], [-7.75775135229483, 40.06909343387328], [-7.757557439586681, 40.06914234325601], [-7.757235808709975, 40.06928711096237], [-7.757039465157164, 40.06941508206878], [-7.756864240485817, 40.0696036421295], [-7.756766509394571, 40.069790197664744], [-7.7567030150925, 40.07008241983392], [-7.756652749409967, 40.07059154444992], [-7.756597040789571, 40.07160255689991], [-7.756550485627501, 40.07190500447789], [-7.756435366663648, 40.07209880073966], [-7.756320871498231, 40.0721988486027], [-7.756063246038961, 40.07234048886842], [-7.755821108065889, 40.072415987213795], [-7.75549466242258, 40.072453744200786], [-7.755171774101029, 40.07243999905573], [-7.754716127142393, 40.07239519888629], [-7.754338083336942, 40.072370910690715], [-7.753891705881699, 40.07232497040153], [-7.753253265707313, 40.07224354718125], [-7.752939743422179, 40.07223288588203], [-7.752563813841383, 40.07229280722249], [-7.751214745096069, 40.072676997030065], [-7.751085451591289, 40.07273763266987], [-7.750980247377773, 40.07283220947602], [-7.750522711743648, 40.07350417901942], [-7.750102525228589, 40.07397416991735], [-7.749685749508474, 40.07446100914185], [-7.749451701261501, 40.07470195839422], [-7.7491761265806, 40.07505291530156], [-7.748704195651076, 40.075547494301915], [-7.748457889697816, 40.07584108618395], [-7.748271120611175, 40.075928009160926], [-7.747807003861864, 40.076072460751995], [-7.747420836038542, 40.07615592891404], [-7.747029851409926, 40.07621965289309], [-7.746756167512338, 40.07623108325328], [-7.746118617668913, 40.07617384995785], [-7.745797276491384, 40.07613423288829], [-7.745142632664724, 40.07609404765512], [-7.744818402294835, 40.07604622989936], [-7.744162879435255, 40.07597514094857], [-7.743147800554264, 40.07590609059798], [-7.742886938349754, 40.07592998602097], [-7.742576301466191, 40.07608880013166], [-7.742337277358278, 40.07633430760516], [-7.742293994087015, 40.076483034196656], [-7.742269094941571, 40.076984764213506], [-7.742221343012688, 40.07713599017102], [-7.742079419785933, 40.07733310917666], [-7.741498319923339, 40.07780000618521], [-7.741172438934226, 40.07804035785988], [-7.741453949691257, 40.07830311014684], [-7.743260315758647, 40.07932000233218], [-7.743568747381532, 40.07942766327985], [-7.744002211525711, 40.079628686665444], [-7.744302970828119, 40.07986997310194], [-7.744751832255942, 40.08012840931199], [-7.744901171022054, 40.08027777877285], [-7.745068938015292, 40.08063128027872], [-7.745088296486799, 40.08077409081548], [-7.745336457672594, 40.08111399096488], [-7.745479607314238, 40.0812585630406], [-7.745783549329012, 40.08147914144816], [-7.746060902713123, 40.08177834477488], [-7.746421058214789, 40.08203062682269], [-7.747245278921866, 40.08221906522558], [-7.747377757577738, 40.08226201311435], [-7.747564851206415, 40.082371510809274], [-7.747693115587234, 40.08241255394418], [-7.748003734769059, 40.082573081163], [-7.748168261442957, 40.082713844758324], [-7.748385836656425, 40.083075614077345], [-7.748733734364179, 40.0833635138854], [-7.749041929413641, 40.08356041013316], [-7.749294557664355, 40.083651305070546], [-7.749539665251278, 40.08376558483812], [-7.749861211394561, 40.08384004285277], [-7.749985130313003, 40.0838410840813], [-7.750224434055329, 40.08379936320706], [-7.750829798588879, 40.08375290103998], [-7.751257569710229, 40.084144084931026], [-7.751388644112451, 40.084293470406365], [-7.751609590376777, 40.0846847853976], [-7.751739972635161, 40.08483182841733], [-7.752102471923797, 40.08517614478264], [-7.752467072261073, 40.08550155063384], [-7.752725544091547, 40.08578860683162], [-7.753594434215731, 40.08660377997978], [-7.753670527381815, 40.08656133796886], [-7.7540246168358, 40.08637201702875], [-7.754159373640318, 40.08628122775449], [-7.754443588588767, 40.08602574736799], [-7.75492562332521, 40.08555459458982], [-7.755221668535834, 40.08523638603626], [-7.755474963630491, 40.08503817422331], [-7.75618940787828, 40.08458037563718], [-7.756569920103265, 40.08435925233985], [-7.756947742347021, 40.08411451693184], [-7.757420071242317, 40.08382505934172], [-7.757674567242184, 40.08361955436299], [-7.758143478762023, 40.083031989228225], [-7.758305361339689, 40.08280177665495], [-7.758901093122673, 40.0818099755238], [-7.759341473447332, 40.08120384447282], [-7.76037479509538, 40.07970064070177], [-7.760498102219655, 40.07955469010256], [-7.760759996525069, 40.07931992781537], [-7.760846891833526, 40.07920763425334], [-7.761271694340135, 40.078809307671854], [-7.761893432551988, 40.07830533580649], [-7.762217154154535, 40.07799647199872], [-7.763009396611375, 40.077155489611876], [-7.76324594971477, 40.076943343064], [-7.76351476504667, 40.07674714509631], [-7.763907613803736, 40.076530268605914], [-7.764559947633255, 40.07615020923988], [-7.765509677636061, 40.075707956926436], [-7.766239229528872, 40.0754431393771], [-7.766659793908654, 40.07534539942683], [-7.767062642482563, 40.075272100227416], [-7.767908420923854, 40.07525899457551], [-7.768683527305772, 40.075375706015045], [-7.769089963597072, 40.07535590698669], [-7.769465227223748, 40.07528809379669], [-7.769806943606045, 40.07515857280383], [-7.770123150132522, 40.075018885895325], [-7.770933302813924, 40.07473708877919], [-7.771210495184405, 40.07459250730527], [-7.771553345602152, 40.0743343791579], [-7.772033654539442, 40.073862967564445], [-7.772575871985457, 40.07316361786697], [-7.772895914797672, 40.07287146546168], [-7.773129575443561, 40.072620020419635], [-7.773265309823134, 40.07251146614072], [-7.773624478322446, 40.07229112140769], [-7.773953572261949, 40.07205915276398], [-7.774619918447917, 40.071535703341986], [-7.775214698802639, 40.071000597572535], [-7.77573557549248, 40.07045058085942], [-7.775902848251403, 40.07022567418041], [-7.776094173064823, 40.06986088720566], [-7.776338588591841, 40.06931767501838], [-7.776394114744476, 40.06909944992607], [-7.776409614879094, 40.06877834330792], [-7.776386300984981, 40.06859446050752], [-7.776266125643251, 40.06837317621408], [-7.776121360277667, 40.06821548707918], [-7.775880251460342, 40.06803210363022], [-7.77480442289832, 40.06735560154926], [-7.774144244441748, 40.06695171904527], [-7.773788648172571, 40.06671871955928], [-7.773461559760486, 40.06657190365229], [-7.77313063438831, 40.06639670759547], [-7.772746199493722, 40.066121911800764], [-7.772584372792713, 40.06595651087617], [-7.772483021942024, 40.06576986354891], [-7.772427733553571, 40.06558398906427], [-7.772400026444786, 40.065390544367816], [-7.77239890936678, 40.065111624817845], [-7.772470399679211, 40.06491344553165], [-7.772766713810245, 40.06453386119831], [-7.773324821818695, 40.0640312505244], [-7.773656728279359, 40.0638814210202], [-7.773843465246379, 40.06383327740791], [-7.774171747835863, 40.063816545782174], [-7.774382329807636, 40.063826565218], [-7.774865627169066, 40.06388740164823], [-7.775594720606126, 40.06410659831991], [-7.77632143692078, 40.06435702963455], [-7.776517138669141, 40.06443283012241], [-7.776810541957596, 40.06465545411473], [-7.776978228976504, 40.06484572754613], [-7.777259155103844, 40.06521465792751], [-7.77736008058123, 40.06541760528803], [-7.777557927620094, 40.065941724479224], [-7.777814444316405, 40.06645359666057], [-7.778189547270168, 40.067270054640495], [-7.778621242812558, 40.067864866946024], [-7.778743532712602, 40.06801779837342], [-7.77901717618056, 40.06830430017213], [-7.779180839874672, 40.06850409994106], [-7.779350028425176, 40.06865600589421], [-7.779538889122219, 40.06878878872459], [-7.779975388089718, 40.06902390661984], [-7.780832255365961, 40.06937134300109], [-7.781471908528439, 40.06965102058725], [-7.782418249036829, 40.07013317273939], [-7.78312274393237, 40.07043609476957], [-7.783373145844705, 40.070571395197454], [-7.783973009102151, 40.070935684935606], [-7.784751955982177, 40.07156222355505], [-7.785117814588621, 40.071910407585094], [-7.785450159456348, 40.072256688663686], [-7.785554935255944, 40.07240082978194], [-7.785698451140494, 40.07269647429984], [-7.785914904615484, 40.07333564180108], [-7.786497433695183, 40.07488982828159], [-7.786622029720404, 40.07517334772016], [-7.786877711770782, 40.07563845433801], [-7.787285119007538, 40.07619290581869], [-7.787499301426496, 40.07654360211293], [-7.787935130031904, 40.07709039081794], [-7.788415631741447, 40.07759020102572], [-7.788916508914344, 40.07802675992218], [-7.789431944146537, 40.0785771098136], [-7.789762375694651, 40.0788715895392], [-7.790006270259182, 40.0791208727655], [-7.790487653707231, 40.0797797281424], [-7.790587726563159, 40.07988412947126], [-7.790822863154722, 40.08019912918484], [-7.790989909387445, 40.080392705960726], [-7.791280112293413, 40.080880511423395], [-7.791471156107684, 40.08122357218072], [-7.791607252208385, 40.081817461874486], [-7.791615203257371, 40.08205785661685], [-7.791585116047101, 40.08235631554755], [-7.791511056593174, 40.08284296024106], [-7.791414299882801, 40.083084668130596], [-7.791294841409724, 40.08322364097275], [-7.79104959653601, 40.083357469130675], [-7.790528581530202, 40.08346968300419], [-7.789891205854082, 40.08356939618128], [-7.78957430016152, 40.083637895189625], [-7.788921658028993, 40.08388084385106], [-7.78832177676787, 40.08414789382751], [-7.787936858446035, 40.08438000844998], [-7.787612101971106, 40.08460923557406], [-7.787337242392209, 40.08484770952368], [-7.787104717298129, 40.08508505022129], [-7.78694533718345, 40.08532584310901], [-7.786892310278752, 40.08556434552845], [-7.786929666964669, 40.08571305588277], [-7.787097948313553, 40.085916727641504], [-7.787335569617155, 40.08601983400059], [-7.787587352386101, 40.086079747733635], [-7.788220261593823, 40.08615223483531], [-7.788549775465137, 40.086168156438], [-7.790135791094582, 40.085916710685034], [-7.79059396707396, 40.08585411625149], [-7.790795856964587, 40.08580940724949], [-7.791695916228458, 40.085705960636524], [-7.792333171910979, 40.08572925971211], [-7.792712666341347, 40.085785218644425], [-7.793158442111789, 40.085881981791104], [-7.793350200408612, 40.08594189416422], [-7.794011539762061, 40.086266051792485], [-7.794286925643523, 40.08641572379206], [-7.794591014371981, 40.08661923965252], [-7.795186202529543, 40.08694888002793], [-7.795500330372551, 40.08716079748704], [-7.795817727908045, 40.087329500040916], [-7.796002785300975, 40.08739424455887], [-7.796447448965504, 40.08750585806674], [-7.797078494094603, 40.08762916915797], [-7.797695855885522, 40.08771992810556], [-7.798315594345348, 40.087877336195525], [-7.798499085090883, 40.08790433870902], [-7.798958148403355, 40.087924749430876], [-7.799346172990154, 40.08791856598985], [-7.799612363396724, 40.08788898230982], [-7.799931063826276, 40.08781559420173], [-7.80019000726151, 40.08773329943642], [-7.800448123107843, 40.08762794716182], [-7.800701255171867, 40.08748709622468], [-7.800871601581382, 40.08734600912385], [-7.801137773833595, 40.08705236307542], [-7.801232495085689, 40.086862691756906], [-7.801282928602705, 40.08666524557188], [-7.801291486504734, 40.086228215161384], [-7.801179228722867, 40.08563043383026], [-7.801052499392483, 40.0853843012147], [-7.80054526360029, 40.08465985381562], [-7.800462549201819, 40.08440520017035], [-7.800435464804894, 40.08421176538737], [-7.800471840887875, 40.08391476143158], [-7.800511436946687, 40.0837759136967], [-7.800643911857881, 40.08358491647595], [-7.801036411281059, 40.08325470276175], [-7.801291173103258, 40.08311169543101], [-7.801810209947788, 40.08287028079468], [-7.802453946908032, 40.08249188034859], [-7.803336987874741, 40.08186594395475], [-7.803639346891055, 40.08162363925179], [-7.804201634835682, 40.08108649088553], [-7.804506767812676, 40.08075332163634], [-7.804772598667872, 40.0804003187295], [-7.80503462983908, 40.08010583653828], [-7.805232738745168, 40.079915556544286], [-7.805651757402487, 40.079422218671546], [-7.806165147871767, 40.078953817688685], [-7.80652192358396, 40.078678424748105], [-7.8067905594008, 40.07852157496925], [-7.807434985026496, 40.07820618627827], [-7.808082518516788, 40.077976364698884], [-7.808399356302021, 40.07788781590589], [-7.808599170168132, 40.077853432316886], [-7.809113731815514, 40.077727069480495], [-7.809767378162527, 40.077515889973284], [-7.81068013508077, 40.07730002639294], [-7.811059203441421, 40.077290898569224], [-7.812266129578823, 40.07736942914446], [-7.812506862815887, 40.07740998883541], [-7.81294489933319, 40.07755078509343], [-7.813141772337852, 40.07764507573918], [-7.813732647606494, 40.078047197321474], [-7.813917425410261, 40.078146496687474], [-7.814170505030948, 40.07822905334298], [-7.814432963062647, 40.078287232443536], [-7.814811585731516, 40.078324289471695], [-7.815131593079515, 40.07833642044433], [-7.815451843413102, 40.07829451848418], [-7.815703678980977, 40.078215772671896], [-7.816097646949344, 40.07797656362529], [-7.816404476962003, 40.07774288521616], [-7.816652102146329, 40.077508046397035], [-7.816928328340281, 40.07727410195087], [-7.81710713712069, 40.07703953000099], [-7.817183054968367, 40.076897352228336], [-7.817273801466628, 40.07661588934699], [-7.817282551413128, 40.07642084382973], [-7.817136684375362, 40.076069488156385], [-7.816908381581413, 40.07557002784309], [-7.816724330527055, 40.07526332207977], [-7.816538158674462, 40.07506180367646], [-7.816074664641402, 40.07467139520951], [-7.815766531708205, 40.07450304516245], [-7.815067698731712, 40.074203131760626], [-7.814888702104222, 40.074099346122075], [-7.81438832755539, 40.07387931065991], [-7.814076014320061, 40.073782179832826], [-7.813187420599078, 40.07357828270333], [-7.812536637064016, 40.073486704098734], [-7.812149411890486, 40.073465643888625], [-7.811704741897793, 40.073470542402205], [-7.811254798377822, 40.07349919875463], [-7.810610574175858, 40.07358522345058], [-7.81022881381102, 40.073697825558185], [-7.809965702874747, 40.07380831948018], [-7.809378800643604, 40.07414153158249], [-7.809022299044278, 40.074317325541735], [-7.807968058080637, 40.074636266013364], [-7.807317169573848, 40.07481456574229], [-7.806999570126361, 40.07491778396261], [-7.806278433512658, 40.075197743073645], [-7.806010568934528, 40.075269398456385], [-7.805551857158046, 40.07541409773861], [-7.80502708769826, 40.07551933903643], [-7.804437598084073, 40.0757008602665], [-7.804041579645926, 40.075897332493895], [-7.803385061155693, 40.07624247626104], [-7.802746095457986, 40.07664197644189], [-7.802125396310933, 40.07711644840709], [-7.801469394621074, 40.07756911675846], [-7.801050593367401, 40.077891235227256], [-7.80086204682088, 40.0780184922957], [-7.800211223988121, 40.07841532716945], [-7.799897560835027, 40.078546463093794], [-7.799569525438848, 40.07862063314558], [-7.799315789463436, 40.07865061474757], [-7.798926429004926, 40.0786297761568], [-7.798553712345729, 40.07856143148108], [-7.798297398196206, 40.07849539891455], [-7.797673554523074, 40.07830790118266], [-7.797364198599813, 40.078156971424], [-7.797060709005999, 40.07795652277472], [-7.796852297039831, 40.07775869271344], [-7.796673278861134, 40.077470072079684], [-7.796572958607888, 40.077271380978345], [-7.796539439179706, 40.076981654374805], [-7.796615790820964, 40.07649753337501], [-7.79666164344893, 40.07639778672264], [-7.796827270358728, 40.07626029399056], [-7.797221066132642, 40.0760419544101], [-7.797411742469507, 40.07595920110474], [-7.797805941409963, 40.07585082460946], [-7.798126885251039, 40.07573917110947], [-7.798445842086977, 40.07557627012891], [-7.799089566925063, 40.075214274324985], [-7.799728582950022, 40.07490368864323], [-7.800387403749632, 40.07464160797757], [-7.80105479565672, 40.07439918041805], [-7.802040350353582, 40.07393736690338], [-7.803023116588035, 40.07354190985623], [-7.803413594782261, 40.07334830358733], [-7.804008708566458, 40.07296813608572], [-7.805264460893839, 40.07205810920063], [-7.805360333766778, 40.07196354664805], [-7.805547070464516, 40.07184104748891], [-7.805794349608552, 40.07160929724386], [-7.80599159860069, 40.071372363610664], [-7.806144795696791, 40.0711281941242], [-7.806369502012466, 40.0703920429559], [-7.806420205219019, 40.070255114551976], [-7.806622960146301, 40.06942397874421], [-7.806704228195414, 40.068948329024884], [-7.806788086746216, 40.06859282653565], [-7.806819474253256, 40.06815423211506], [-7.806772119044894, 40.06770920258847], [-7.806694611195661, 40.067467717971816], [-7.806470820921613, 40.0669779721354], [-7.806204835704594, 40.066488651642594], [-7.805679851449869, 40.06569329660453], [-7.805074592749851, 40.064996691263865], [-7.804614320837418, 40.06449862658019], [-7.804097681974095, 40.06400075301144], [-7.803387926065698, 40.06337111906743], [-7.802696816043671, 40.06289076186242], [-7.801490209814717, 40.06207112174293], [-7.801362431081302, 40.06200240161289], [-7.800679821776886, 40.06158627086419], [-7.800398519807604, 40.061392375797446], [-7.80010543731512, 40.06106588032839], [-7.799882449061153, 40.060739408307505], [-7.799684438163999, 40.06026539539858], [-7.79961978363786, 40.060015024047956], [-7.799590889697614, 40.05981095408447], [-7.799590484011959, 40.059506642894505], [-7.799609312711848, 40.05929901509124], [-7.799673722028894, 40.05899551815031], [-7.79976868543897, 40.05867409240368], [-7.799906405464608, 40.05845582450887], [-7.80008835177279, 40.05825289574416], [-7.800339370660478, 40.05813770511295], [-7.800855910763596, 40.058082804983016], [-7.801627690499274, 40.05805942308057], [-7.802757610985935, 40.05789467339504], [-7.804048386032012, 40.057594644365786], [-7.804528489180139, 40.05743893093696], [-7.804724107130417, 40.057363204918026], [-7.805171611340237, 40.057136251050046], [-7.805557594102114, 40.05688102704749], [-7.805793530145492, 40.056681577719615], [-7.806310866248424, 40.056160681516396], [-7.806631792842325, 40.05580782090612], [-7.806799563565196, 40.055646722537425], [-7.807108623661531, 40.05527464958542], [-7.807218718895907, 40.05511546149722], [-7.807572923115256, 40.05473757021901], [-7.807687561662827, 40.0545839764072], [-7.808381947785526, 40.05354257007377], [-7.808765909232025, 40.05301345429253], [-7.809069895178119, 40.052494472348116], [-7.809141772355797, 40.052337336015135], [-7.809358410466639, 40.05165078026879], [-7.809510115514716, 40.050989255258614], [-7.80961000848558, 40.050406662442136], [-7.809607390501967, 40.049865756220406], [-7.809573128880234, 40.04960106234129], [-7.809406306052432, 40.04911715541032], [-7.809256043570678, 40.04879927687622], [-7.808982309789447, 40.04829750940947], [-7.808693329346378, 40.04787486488369], [-7.808432854115788, 40.047595761254954], [-7.808153981414806, 40.0473912669037], [-7.807736261583454, 40.04718431245302], [-7.807454566354973, 40.04713147481379], [-7.806903995782708, 40.04711533980004], [-7.806553295216145, 40.04713318368405], [-7.80590748881864, 40.047134703029414], [-7.805692625751854, 40.047147969967014], [-7.805493356076227, 40.047209279507086], [-7.805368783794593, 40.047284667608], [-7.805153236043913, 40.04754046316218], [-7.804794904249397, 40.0478799734676], [-7.804626075749125, 40.048142385673586], [-7.804359635532474, 40.04838056268444], [-7.804006334282126, 40.04847520807686], [-7.803400842722587, 40.04854581284199], [-7.803005644777725, 40.04855568493939], [-7.80234813385785, 40.04855075495178], [-7.801670368441311, 40.04849452400712], [-7.801386483223038, 40.04843400477496], [-7.801033239360772, 40.04829736738565], [-7.800866915902007, 40.04808696204831], [-7.800805864076851, 40.04772087371218], [-7.800788453394572, 40.047201624893184], [-7.800800470685512, 40.04709133734721], [-7.801001619364693, 40.046398988355776], [-7.801071755545781, 40.045633406906624], [-7.801158021813038, 40.045312497394534], [-7.801338201403796, 40.04498131780196], [-7.801555393536202, 40.044775336793656], [-7.802495974946619, 40.04404824992767], [-7.802807685294959, 40.04380029665255], [-7.803415119465575, 40.04343700289307], [-7.803826260203124, 40.04315168599811], [-7.804232427170137, 40.04289922399578], [-7.804519490926383, 40.042755932611804], [-7.805197615030695, 40.0424561436976], [-7.806253316656855, 40.04204798418866], [-7.806810378563741, 40.041773149581935], [-7.807277609115286, 40.0414890590008], [-7.807797337979617, 40.04115422309649], [-7.808220698361617, 40.040903234440904], [-7.808365894759312, 40.04075080687211], [-7.808467183057472, 40.040590511751546], [-7.808507613483431, 40.040440585017905], [-7.808515441717506, 40.04022167199339], [-7.808364921725978, 40.039566331211375], [-7.808279915870401, 40.03930410603698], [-7.808220038687411, 40.039032591195564], [-7.808136663486323, 40.038773163261176], [-7.807999434829902, 40.03852961415143], [-7.807644529416571, 40.03800906592699], [-7.807307781982601, 40.037242613322945], [-7.807293978162329, 40.03699130568246], [-7.807352317568643, 40.036843679342226], [-7.807519327657349, 40.03663646319044], [-7.807932464243022, 40.03623766345631], [-7.808312099509587, 40.03573663263493], [-7.808304138359568, 40.03571040611851]]], "type": "Polygon"}, "properties": {"geo_point_2d": {"lon": -7.756363913985286, "lat": 40.047405155623856}, "year": "2024", "dis_code": "05", "dis_name": "Castelo Branco", "con_code": "0504", "con_name": "Fundão", "fre_code": "050433", "fre_name": "Janeiro de Cima e Bogas de Baixo", "fre_name_upper": "JANEIRO DE CIMA E BOGAS DE BAIXO", "fre_name_lower": "janeiro de cima e bogas de baixo", "fre_area_code": "PRT", "fre_type": "parish", "fre_name_long": "União das freguesias de Janeiro de Cima e Bogas de Baixo"}}, {"type": "Feature", "geometry": {"coordinates": [[[-7.455984533989069, 40.11266159870756], [-7.455940224472421, 40.11265909176853], [-7.455652806239065, 40.112781871764774], [-7.455399151071752, 40.11284730802333], [-7.455071792041363, 40.11279901785386], [-7.454828211273869, 40.112818127776734], [-7.454616885523703, 40.112908663833835], [-7.454146626790061, 40.11291122596148], [-7.450715178761804, 40.112942359170255], [-7.450241012479568, 40.11298316204622], [-7.449179890918689, 40.11303626500645], [-7.448408102208425, 40.11312798704399], [-7.447730530811621, 40.11346315546004], [-7.447543122614801, 40.113472133791085], [-7.446913931404167, 40.11357820051619], [-7.446487102759455, 40.11370571889543], [-7.445547786105446, 40.113962144465674], [-7.44511301207453, 40.11406259286216], [-7.444420563838745, 40.11427661400497], [-7.444033074488205, 40.114468480191185], [-7.443817563458833, 40.114541765778604], [-7.443469197338379, 40.11478484084239], [-7.443354097328602, 40.11484611695523], [-7.443095573274593, 40.11492725393183], [-7.442695636051381, 40.115096345653456], [-7.442199032271532, 40.115243609913726], [-7.441803449959947, 40.11528295390554], [-7.441190751419178, 40.115542725938404], [-7.440944136543775, 40.11569858999735], [-7.440470320047601, 40.11602699718347], [-7.440247415707356, 40.11620353319853], [-7.439759590535699, 40.11652483442208], [-7.439172484039042, 40.11687309319303], [-7.438541425486605, 40.11714796464459], [-7.438327309030345, 40.11731355790756], [-7.438028125047579, 40.11761967987675], [-7.437776470492308, 40.11779657705799], [-7.437514439054338, 40.11792108977584], [-7.437144989890244, 40.11801929322107], [-7.436593045507641, 40.118125766018785], [-7.436552493123943, 40.118525466946224], [-7.436229083948665, 40.11855982143888], [-7.435910499722477, 40.118569436949336], [-7.435389250365819, 40.118621512113904], [-7.435300074698234, 40.118646823570934], [-7.435269677570746, 40.1187524615316], [-7.43501277429166, 40.11895948987779], [-7.434806880168281, 40.11901931130334], [-7.434506682117721, 40.11906622906506], [-7.4341586744414, 40.11915446116497], [-7.433896317209057, 40.11926347442749], [-7.433363026142549, 40.119528996673516], [-7.432842369487907, 40.119751546451475], [-7.431960056327616, 40.12019065901479], [-7.431701751024598, 40.12030464323964], [-7.431342874476401, 40.12030760703809], [-7.430850602293554, 40.12023177797209], [-7.4302569977181, 40.120165955237816], [-7.429926237423714, 40.120161160091065], [-7.429625809710421, 40.12019563383863], [-7.429054881279193, 40.12033122353292], [-7.428507822819232, 40.12056376899301], [-7.42820835920535, 40.12067560374702], [-7.427922720357662, 40.12074285357143], [-7.42760328796798, 40.12078792515117], [-7.427002705316524, 40.12085262597685], [-7.426372316476766, 40.12094056072011], [-7.426093361967735, 40.12100775675345], [-7.425499368879473, 40.12119443338194], [-7.425210908815606, 40.1212621131581], [-7.424891052457487, 40.12130275635934], [-7.42425212419149, 40.12129687958745], [-7.423939834084773, 40.12125246349824], [-7.423192726579324, 40.12118089226012], [-7.422580162351963, 40.121167060769665], [-7.422260050378055, 40.12120950261532], [-7.421633484946441, 40.12133489680265], [-7.421304850667291, 40.12138493775294], [-7.420965805297378, 40.12139780497906], [-7.420527541012164, 40.121397371465406], [-7.420500471161, 40.12156381206586], [-7.420308875864329, 40.121622255575645], [-7.420066184166761, 40.121642737760574], [-7.419752785664622, 40.121704935092886], [-7.41894633879975, 40.121912244454634], [-7.417719421533735, 40.122110385405556], [-7.416897348809278, 40.122184386851885], [-7.416186608326377, 40.12219071972645], [-7.415457023969382, 40.122181980795126], [-7.414990494649191, 40.12213523921355], [-7.414643106251337, 40.12208265524042], [-7.413696701363669, 40.1219757502257], [-7.412607919187885, 40.12192199161051], [-7.411383582936816, 40.12191781013859], [-7.410554634042451, 40.12188761835496], [-7.410218577820162, 40.12189452886575], [-7.409925131287209, 40.12187721207979], [-7.4094453714806, 40.121818206704724], [-7.409150178318879, 40.121765756789515], [-7.408275963895751, 40.12159000079215], [-7.408122114831805, 40.1215403168436], [-7.407483433041341, 40.12141168982702], [-7.407131251860487, 40.12129124258943], [-7.406920482487631, 40.121121963190966], [-7.406736019606154, 40.120939250417685], [-7.406616777803916, 40.12087771903927], [-7.406287704499507, 40.12082441438225], [-7.405969657429345, 40.12081539782269], [-7.405230338176823, 40.1207750145742], [-7.404941763650025, 40.12077464415605], [-7.40426028605947, 40.120744160118996], [-7.404049478063906, 40.12074428137139], [-7.403541714256043, 40.12081511844682], [-7.403371392663186, 40.12080332835644], [-7.402619154771238, 40.120697825448865], [-7.401994875434584, 40.1205951905777], [-7.401123042253956, 40.120364824502246], [-7.400511694872574, 40.12024947682287], [-7.400208185266322, 40.12017551211549], [-7.399933487627483, 40.1200842621043], [-7.399675518630287, 40.119976006203494], [-7.399482579666182, 40.11991822810616], [-7.39916638616776, 40.11990073998278], [-7.398793517915704, 40.1198631705717], [-7.398485065092018, 40.11981339674074], [-7.398009169554352, 40.11975644259358], [-7.397676223185106, 40.11975910550564], [-7.397336632364971, 40.11973587745743], [-7.397112717886295, 40.11970122926434], [-7.396832527911958, 40.11960858341646], [-7.396257720351867, 40.11946696829534], [-7.395776267576714, 40.11938232245588], [-7.395082766467464, 40.11937007990198], [-7.394579976893033, 40.11929537340618], [-7.383567258053393, 40.121896108862394], [-7.383394717802071, 40.121883465404714], [-7.383117263876696, 40.1220128881547], [-7.382835209042376, 40.122123640065226], [-7.382642900029118, 40.12218003344079], [-7.382494802560183, 40.122645034946046], [-7.382387183677319, 40.12309805513875], [-7.382321685083632, 40.123186785085416], [-7.382108317210405, 40.12335543433491], [-7.381742220063283, 40.12344843999223], [-7.381509985279618, 40.12362597429092], [-7.380938726018964, 40.12416433339128], [-7.380731063741968, 40.12434724279014], [-7.380502110251496, 40.124503092192306], [-7.379492987063247, 40.12508696457066], [-7.379220157704924, 40.125220912687574], [-7.379613687568922, 40.125280026190936], [-7.380895691054241, 40.12561390005377], [-7.381680283556733, 40.12580873108755], [-7.382145309519407, 40.125896395496284], [-7.38234533017843, 40.12611076495295], [-7.382395992589854, 40.12620871610635], [-7.382311165914891, 40.126348118303646], [-7.382304982157851, 40.12654782839182], [-7.382335661038651, 40.12669265793902], [-7.382456208840474, 40.126996573320845], [-7.382666460941556, 40.12728440633815], [-7.382992185136933, 40.12756911445083], [-7.383402743835797, 40.127810689714906], [-7.383603555467874, 40.12828577922325], [-7.383929955309467, 40.12855247911356], [-7.384737396265091, 40.12910785292722], [-7.385096292295121, 40.129279021754876], [-7.385411973971699, 40.1294758545617], [-7.385600306804243, 40.12965547027521], [-7.385750334420901, 40.12988410056159], [-7.386028111713101, 40.13023180456534], [-7.386435102520657, 40.13046938434212], [-7.386496174349142, 40.13058207942798], [-7.386713315354786, 40.130745845901565], [-7.387226737694241, 40.131036253680016], [-7.387486052243331, 40.13119579009841], [-7.387911923750334, 40.13154272376031], [-7.388393297768326, 40.13192153601108], [-7.388627501560879, 40.1322978605095], [-7.388889253057632, 40.132611409682404], [-7.389013458223128, 40.132852749001295], [-7.389012567289176, 40.133031689746396], [-7.388963226293652, 40.13350165965874], [-7.3888074828187, 40.133936897217666], [-7.388757896374438, 40.13417010224294], [-7.388832386727763, 40.13430062203729], [-7.38911180416864, 40.134371668116664], [-7.389742790609909, 40.134406689675934], [-7.3898549424288, 40.134440818595095], [-7.389845227856298, 40.13453531956941], [-7.389908895348598, 40.13464775748484], [-7.390014720370553, 40.13472417228221], [-7.390518290848431, 40.134985771674195], [-7.39079884075138, 40.13508213011359], [-7.39104518231004, 40.13512026463342], [-7.391340789757042, 40.135245986390714], [-7.391686339120455, 40.135365265561056], [-7.391965411169873, 40.13550096461489], [-7.392379157566409, 40.13555286675547], [-7.392687727254189, 40.13564156385144], [-7.393263283308276, 40.135747087932195], [-7.393865655738289, 40.13592311340194], [-7.394132045785095, 40.13604981408097], [-7.3948557188372, 40.1363263023684], [-7.395179732553601, 40.13634358026793], [-7.396100682665624, 40.13645407805134], [-7.396390498996773, 40.13641088841794], [-7.396698394817668, 40.13634503091056], [-7.397069290925781, 40.13633414223791], [-7.3972880119822, 40.13634480287495], [-7.397591947620455, 40.136384733969656], [-7.398192690884518, 40.13640826010798], [-7.398624766684997, 40.13650240279538], [-7.3984847026844, 40.13714408056455], [-7.398485850994273, 40.137615902952675], [-7.398541145749336, 40.13810481698309], [-7.398447948041289, 40.13834828266763], [-7.398437022946223, 40.138447275975714], [-7.398467519586616, 40.13867793111615], [-7.398440954379062, 40.13893334786963], [-7.398452373726633, 40.13923592159832], [-7.398480630554546, 40.13946745947851], [-7.398446367109344, 40.14000245553224], [-7.398349790586052, 40.140494372912535], [-7.398146661158397, 40.14096454023423], [-7.397996953275187, 40.141454138707005], [-7.397900696182834, 40.14170821217825], [-7.397848614162801, 40.141946532941745], [-7.397792894870922, 40.14266520622069], [-7.397695797900314, 40.14320457492545], [-7.397895996759162, 40.143237093797545], [-7.398226038541805, 40.14316569570114], [-7.398549342027424, 40.143077143703444], [-7.399019396273253, 40.142742217880766], [-7.399270381707121, 40.14259071017565], [-7.399447626283292, 40.14254229661505], [-7.399581859647063, 40.14257601656433], [-7.399693377685548, 40.142649399248604], [-7.399977540038477, 40.14302592491255], [-7.399972976551642, 40.143211051788576], [-7.400133083517522, 40.143491515067076], [-7.400156360646089, 40.14368447223289], [-7.400383994143557, 40.14413592881839], [-7.40052260363515, 40.144243163090344], [-7.400754154385303, 40.14405496371044], [-7.401162942500147, 40.143830144403694], [-7.401433807637962, 40.14374008212379], [-7.401818587247551, 40.143554285122164], [-7.402126869626218, 40.143432672261156], [-7.402404142158277, 40.14329194610862], [-7.402910089133222, 40.14295686710778], [-7.403187005272419, 40.142848560578926], [-7.403793157084503, 40.14274492925482], [-7.404079051591924, 40.142652976821786], [-7.404695940434121, 40.14250996452544], [-7.404990311890255, 40.142492899089056], [-7.40529484696201, 40.14252407719607], [-7.405591757979187, 40.14258762497043], [-7.405900951401996, 40.142688896284206], [-7.406010581961253, 40.14373425270912], [-7.406031352839068, 40.14421988673197], [-7.406123237953366, 40.14457304086423], [-7.410000572041595, 40.143444242697996], [-7.413697685416997, 40.14421892648563], [-7.413806592086844, 40.14421815760746], [-7.414295071607103, 40.14429016675738], [-7.414639534601018, 40.14435308954332], [-7.415501444472655, 40.144567802249085], [-7.416351373486919, 40.14480630349725], [-7.416588550394371, 40.144850004296416], [-7.416560913730105, 40.14538235023239], [-7.416791323984095, 40.14714710064825], [-7.417249334692919, 40.14711642500564], [-7.417630153310385, 40.14713822771018], [-7.417932779504367, 40.14725347185693], [-7.418669269959126, 40.147626703372815], [-7.418907851156548, 40.14776127711077], [-7.419227584057954, 40.147891036345364], [-7.419832545899027, 40.14794815742007], [-7.4199408964361, 40.1480012406431], [-7.42015952186647, 40.148170901762875], [-7.420294281176023, 40.14822405089077], [-7.420623827932339, 40.14825696195015], [-7.421252399251088, 40.148289819534604], [-7.421853069131012, 40.148387520054946], [-7.422498328665119, 40.14850827861329], [-7.422781907036274, 40.14857223817387], [-7.42342099499876, 40.148745279519716], [-7.423716543533048, 40.14878643980336], [-7.42419099385956, 40.14874376960499], [-7.424734775308196, 40.148510955140125], [-7.425657073541267, 40.14820560819654], [-7.425981927707624, 40.14812509528208], [-7.426291479919102, 40.148071322783295], [-7.426958958930503, 40.14801846835822], [-7.427261631355192, 40.14802877837191], [-7.427557077213921, 40.14809135945366], [-7.42787034483595, 40.1481324396871], [-7.428296961941497, 40.14825516897053], [-7.428611018127027, 40.14830012181598], [-7.428809330758946, 40.148301591173855], [-7.429191582054553, 40.14824258029529], [-7.42945509166842, 40.1481358405971], [-7.429735328491248, 40.148068010823074], [-7.430362677741872, 40.14804902878051], [-7.430695395925889, 40.148025106203114], [-7.431011297295393, 40.14798117596776], [-7.431647384034665, 40.1478192242901], [-7.432532284280049, 40.14751810061161], [-7.4326496891308, 40.147501336818614], [-7.433000337523852, 40.14751416989503], [-7.433330536572123, 40.147552182978636], [-7.433972097418585, 40.14757685107911], [-7.434300896204503, 40.14756847369273], [-7.434580587709293, 40.147496131351836], [-7.434838911375333, 40.14739069625047], [-7.435413715687404, 40.14718368341733], [-7.435763873165662, 40.14708249193274], [-7.436340964741788, 40.14688080620448], [-7.436634430435185, 40.14675819722517], [-7.437152559955533, 40.14651445655268], [-7.437729768472366, 40.14628880537994], [-7.438038418887378, 40.14620734711393], [-7.438365503122082, 40.14615842241315], [-7.438669699647644, 40.14608792738654], [-7.439019830296566, 40.14598834600308], [-7.439227070593362, 40.14597724551446], [-7.439550932700207, 40.14605005645774], [-7.439839545036832, 40.14616128969108], [-7.440101402718396, 40.14630775511021], [-7.440163505157835, 40.146398186247495], [-7.440509421467046, 40.146680331669266], [-7.440840012939092, 40.14709737863378], [-7.441054988789208, 40.1472729215913], [-7.441200029694621, 40.14736636676186], [-7.441970326555265, 40.14756620046748], [-7.442299414426523, 40.147575184293956], [-7.44260722866635, 40.147645998823826], [-7.442830124047442, 40.14783986759925], [-7.442996534225095, 40.148049071303824], [-7.44328477569864, 40.14846702779555], [-7.443465688890508, 40.14866956371856], [-7.443785400237823, 40.14880664171565], [-7.44420973782313, 40.14926305045649], [-7.444512023878347, 40.14963876437991], [-7.444958142645128, 40.149425630823586], [-7.445193417217561, 40.149218001110064], [-7.445430985731583, 40.149086839743916], [-7.44550211000392, 40.148992431358344], [-7.445568025812659, 40.14858783030925], [-7.445624117081546, 40.14834302572695], [-7.445729620441941, 40.148110041937024], [-7.445907520265081, 40.14790116951819], [-7.446132849072583, 40.14776038781862], [-7.446077607517838, 40.14772179057743], [-7.445959108517887, 40.14749675600953], [-7.445740928871165, 40.1471833207158], [-7.44556303211313, 40.146983599817794], [-7.445424574329685, 40.14677168658615], [-7.445360149769486, 40.14660812049003], [-7.445364087133445, 40.146379572454194], [-7.445394888837805, 40.14630383599282], [-7.445717931717344, 40.14588697980929], [-7.445788947963448, 40.145710346134074], [-7.445823543368875, 40.144964782377066], [-7.445909064403174, 40.144722672007674], [-7.446088563656515, 40.14441186228894], [-7.446117844285199, 40.1441838328346], [-7.446215548947605, 40.143954762927486], [-7.446355531145587, 40.143745664711965], [-7.446427002702071, 40.143581458662965], [-7.446439648454711, 40.143327121576114], [-7.446497990762826, 40.14304468606431], [-7.446667183957293, 40.142847828494006], [-7.446722769686703, 40.14282843514545], [-7.449485273554164, 40.140065899026915], [-7.449426088038158, 40.13994145320823], [-7.449409323708428, 40.13957580681115], [-7.449364498348774, 40.13910633711483], [-7.449371781481816, 40.1387535345313], [-7.452376338195294, 40.13393623868643], [-7.4538066494379, 40.13329448508794], [-7.461844686373258, 40.12687801345586], [-7.461973471061603, 40.12670197594134], [-7.462112536117977, 40.126578407652055], [-7.462190548133065, 40.126447372649956], [-7.462194230828933, 40.1262991596381], [-7.463056346282009, 40.125957414003594], [-7.462926412133129, 40.12567630947379], [-7.462914551864094, 40.12521046211375], [-7.462883422584751, 40.12505889281473], [-7.462676478781508, 40.12456742106602], [-7.462629728648529, 40.12441774435165], [-7.462405648722953, 40.12393940883481], [-7.462348894247544, 40.123685478491055], [-7.462361874929996, 40.12321112913422], [-7.462351812409747, 40.12295692432382], [-7.462281147678509, 40.12270993794337], [-7.462180859627378, 40.12248096821748], [-7.462023292225188, 40.1222672521123], [-7.46167595545546, 40.122025778256365], [-7.461509925570748, 40.12181371899826], [-7.461345982179385, 40.121401925168215], [-7.461222995526692, 40.12132268294638], [-7.460659025648361, 40.1211851442738], [-7.460401369617196, 40.1210699952332], [-7.460276701708676, 40.12092346903964], [-7.460190507747025, 40.12068206391882], [-7.460134053364626, 40.120446145026605], [-7.460013727541388, 40.12020481249323], [-7.459816603529152, 40.12000671201614], [-7.459606514495698, 40.1199219201498], [-7.459457251366453, 40.11979578258342], [-7.459358400969826, 40.11952926676983], [-7.459252957098352, 40.11930152795276], [-7.458971549841695, 40.118609237193375], [-7.458729246995053, 40.118247057088446], [-7.458436718833041, 40.11769653872387], [-7.458294608931674, 40.11747570094319], [-7.458184562438741, 40.11726342443459], [-7.457969859076496, 40.11677946260162], [-7.457515357813437, 40.11618027335547], [-7.457029685660414, 40.11543671568934], [-7.456924985214552, 40.115217986679774], [-7.456883065135413, 40.115032580381005], [-7.456711526378796, 40.11458579053003], [-7.456586248387947, 40.11431317480843], [-7.45641920602519, 40.11369701491267], [-7.456137003086327, 40.113303883152916], [-7.456058645664943, 40.11313799187128], [-7.455984533989069, 40.11266159870756]]], "type": "Polygon"}, "properties": {"geo_point_2d": {"lon": -7.424990984589036, "lat": 40.13095005320088}, "year": "2024", "dis_code": "05", "dis_name": "Castelo Branco", "con_code": "0504", "con_name": "Fundão", "fre_code": "050401", "fre_name": "Alcaide", "fre_name_upper": "ALCAIDE", "fre_name_lower": "alcaide", "fre_area_code": "PRT", "fre_type": "parish", "fre_name_long": "Alcaide"}}, {"type": "Feature", "geometry": {"coordinates": [[[-7.488468159513412, 40.10231191238349], [-7.488422352314426, 40.10230688247846], [-7.48653856733074, 40.102947990552224], [-7.482089991164608, 40.104769885934836], [-7.474774896225789, 40.10746553809998], [-7.467421039464321, 40.11116915976163], [-7.461125474328518, 40.1118970515191], [-7.465686906890098, 40.11689251329092], [-7.467630919319309, 40.118490317275686], [-7.47055025578522, 40.12165842162839], [-7.47063943728589, 40.12169189251598], [-7.476829522080009, 40.122983084209345], [-7.477027724428567, 40.12298924692061], [-7.482748391963467, 40.12371739302488], [-7.482965359417025, 40.12369915218908], [-7.483438065270183, 40.123706931087106], [-7.483877553685311, 40.12369137756426], [-7.484955588277737, 40.12357609290048], [-7.485245268740272, 40.1235357381472], [-7.48551624528757, 40.12346349353071], [-7.485677530821758, 40.12339126192211], [-7.485921035284727, 40.12335830864781], [-7.486303438293517, 40.123337651952674], [-7.487715698166361, 40.12303535112131], [-7.488000616809868, 40.12295164450213], [-7.488128762992334, 40.122935427140156], [-7.488330182833964, 40.122998237398086], [-7.489810667075509, 40.12313676172873], [-7.490155934759387, 40.122809956163024], [-7.490228000790656, 40.12276920012255], [-7.490449946327791, 40.122720356389465], [-7.490675408155718, 40.122621457972215], [-7.490865057580028, 40.12242626924916], [-7.491189519020799, 40.12221588525457], [-7.491458547616477, 40.12207471886754], [-7.491686148963486, 40.121910178119485], [-7.491822955277468, 40.121770534468375], [-7.492017304249964, 40.12162382074872], [-7.49229300508035, 40.121521503017306], [-7.492641268305033, 40.121412020967654], [-7.493252242362197, 40.12130957239174], [-7.493551737318144, 40.121271778093586], [-7.494003439258269, 40.121240757964024], [-7.49422896971195, 40.12124650257866], [-7.494846289804647, 40.12131807124475], [-7.495145147211775, 40.12131124785303], [-7.495613122726839, 40.12118269328084], [-7.495904379341193, 40.12108459437387], [-7.496046671127182, 40.12099675898012], [-7.496425990217086, 40.12087726056292], [-7.496909824700608, 40.1206823242567], [-7.497544389824625, 40.12053917948092], [-7.497849353708798, 40.120379015463236], [-7.49811514035801, 40.120281943826676], [-7.498764681864574, 40.12016733675277], [-7.499396874219863, 40.1200641568707], [-7.499723038872514, 40.12005909123162], [-7.500704117561154, 40.120068130635175], [-7.50104712953115, 40.12004297910471], [-7.502269672201776, 40.11986923733353], [-7.503311945436362, 40.11975502674558], [-7.50401084486506, 40.11975764098921], [-7.505006141902453, 40.11977680599915], [-7.505323672658123, 40.11980445930228], [-7.505766465819923, 40.119873587142884], [-7.506399778813335, 40.120069188771645], [-7.506729055279464, 40.12016012333704], [-7.507075992351409, 40.1202309782735], [-7.507632242669569, 40.1203878868222], [-7.507959294892347, 40.12045214925909], [-7.508553720830498, 40.12063069083222], [-7.508867340578808, 40.120714596726806], [-7.509460481362386, 40.12081513996562], [-7.509765827506932, 40.120854783415325], [-7.510060095052007, 40.1208484362731], [-7.510669542406124, 40.12078163740626], [-7.511138600729609, 40.1207112905244], [-7.511661683576717, 40.12056909602725], [-7.511916351838847, 40.1205184026615], [-7.512092747246475, 40.1205225016399], [-7.512205091823487, 40.12105723790312], [-7.51229279741382, 40.121332923571714], [-7.512385334616061, 40.121503991686765], [-7.512684368503042, 40.12123091080655], [-7.512907298089323, 40.121071079015586], [-7.513042834303045, 40.121001464024715], [-7.513195705377018, 40.12097355081462], [-7.513404159719228, 40.120974395344916], [-7.513562976000479, 40.120924627274675], [-7.514016610716795, 40.12073089697377], [-7.51464809806403, 40.120560270247275], [-7.515027311280319, 40.120435668732014], [-7.515324575029218, 40.12035790363804], [-7.515536164855575, 40.12033561763504], [-7.516250241155155, 40.12007319737316], [-7.516940327861466, 40.11989502784747], [-7.517112119415605, 40.11988891889146], [-7.517427039314027, 40.11984222716945], [-7.517758595109568, 40.119745998544865], [-7.518060404390593, 40.119605213596614], [-7.518401984730928, 40.11929389024231], [-7.518556055388754, 40.11919734845819], [-7.519224843909869, 40.11898555740647], [-7.519353533156131, 40.118932742469326], [-7.519254778968063, 40.11866915691444], [-7.519247312186986, 40.11855960708809], [-7.519149042111558, 40.118320163477485], [-7.518872146228956, 40.11784247180205], [-7.518778010062035, 40.11762699923756], [-7.518720788803017, 40.11738939313001], [-7.518757032836537, 40.11712760657523], [-7.518734292303822, 40.11706048004292], [-7.518550085887634, 40.116881912137416], [-7.51827558556603, 40.11675239452788], [-7.517628921067574, 40.11658046966385], [-7.516776203803304, 40.116337835314226], [-7.516494215458686, 40.11627185728712], [-7.516157666715317, 40.1162343159541], [-7.515941853967454, 40.11629657235696], [-7.515719697203409, 40.11642561581912], [-7.51549961244793, 40.116519639544116], [-7.515351422503719, 40.11653623424227], [-7.515045593941696, 40.11652559843583], [-7.514894389784793, 40.11650002962441], [-7.514329860648987, 40.116338879770964], [-7.513662758834908, 40.11602858439826], [-7.51341828806724, 40.115848876360076], [-7.512991530443474, 40.11547474819303], [-7.512615530154817, 40.115182928091166], [-7.512244298202044, 40.114818187900404], [-7.511836164137135, 40.11447486369082], [-7.511544064776877, 40.114167374906614], [-7.511458986434035, 40.11397752537408], [-7.511381769267633, 40.11351582982978], [-7.511250595142361, 40.113210369391886], [-7.51118765023846, 40.1131146621969], [-7.511136321486267, 40.112877441401864], [-7.511152529385147, 40.112578083905056], [-7.511069361633911, 40.11211383623473], [-7.511110883779916, 40.11175220264037], [-7.511021515407742, 40.11149244903546], [-7.510933095698784, 40.111361388041345], [-7.50940478909503, 40.107919435050036], [-7.509019499897716, 40.107185364971826], [-7.50481215381703, 40.10403350822586], [-7.50475279456276, 40.10414972311989], [-7.488468159513412, 40.10231191238349]]], "type": "Polygon"}, "properties": {"geo_point_2d": {"lon": -7.48991890416052, "lat": 40.11357061357929}, "year": "2024", "dis_code": "05", "dis_name": "Castelo Branco", "con_code": "0504", "con_name": "Fundão", "fre_code": "050403", "fre_name": "Alcongosta", "fre_name_upper": "ALCONGOSTA", "fre_name_lower": "alcongosta", "fre_area_code": "PRT", "fre_type": "parish", "fre_name_long": "Alcongosta"}}, {"type": "Feature", "geometry": {"coordinates": [[[-7.50481215381703, 40.10403350822586], [-7.504869838821193, 40.103919891438096], [-7.505155410774912, 40.103524547190545], [-7.505416899159245, 40.103029829777654], [-7.505582573608171, 40.102842138500684], [-7.505623920619771, 40.10275825057641], [-7.505691879630456, 40.102470696832604], [-7.505740069472883, 40.10238234115321], [-7.505941400260121, 40.10224518750625], [-7.506119729280472, 40.10201992179232], [-7.506319958420782, 40.10182395267536], [-7.506807526850297, 40.10120265713797], [-7.506966178494363, 40.100987098349066], [-7.50714893444997, 40.10079004624101], [-7.507302598922143, 40.10059391557211], [-7.50770185693178, 40.099932418185006], [-7.507814213092531, 40.09971319223675], [-7.507974627907458, 40.09949620146342], [-7.508344780254005, 40.09909328742924], [-7.508455292801429, 40.09887035663386], [-7.508509457781987, 40.09882030365376], [-7.508752341241219, 40.09872813135226], [-7.509135098922503, 40.09861455298708], [-7.509419281867085, 40.098417675193495], [-7.509593934579605, 40.09813015389765], [-7.509628492794993, 40.09801803477422], [-7.513220702806034, 40.096140348186296], [-7.515205123836566, 40.09531850339589], [-7.517537944188112, 40.09437239476802], [-7.517567873666359, 40.094356519605796], [-7.518331214838335, 40.09416549452369], [-7.519603711870012, 40.09393527373797], [-7.520222534519155, 40.09361802384372], [-7.520876955733304, 40.093121914790025], [-7.521464634020454, 40.092245766132045], [-7.521679813620927, 40.09203526014876], [-7.522094400130302, 40.09165864963009], [-7.522363365339494, 40.09133270386382], [-7.523239743789136, 40.089871321526694], [-7.523395887822226, 40.089638887072915], [-7.523789944558292, 40.08941913990371], [-7.524038199351645, 40.08913964111776], [-7.524610907239905, 40.08822466862945], [-7.524563809181911, 40.08788976011842], [-7.524760604790419, 40.0863519545115], [-7.525269744640506, 40.0849065579018], [-7.526120068797963, 40.083510940714106], [-7.525972459726318, 40.08171015940467], [-7.525696303908688, 40.081093251723146], [-7.525152882526361, 40.080617867767245], [-7.524985991466364, 40.08061158997824], [-7.524898847183734, 40.08036401002314], [-7.524798994297642, 40.080241097967004], [-7.524640580837346, 40.079609586664596], [-7.52444159267057, 40.07928342785481], [-7.523897548544815, 40.07856451452214], [-7.52346331515306, 40.07865481974729], [-7.523462768585557, 40.07871623680866], [-7.523106912529974, 40.07873436308217], [-7.521829712385628, 40.07847287367017], [-7.521720236576768, 40.07845680743541], [-7.521439345168284, 40.078482438941116], [-7.520979032698296, 40.079458867297944], [-7.520816653178276, 40.07987948837022], [-7.520794363013618, 40.08003895570959], [-7.520635090373555, 40.0801112432136], [-7.520105173618471, 40.08000542436976], [-7.518816632006292, 40.07972664031562], [-7.517816433067725, 40.07916810970022], [-7.517189527740589, 40.078806805574494], [-7.516959660951779, 40.07855450257845], [-7.516631065294746, 40.078278707588815], [-7.516530170830798, 40.07798665222324], [-7.516310482750113, 40.07786768620054], [-7.516143209090504, 40.07765705139709], [-7.51589202145369, 40.077234239403765], [-7.515744332548885, 40.07693193553135], [-7.516061263715201, 40.07658806523265], [-7.516445992193241, 40.07630506980762], [-7.517406832381718, 40.07557419935246], [-7.518076285591279, 40.075031713226934], [-7.51848407354563, 40.07472397770312], [-7.519048266108623, 40.07428332997785], [-7.518409046733028, 40.07380839867549], [-7.518031337884962, 40.07332440654789], [-7.517930632403077, 40.07305081184846], [-7.517790058714351, 40.07272639520391], [-7.517618226709561, 40.07251447460995], [-7.517197190587869, 40.072170650259814], [-7.516847527295575, 40.072011371293115], [-7.516490531073569, 40.071807474357506], [-7.516337400809435, 40.07172002330174], [-7.515907299257177, 40.07152528258497], [-7.515836286243825, 40.07146997124588], [-7.514795098096696, 40.07100134839991], [-7.514404414402907, 40.070817441355935], [-7.513535766437215, 40.07045554360635], [-7.513450951146567, 40.07041069490188], [-7.512693319397919, 40.06992033043904], [-7.512740915441744, 40.0698296229408], [-7.51261012883459, 40.068957514629744], [-7.51189659495558, 40.06827258397788], [-7.511708339379201, 40.068104514836975], [-7.511401085607109, 40.06788708887881], [-7.510805705027293, 40.06741225964336], [-7.510627951123825, 40.067288646534436], [-7.510199195568476, 40.066937458450475], [-7.509078957696845, 40.067013944453876], [-7.508715701113769, 40.06702685339509], [-7.507868748293216, 40.0669947361388], [-7.507673204303856, 40.06702331487301], [-7.507443213916396, 40.06688257814471], [-7.507183728987729, 40.066686650433034], [-7.507085031596217, 40.06664802265303], [-7.506886982940308, 40.06664272306163], [-7.506480397747976, 40.06658766564646], [-7.506409163656272, 40.06655773973617], [-7.505958506734844, 40.06650244837708], [-7.505645915939087, 40.066384399116316], [-7.505371709253115, 40.06629835359353], [-7.505020930208369, 40.06615272557622], [-7.504845206121218, 40.06611575324255], [-7.504642585717031, 40.06600901564121], [-7.504227154685183, 40.06570416679682], [-7.50414040715749, 40.06556419649003], [-7.503955110269421, 40.06537082752856], [-7.503578863151074, 40.06501143533386], [-7.503476001010752, 40.064826886393085], [-7.503418375268642, 40.064796942540106], [-7.502863857392161, 40.06467983016538], [-7.502859787436951, 40.064523282780016], [-7.502586530774929, 40.06432304420342], [-7.502314053447114, 40.06405093410334], [-7.502108620397578, 40.063944092084114], [-7.501665602365138, 40.06396492008471], [-7.501571881840681, 40.0639855715377], [-7.501476947945876, 40.06413734822145], [-7.501079657822844, 40.064257758600625], [-7.500749469494624, 40.06427082299597], [-7.500557618244787, 40.06419151437452], [-7.500738639183849, 40.063957805248585], [-7.50121121965359, 40.06341263323452], [-7.500943936597757, 40.062869923158225], [-7.500867269477769, 40.0628334834674], [-7.500746243626748, 40.062357177021845], [-7.500574856130371, 40.06209313632672], [-7.500373445267806, 40.06183167553012], [-7.500177107318597, 40.06132501480384], [-7.500116001783248, 40.061100611475446], [-7.499989631312448, 40.06046752803008], [-7.499917400937758, 40.06020461081295], [-7.499815838876097, 40.059702964901774], [-7.499649280265841, 40.0593996369995], [-7.499563895549661, 40.05931748919542], [-7.499471729129621, 40.05934787577015], [-7.499191792628906, 40.05950521402424], [-7.498932370657439, 40.05961196095442], [-7.498769020657861, 40.059646462100176], [-7.498566277349349, 40.059530529716426], [-7.498067298303529, 40.05915477666908], [-7.497844210038305, 40.05905863478223], [-7.497602336246384, 40.05905541971119], [-7.496205111200106, 40.05945114691], [-7.493597631329528, 40.05768210525042], [-7.493339203268551, 40.05753100216143], [-7.493140366977729, 40.057337093390004], [-7.493089186574344, 40.05723234182945], [-7.493018104016707, 40.05693736517053], [-7.492932714317064, 40.05680657907342], [-7.492922972567251, 40.05669449314736], [-7.493037209038033, 40.056472490278026], [-7.493070730943488, 40.05628328351277], [-7.492977782069416, 40.05609643917115], [-7.492673079729017, 40.055894105751406], [-7.492595069208253, 40.055814061334694], [-7.492389888534413, 40.05535840407958], [-7.492217159306645, 40.055143289288736], [-7.492184436094419, 40.054957315077125], [-7.492274118164901, 40.05471590958623], [-7.492211010828004, 40.05454642933415], [-7.491999820695549, 40.054295890611904], [-7.491749852101664, 40.05414473977763], [-7.491328917962945, 40.053940683982056], [-7.491150417035869, 40.053729406379176], [-7.490987495428826, 40.0533432306284], [-7.490977739664228, 40.05294556538044], [-7.491012692633229, 40.05280445737364], [-7.49056575112714, 40.052338179504595], [-7.49050325222019, 40.05221652180235], [-7.490497493360373, 40.05194325174191], [-7.490417497180824, 40.051762686728665], [-7.490539852910396, 40.0515365046476], [-7.490504916353244, 40.051288376946225], [-7.490328803328738, 40.05113565308374], [-7.487844447846266, 40.049731361649016], [-7.487106574856847, 40.0494520402596], [-7.485537275061004, 40.04791652385027], [-7.485072772674942, 40.04767923967348], [-7.48478527528971, 40.04758424333754], [-7.484231942025008, 40.047310709276694], [-7.484140651231418, 40.047224551584215], [-7.481615956706786, 40.04565500178587], [-7.478517916988615, 40.04308872117731], [-7.476513056979203, 40.04189817007522], [-7.475752215276054, 40.041595497040845], [-7.475543725063806, 40.04142825090717], [-7.475364319899984, 40.04113598026924], [-7.469149576671478, 40.037127110599926], [-7.4690647364223, 40.03654718056605], [-7.468776399789754, 40.03486321976077], [-7.46870219030245, 40.03437133830809], [-7.46855650712742, 40.03363822805201], [-7.468487419364223, 40.03315042665729], [-7.468356571407181, 40.03244694271983], [-7.468280753391378, 40.03195199222702], [-7.468226018655574, 40.03171247946067], [-7.467993197198709, 40.030518484544125], [-7.467919163970845, 40.03003371893867], [-7.467866384632407, 40.02979809245759], [-7.467731127346075, 40.02930901161044], [-7.467621598474413, 40.02882404189495], [-7.467492974588999, 40.02835193286643], [-7.467281600882417, 40.02764231349338], [-7.466983450408705, 40.02673666988813], [-7.466750581958852, 40.026058716272765], [-7.46656439559014, 40.0255915894607], [-7.466419682944292, 40.025124785595956], [-7.466249127367141, 40.0246777424827], [-7.466178566622882, 40.02445272721386], [-7.465913872254418, 40.02353034790038], [-7.465816984363312, 40.02307390797316], [-7.465735996746758, 40.02236673991932], [-7.465703967352137, 40.02164860063897], [-7.465723341970403, 40.02136646505344], [-7.465864560588527, 40.02039435367462], [-7.465981802774384, 40.019708413825], [-7.466079240661797, 40.019216160330096], [-7.466182110623556, 40.01852554340838], [-7.466432577646957, 40.017181664138405], [-7.465987051341714, 40.0169846664345], [-7.465738278921893, 40.016838603823714], [-7.465535256193607, 40.016648850132746], [-7.465416750144581, 40.016417077144084], [-7.465340091500591, 40.01616951077388], [-7.465047864459478, 40.0147948641021], [-7.464790470047414, 40.01366952789418], [-7.464585342474659, 40.0127469417328], [-7.464412633662042, 40.01206743142332], [-7.464269376241426, 40.01135936859683], [-7.464108401802982, 40.01064273032433], [-7.463883841884443, 40.0096846427344], [-7.463413298975543, 40.00752922342633], [-7.463301116292827, 40.00708331633224], [-7.46303708986679, 40.0059593739292], [-7.462635158130699, 40.00415819685269], [-7.462302767006266, 40.00274548547166], [-7.46206537202502, 40.00176389766908], [-7.461960526742273, 40.00127606479683], [-7.461788671579688, 40.000562785992116], [-7.461580862032704, 39.999623248359455], [-7.46131664934507, 39.99847579376483], [-7.461170604642427, 39.99779499161561], [-7.460998102048034, 39.99711431316722], [-7.460831465409299, 39.99663548690735], [-7.460799491068181, 39.996488590340284], [-7.460254997468715, 39.99687426867366], [-7.459535876065176, 39.99733216449069], [-7.459377705050064, 39.99747291277637], [-7.458781505390957, 39.99810527647865], [-7.45853421236302, 39.99857396437721], [-7.458460525350691, 39.9988040004328], [-7.458450341524322, 39.99894471625862], [-7.458093588496184, 39.99898973812327], [-7.456791618158421, 39.999191954515574], [-7.456649220617337, 39.9989942134089], [-7.456457141760617, 39.99868860252122], [-7.456381063360749, 39.99848306621857], [-7.45587931578565, 39.99855292532354], [-7.455054724379136, 39.99861661240543], [-7.45446953256579, 39.99867955493451], [-7.453685842005827, 39.998829107060224], [-7.452908203325499, 39.99892944860111], [-7.452423086556577, 39.99900581346731], [-7.451880861778345, 39.99911423913946], [-7.451195971917221, 39.99942957537304], [-7.450670349218228, 39.999613996346426], [-7.450809297301884, 40.00006727484569], [-7.450929598132054, 40.00037031373542], [-7.451252276988307, 40.001096108288095], [-7.451519910961919, 40.00158742716978], [-7.451622061377842, 40.00198528265524], [-7.451628558156449, 40.0022038066478], [-7.451573702052745, 40.00252779042731], [-7.451487717763758, 40.002814128485646], [-7.451296187529308, 40.003154641279565], [-7.451187979363536, 40.003398064941784], [-7.451017035114957, 40.00398521460512], [-7.450805701512075, 40.004475970057314], [-7.450648276873926, 40.00472658563463], [-7.450589558617289, 40.00486088072706], [-7.45029882970902, 40.00536224773664], [-7.449839029857746, 40.00606836111548], [-7.449620574166563, 40.00635765941164], [-7.44940095234796, 40.006808739146805], [-7.449277526759793, 40.007101427959334], [-7.449170776576048, 40.00746049884523], [-7.4491372896852, 40.00764789774637], [-7.449057199850393, 40.00791670485245], [-7.448904313404259, 40.008286585076526], [-7.448728587163931, 40.00893875342211], [-7.448592401844291, 40.00935934230696], [-7.448504832631559, 40.00950886618225], [-7.448360427961958, 40.00961401899399], [-7.447742418952483, 40.00995224428135], [-7.447540559376717, 40.01005254781575], [-7.447012592936214, 40.010356268191344], [-7.44634581577183, 40.0107255338355], [-7.445971385455367, 40.01091947279583], [-7.445483398403258, 40.01122991023981], [-7.444644022049258, 40.0114019067418], [-7.444094919425734, 40.01152221016814], [-7.442079779499104, 40.011912002748566], [-7.441809734972317, 40.01195452729481], [-7.441214958687757, 40.012071598688905], [-7.440652440260204, 40.01211757857635], [-7.440299245725304, 40.01213645803689], [-7.439900136113512, 40.012138671639235], [-7.439393354887689, 40.012165274436214], [-7.43891040824691, 40.01225173250177], [-7.43852963270385, 40.01233330366723], [-7.43811937377888, 40.0123772297404], [-7.437729747579226, 40.01246540787786], [-7.437488187284811, 40.012667047561415], [-7.437190457952839, 40.012887173010085], [-7.436900510201546, 40.01278864330593], [-7.436245199017312, 40.012720392261066], [-7.435809230724113, 40.01270012333927], [-7.435278212608767, 40.01272125230858], [-7.435036561303448, 40.012781579394556], [-7.434360252894301, 40.013095426467096], [-7.433965836632213, 40.0132276936307], [-7.433495243895612, 40.01335283780275], [-7.433227299024534, 40.01345281004623], [-7.432672308540788, 40.01369902112497], [-7.432194764051233, 40.013827540275365], [-7.43204071030074, 40.0138883944736], [-7.431729049772539, 40.014058705359346], [-7.431296476104635, 40.01426800712106], [-7.431103583250942, 40.014335283923494], [-7.430879736991952, 40.01434825363544], [-7.430626655649016, 40.01426503571722], [-7.430391004597489, 40.014149957741665], [-7.430243507509434, 40.014119257689565], [-7.429859827705479, 40.01416214307974], [-7.42926742973802, 40.01429652660984], [-7.42716302371515, 40.01440957679405], [-7.425852542902103, 40.014473205087796], [-7.423568400750548, 40.014602744737715], [-7.422807623578498, 40.01464006227167], [-7.422098569236124, 40.014682013269656], [-7.420688770954639, 40.01475506591232], [-7.419302121104133, 40.014820492471074], [-7.419204422799919, 40.01483313224438], [-7.418791088744709, 40.014989547411844], [-7.41770019493224, 40.01543646450964], [-7.416466747893545, 40.01592671669747], [-7.415224864912975, 40.016427708866544], [-7.412163122421831, 40.01765121522446], [-7.410879297177045, 40.0177228551477], [-7.409032930367524, 40.01781285823006], [-7.40862697117745, 40.017810418200945], [-7.40820678010368, 40.01792478258206], [-7.407651565109483, 40.018047134250665], [-7.406831475870496, 40.01825067728714], [-7.406556808543729, 40.01832730989584], [-7.405880571909254, 40.01849527623531], [-7.405307503195829, 40.018677118289766], [-7.404717259518137, 40.01885443748143], [-7.404192906233227, 40.01903658649849], [-7.40403857645628, 40.01902397532373], [-7.403938846833241, 40.01893842085764], [-7.403896977755345, 40.01872112349398], [-7.40394171611702, 40.0184383162854], [-7.403903773111862, 40.01812489329606], [-7.403565457484738, 40.01815024223793], [-7.403340336123929, 40.018127661452404], [-7.40326515589767, 40.01796013128925], [-7.403297891421743, 40.01772338756272], [-7.403403439557368, 40.017611926100926], [-7.403791139359529, 40.01760175471396], [-7.40397115326131, 40.01748229117935], [-7.404065628566143, 40.01738777995742], [-7.404124107711248, 40.01705384978527], [-7.404266343567945, 40.01686236904035], [-7.404112175968788, 40.01688671079423], [-7.403673722403206, 40.017010853212774], [-7.403156165599913, 40.01677497622321], [-7.402746252096063, 40.0171676759206], [-7.402589041485538, 40.01746694557385], [-7.402484877823907, 40.0177009854686], [-7.402099371451936, 40.0182866515321], [-7.401999183509629, 40.018400217892996], [-7.401722220364769, 40.01859291421477], [-7.401114391698463, 40.0188808801471], [-7.40076060267991, 40.01906047946959], [-7.400708376295244, 40.01880645283723], [-7.400573826657056, 40.01853920458238], [-7.400244621978137, 40.01873174902539], [-7.39986255815036, 40.01898087713938], [-7.399298054199236, 40.01932413182552], [-7.399091753962844, 40.01934813673091], [-7.398478183027599, 40.01939352155057], [-7.398488928080383, 40.01980200992311], [-7.398512699343881, 40.02004333691806], [-7.39864040733423, 40.02032558150223], [-7.39869312901476, 40.02055475636017], [-7.398586896276228, 40.020740060408386], [-7.398343102076457, 40.02090684035929], [-7.398169043442182, 40.020993545423465], [-7.398112249765759, 40.021133950458704], [-7.398195773788704, 40.021407178469595], [-7.398235410502483, 40.02166635516728], [-7.398242464853857, 40.02200295183762], [-7.398279862040815, 40.02216421239189], [-7.399129908633618, 40.02312133939988], [-7.399193623338749, 40.023155243597444], [-7.399479470952397, 40.023570245963626], [-7.399666060773152, 40.02368174562126], [-7.400853217904359, 40.0254691715004], [-7.400934099533777, 40.02574976922816], [-7.402046643672307, 40.02664044360891], [-7.402119940073971, 40.02663306986664], [-7.402665334847045, 40.0265712037116], [-7.403080136064895, 40.02642971585369], [-7.403415638705544, 40.026408141398406], [-7.403718943241611, 40.02649533176366], [-7.40385618298575, 40.026567427839886], [-7.404066916031929, 40.026612341254975], [-7.404400918712834, 40.02660011447876], [-7.404715175748188, 40.026516533026594], [-7.405014345432573, 40.026408625195], [-7.405339565927037, 40.02632933836007], [-7.405453082025834, 40.02632923890592], [-7.40574935643017, 40.02641665089799], [-7.406005399369388, 40.02654235550626], [-7.406230932512287, 40.026695159142605], [-7.406321850665547, 40.02670527401749], [-7.406593941082368, 40.0268308050923], [-7.40714991793612, 40.02702034698562], [-7.407431829476038, 40.02710397042119], [-7.408012376945345, 40.02729618373951], [-7.408628742836744, 40.02738108159689], [-7.409207295160122, 40.027563094241835], [-7.409511300431103, 40.02759624035722], [-7.41012221421648, 40.02757581753546], [-7.410428577903863, 40.02762986454758], [-7.41073212718956, 40.027706323625054], [-7.411308081745041, 40.0278798457293], [-7.412140241873087, 40.02799830961729], [-7.412679722178432, 40.02800931109226], [-7.41320820607611, 40.027917754906554], [-7.413899870101925, 40.027927891264326], [-7.414208306364586, 40.02786261754192], [-7.414937859072304, 40.027924227080995], [-7.41553534095747, 40.028023289873516], [-7.416152771919731, 40.02804088647706], [-7.416967203204313, 40.02818694009982], [-7.417313370015973, 40.02817700460322], [-7.417934957472891, 40.0282117225466], [-7.418141090014246, 40.02826171543219], [-7.41820750579786, 40.02831867948882], [-7.418397605201145, 40.02863731299479], [-7.418465038395314, 40.028709772650934], [-7.418743966612098, 40.02889080085853], [-7.418898255210423, 40.02895839477267], [-7.419058265975799, 40.0290838361603], [-7.419218516009332, 40.02929898247243], [-7.419421225561599, 40.02949863402899], [-7.419730912359997, 40.02965165681549], [-7.420329231587847, 40.02988669113236], [-7.420599344150615, 40.030003441332745], [-7.421161694596867, 40.03017178747167], [-7.421718762245088, 40.030397827104686], [-7.422314208901176, 40.03053854670822], [-7.422927367566042, 40.03058615399437], [-7.423240443744403, 40.03058275343074], [-7.423663276878299, 40.03060308130778], [-7.423919911844921, 40.030834567243055], [-7.424340123392092, 40.0311773771456], [-7.424844533978042, 40.03141064832362], [-7.425010489026265, 40.031552333171476], [-7.42521605540002, 40.03167012272122], [-7.425643807720646, 40.03174810482179], [-7.42590699352701, 40.03187975577407], [-7.426199357093454, 40.03206759623594], [-7.426449607026003, 40.03219258993211], [-7.426511132832339, 40.03228167812464], [-7.426700936018669, 40.032394774936144], [-7.427072026821527, 40.03258336239926], [-7.427127585216373, 40.03262648045273], [-7.427316065400778, 40.03295949270535], [-7.427453948744903, 40.03323438412144], [-7.427603439378669, 40.03330310530273], [-7.427642895041678, 40.033363053691126], [-7.427635704075286, 40.03356087233507], [-7.427827684130513, 40.03403287162042], [-7.427876217275343, 40.03428136770806], [-7.427956033389885, 40.034506733043344], [-7.428141117116409, 40.034680410208246], [-7.428312312449059, 40.03495216557472], [-7.428477705150691, 40.03517300765444], [-7.428664437795474, 40.035346603038136], [-7.428841853889028, 40.03554896257245], [-7.429028361275021, 40.0356417746554], [-7.429213199244373, 40.03569188593858], [-7.429456900480786, 40.03585213604282], [-7.429862570044914, 40.03621356909128], [-7.430074440482571, 40.03631247649576], [-7.430556407782167, 40.036351776937906], [-7.430709061008263, 40.0364328524301], [-7.430911040342613, 40.036617617614624], [-7.431426622049649, 40.03686389195025], [-7.432013930680935, 40.03699405916877], [-7.432242380029595, 40.03713448973046], [-7.432829412991471, 40.037521867678635], [-7.433028936238456, 40.03757989597028], [-7.433321378746446, 40.037787445658985], [-7.433522407948282, 40.03802028639434], [-7.433651869562638, 40.03808996585238], [-7.434324923982686, 40.03807411186372], [-7.434627022202593, 40.03805845628367], [-7.435415263959149, 40.03806490383109], [-7.435687515668084, 40.038150113342425], [-7.436007196767203, 40.03832954219475], [-7.436229567824903, 40.03848118675437], [-7.436471267810308, 40.038621687769584], [-7.436751319607877, 40.03872324077789], [-7.437288950300516, 40.03896034623802], [-7.437879867944848, 40.039326645122614], [-7.438394031523768, 40.0395563079635], [-7.43898184662904, 40.03972112151562], [-7.439273390256984, 40.03983426678148], [-7.439876391017649, 40.040039417344126], [-7.440212161453392, 40.04013625196766], [-7.4408583212713, 40.04034913320942], [-7.441177965086029, 40.04047676384226], [-7.441743560998458, 40.04065042951939], [-7.442021081496497, 40.04074943930893], [-7.442285737785604, 40.04088078530603], [-7.442550298319021, 40.04108049213016], [-7.442630677037447, 40.041174090707486], [-7.445912696809289, 40.042226173511565], [-7.446556796131419, 40.042671811878684], [-7.446844530422187, 40.0428176064763], [-7.447160771709608, 40.04293601611361], [-7.447919239059119, 40.043254885143334], [-7.448254979539086, 40.043310002928294], [-7.448908157715373, 40.04330655349243], [-7.448995996819202, 40.04332229503599], [-7.449532994737922, 40.04360715831071], [-7.450228151700474, 40.04414223795529], [-7.450524835384916, 40.044320408662976], [-7.450602369225778, 40.044394892175674], [-7.450546307791923, 40.0445645090957], [-7.450557768379998, 40.04496794894216], [-7.450670978677833, 40.045119734074255], [-7.450927582556227, 40.04523913214843], [-7.45116386243905, 40.045399564830184], [-7.451180309220435, 40.04547819319783], [-7.451063494838034, 40.04566518830259], [-7.451084520815875, 40.045695390366696], [-7.451254122236382, 40.04755503829239], [-7.451569859533517, 40.04765676547614], [-7.451822828052555, 40.047884296977195], [-7.451926474956083, 40.048019996589446], [-7.452262075281482, 40.048612121499126], [-7.452491908091851, 40.049105643213295], [-7.452574399104694, 40.04931884886368], [-7.452740796230265, 40.0496155817209], [-7.452938915024448, 40.04979739653439], [-7.453049852371514, 40.049860010902925], [-7.453257613940577, 40.049861227496145], [-7.453777605520095, 40.04981104031619], [-7.453927621921737, 40.049809124349736], [-7.454019434599555, 40.04985100281592], [-7.454195036680763, 40.04999981246636], [-7.455269361483463, 40.05110850686987], [-7.45523970826853, 40.05435938665474], [-7.455173723846821, 40.05443077932583], [-7.455169134427965, 40.05476478246425], [-7.454617742666056, 40.0573704961251], [-7.453492582775617, 40.05920761644162], [-7.453438829350859, 40.0594042568421], [-7.453369131303888, 40.05948292417943], [-7.453285716457641, 40.05968083592701], [-7.453183608720215, 40.06008514447372], [-7.452815265856816, 40.060436471944534], [-7.452691320122837, 40.060501037526066], [-7.452527981379522, 40.06068560248744], [-7.45239917080835, 40.06093413612716], [-7.452339221858361, 40.06118766192542], [-7.452273505902994, 40.06132542768261], [-7.452109586887219, 40.06154429874007], [-7.452071950434949, 40.06162855371044], [-7.452079893456881, 40.061760535487934], [-7.451869384494524, 40.06194987003214], [-7.451740437776407, 40.06215228509312], [-7.451694632962581, 40.06231493587383], [-7.453472578218928, 40.066750589120566], [-7.453406017508381, 40.06712728189744], [-7.453054007152174, 40.06778976670367], [-7.452985569846547, 40.06795372593413], [-7.452791475835494, 40.0681762957939], [-7.452740369977465, 40.06831783628447], [-7.452712956587185, 40.06851661833012], [-7.452600285320953, 40.06874398889574], [-7.452556181965706, 40.0689004311928], [-7.452620684440149, 40.06902689203426], [-7.449245599019847, 40.072337193070425], [-7.449149474305216, 40.072477927526634], [-7.448954315653796, 40.07258151821628], [-7.446566503403622, 40.07457430329441], [-7.445424428135365, 40.0751954398316], [-7.450273617396572, 40.07616795763222], [-7.45379057455547, 40.07708151564233], [-7.45757549748978, 40.07835369762677], [-7.458438310743574, 40.07866770361381], [-7.458751887161566, 40.07861188769195], [-7.461555913404084, 40.078197827746685], [-7.466578854724458, 40.07692423546366], [-7.466511582279448, 40.07770592075438], [-7.466129589016295, 40.07848112015883], [-7.465412841731108, 40.07986165896352], [-7.465259482619504, 40.08028405631784], [-7.466416457697166, 40.081339165828396], [-7.467904951554804, 40.082221633187096], [-7.470113817622066, 40.08292429401966], [-7.474349425112052, 40.08460439564218], [-7.477454102300077, 40.08558775572951], [-7.481207554055234, 40.08742914794256], [-7.482547576978666, 40.0878669639552], [-7.485109078180768, 40.089429931872274], [-7.486556275862076, 40.09038415966855], [-7.487110709749434, 40.090989555357446], [-7.487660984259302, 40.09202487227153], [-7.488210574203827, 40.09314663528342], [-7.488535991063567, 40.09426688438268], [-7.488631105746212, 40.09607380862988], [-7.488839817565923, 40.0977098071558], [-7.488822947008113, 40.099516294582095], [-7.488695466947573, 40.101150331815646], [-7.488468159513412, 40.10231191238349], [-7.50475279456276, 40.10414972311989], [-7.50481215381703, 40.10403350822586]]], "type": "Polygon"}, "properties": {"geo_point_2d": {"lon": -7.46901813343116, "lat": 40.05339892697194}, "year": "2024", "dis_code": "05", "dis_name": "Castelo Branco", "con_code": "0504", "con_name": "Fundão", "fre_code": "050413", "fre_name": "Castelo Novo", "fre_name_upper": "CASTELO NOVO", "fre_name_lower": "castelo novo", "fre_area_code": "PRT", "fre_type": "parish", "fre_name_long": "Castelo Novo"}}, {"type": "Feature", "geometry": {"coordinates": [[[-7.39148626489112, 40.08454316864545], [-7.391486576103755, 40.084319463166416], [-7.391600947957839, 40.08407613175675], [-7.391575649647458, 40.083802735066165], [-7.391391477585301, 40.08324823829262], [-7.391412317570238, 40.083023764518295], [-7.391523524801081, 40.08276870694338], [-7.391536614979294, 40.082469073974465], [-7.391589049145706, 40.08232585315296], [-7.391963561080972, 40.08192153806467], [-7.392127949524217, 40.08169239967427], [-7.392238330937146, 40.08144850252689], [-7.392209288136724, 40.08131520985383], [-7.391914721185622, 40.08090869745877], [-7.391819556415738, 40.08073184401222], [-7.391847359202043, 40.08060035864749], [-7.392226061430206, 40.080197599486006], [-7.392345423203781, 40.07996871127156], [-7.392349146209897, 40.0797218839501], [-7.392241388131247, 40.079419769454184], [-7.39213195904664, 40.079206893072886], [-7.3920151896694, 40.07913130668551], [-7.391865353287221, 40.079099099169134], [-7.391523765113782, 40.07910619801393], [-7.391133420336486, 40.079090464200476], [-7.390844845112817, 40.079008468854724], [-7.39057097829744, 40.07885694751575], [-7.390329328181098, 40.078675557656915], [-7.390128846567913, 40.07848127726355], [-7.3899997180562, 40.07825890902286], [-7.389907217657932, 40.078172488035904], [-7.38963785007566, 40.078017934029475], [-7.389528131243758, 40.077929964879], [-7.389407347749848, 40.07771701301397], [-7.389327339097516, 40.07749504400175], [-7.38923756770265, 40.077395133777436], [-7.389002003250187, 40.07722584817545], [-7.388818178192433, 40.077010238324974], [-7.388684934121987, 40.07676757605486], [-7.38847909371393, 40.076561104806714], [-7.388355403294397, 40.07634615181595], [-7.38812118892344, 40.07584824602406], [-7.388099122540456, 40.07572138680764], [-7.387885138734618, 40.07526116721355], [-7.387804939296372, 40.0750140683495], [-7.387778989972469, 40.0747702066869], [-7.387778510273781, 40.07427514828951], [-7.387825460150724, 40.074000230282465], [-7.387811733708642, 40.07372095746698], [-7.387722260592649, 40.07321659692362], [-7.387776652639173, 40.072904260204766], [-7.387767965055443, 40.07238807851103], [-7.387743304259955, 40.07212224329133], [-7.387733590452633, 40.071636133013406], [-7.387680200453088, 40.071155685590476], [-7.387690393610316, 40.07110198472262], [-7.387916319370333, 40.070667193323956], [-7.387946468600554, 40.070525270559074], [-7.387897366392091, 40.07031926494912], [-7.387933102203285, 40.070072371353106], [-7.388011316681564, 40.06995156148738], [-7.388251914941206, 40.069783974124], [-7.388745713727743, 40.06955154678004], [-7.388820720907161, 40.069488176462634], [-7.388983396568119, 40.0692534436969], [-7.389343527058784, 40.06856985978576], [-7.389438892955124, 40.06832569271076], [-7.389503571487924, 40.068068899444704], [-7.389528406206734, 40.06763785251101], [-7.389642194090603, 40.067381101457364], [-7.389789772510008, 40.06714312208003], [-7.390083969327015, 40.066841865053185], [-7.390359342057728, 40.06670961766832], [-7.390543609194101, 40.066503660864136], [-7.390609610825544, 40.066199594953005], [-7.390724473116443, 40.06605965700613], [-7.391216165639965, 40.065780192450546], [-7.391325447468618, 40.06570101022407], [-7.3914247809098, 40.06556628295009], [-7.391482066198697, 40.06530881158163], [-7.391566275208889, 40.064805827937015], [-7.391680973450743, 40.06456114854701], [-7.391815225813086, 40.06434055273068], [-7.391900885736737, 40.06411487089957], [-7.391877709192748, 40.06394919561862], [-7.391883578984595, 40.063709764469806], [-7.392032043336526, 40.06346395161921], [-7.392087590935597, 40.06333489115606], [-7.392076076157603, 40.06308823315451], [-7.391925945582835, 40.06264229677894], [-7.391872762118066, 40.062379434271456], [-7.391876261771998, 40.06212053229458], [-7.391957124418467, 40.06162284108807], [-7.392075959800007, 40.06123355530681], [-7.392191731337709, 40.06095429826925], [-7.392436222226607, 40.0602598862756], [-7.392544222861874, 40.06002668703834], [-7.392693811356416, 40.059567438730134], [-7.392790288197327, 40.05932660686635], [-7.39288621080588, 40.059257151491806], [-7.393053142908294, 40.05919967730679], [-7.393107696082782, 40.05912941981971], [-7.393126621628084, 40.05897247827664], [-7.392944847999557, 40.058678084307275], [-7.392781573624291, 40.058538263466794], [-7.392739726330928, 40.058440911614404], [-7.392739081540293, 40.0582616002872], [-7.392918331884784, 40.057811996464636], [-7.393056243742031, 40.057587457858844], [-7.393356336391919, 40.05716834397649], [-7.393423203312141, 40.05694533436334], [-7.393453370431311, 40.05669137731082], [-7.393445735853469, 40.0562145546658], [-7.393386029828251, 40.055980019761364], [-7.393329763387636, 40.05586204868322], [-7.39319225073826, 40.05567006541067], [-7.392944987567982, 40.055266014070675], [-7.392635065764152, 40.0549345137902], [-7.392587631666771, 40.054855680247854], [-7.392599013592067, 40.05471309823125], [-7.392700294332336, 40.054624220660635], [-7.393233664178691, 40.05435149920518], [-7.393359277187048, 40.054179565647814], [-7.393404028265773, 40.0538980586356], [-7.39349583335444, 40.05367718577981], [-7.393618279249966, 40.05355944592685], [-7.39374590242655, 40.05350514201663], [-7.394044512610975, 40.05342905543086], [-7.394619897246968, 40.053225574152805], [-7.394851992029749, 40.05305738054212], [-7.394887195813721, 40.05298753738554], [-7.394849118701852, 40.05284491281699], [-7.394635788358143, 40.0526637064045], [-7.394381017020652, 40.05251087620951], [-7.393831802764572, 40.05226548663971], [-7.393583637321904, 40.05212035192974], [-7.392810879677443, 40.05171808708278], [-7.392554983150949, 40.05157236040818], [-7.392352253514591, 40.05135465772831], [-7.392300534543188, 40.05111927165813], [-7.392308169362152, 40.05082464453321], [-7.392334581681674, 40.050646674951054], [-7.392397730732601, 40.05046390047627], [-7.392398369821364, 40.05033979932692], [-7.392602549341714, 40.04991268866559], [-7.392548197620481, 40.04975870177685], [-7.392444450153572, 40.049696980677474], [-7.39214229120156, 40.04963624494078], [-7.391965683261242, 40.04953911417773], [-7.39183065448084, 40.04925997332849], [-7.391743862685523, 40.04915891023902], [-7.391181683941887, 40.048956111701976], [-7.39033203341411, 40.048690589127084], [-7.390189684056558, 40.04861168546079], [-7.390099570295025, 40.048514027516255], [-7.390049256579447, 40.048398880255284], [-7.390034441796108, 40.04790571078359], [-7.389925608233248, 40.047675721061175], [-7.389915945828935, 40.04755092968481], [-7.389978634953605, 40.04744298608972], [-7.390255686117525, 40.04728868708829], [-7.39034450186517, 40.047170469248684], [-7.390328704403513, 40.04707103186341], [-7.390220629554703, 40.046911833462616], [-7.390197183668754, 40.04673922194497], [-7.390272677174167, 40.0466284819583], [-7.390524914747996, 40.04647113946937], [-7.390821102326783, 40.046237438786804], [-7.390854867154871, 40.046160290899884], [-7.390879650490419, 40.04593809434089], [-7.391055470991193, 40.0457273058493], [-7.391256250926095, 40.04554928220414], [-7.391484789778944, 40.04538305002089], [-7.391921556422301, 40.045010918920646], [-7.392559665531368, 40.04458099475851], [-7.400138504195086, 40.040875840871735], [-7.403978165835748, 40.03680076486062], [-7.406820624502467, 40.030994870514085], [-7.40297530836793, 40.027815977512326], [-7.402914424061621, 40.02775786702597], [-7.402618295266295, 40.02733668441566], [-7.402515632290521, 40.02704361683104], [-7.402435138494904, 40.0268686643148], [-7.402210549106525, 40.026683169183315], [-7.402119940073971, 40.02663306986664], [-7.402046643672307, 40.02664044360891], [-7.400934099533777, 40.02574976922816], [-7.400853217904359, 40.0254691715004], [-7.399666060773152, 40.02368174562126], [-7.399479470952397, 40.023570245963626], [-7.399193623338749, 40.023155243597444], [-7.399129908633618, 40.02312133939988], [-7.398279862040815, 40.02216421239189], [-7.398242464853857, 40.02200295183762], [-7.398235410502483, 40.02166635516728], [-7.398195773788704, 40.021407178469595], [-7.398112249765759, 40.021133950458704], [-7.398169043442182, 40.020993545423465], [-7.398343102076457, 40.02090684035929], [-7.398586896276228, 40.020740060408386], [-7.39869312901476, 40.02055475636017], [-7.39864040733423, 40.02032558150223], [-7.398512699343881, 40.02004333691806], [-7.398488928080383, 40.01980200992311], [-7.398478183027599, 40.01939352155057], [-7.398325145571297, 40.01905996183795], [-7.398017455787892, 40.018510450404406], [-7.397917073843588, 40.01843362429216], [-7.397585114669639, 40.01836812334078], [-7.396928191371802, 40.01812079868068], [-7.396456595509949, 40.01798020025291], [-7.396196764738576, 40.01785165853223], [-7.396019468183572, 40.0177173343013], [-7.395750109043298, 40.01746192681491], [-7.395592043886167, 40.01733609811077], [-7.395237752549992, 40.017147515847235], [-7.395174036423558, 40.01692925488039], [-7.395167966766114, 40.01671991941956], [-7.395232623220971, 40.016589204060665], [-7.395343804729114, 40.01647787227771], [-7.39548069775989, 40.01627358697088], [-7.39578080639915, 40.015977212204746], [-7.395963676573055, 40.01584301386877], [-7.396151513786371, 40.01575963911298], [-7.396532316178756, 40.01562696682376], [-7.396734461747084, 40.015486493680015], [-7.396773856798871, 40.015406410089156], [-7.396803844644313, 40.015165508812245], [-7.39676656654008, 40.015059539178615], [-7.396631603599505, 40.01482183064416], [-7.396439478548014, 40.01454142476519], [-7.395997167339011, 40.01399925269067], [-7.395831203556622, 40.01384599743727], [-7.395547160251023, 40.01367289765626], [-7.39526075033115, 40.01356742562697], [-7.394618839714794, 40.01344275300054], [-7.394382719892161, 40.01342018111781], [-7.393472660508848, 40.013404339906145], [-7.393123230838701, 40.013336720747375], [-7.392746727389287, 40.01322854085676], [-7.39206517205427, 40.013079593392064], [-7.3915116101398, 40.013127597453085], [-7.391413926971699, 40.01312052937226], [-7.391171754706426, 40.01304380839127], [-7.390991422545556, 40.012930972426666], [-7.390931535852249, 40.012786692095546], [-7.391078882574107, 40.012334466699386], [-7.391121591149741, 40.01225957028467], [-7.391294673093693, 40.01149394305169], [-7.391351747670345, 40.01107840093833], [-7.391325044837654, 40.01100204334408], [-7.391101522236327, 40.01082301398086], [-7.39071596112186, 40.010638631451776], [-7.39041034139016, 40.01053509215925], [-7.390066253984251, 40.010577288984045], [-7.389892618792037, 40.010626971463395], [-7.389738866416981, 40.010602752398526], [-7.389573860549906, 40.01035214070308], [-7.389401685026906, 40.01026638172744], [-7.389135344920144, 40.0102351404449], [-7.388645086713408, 40.01012626822905], [-7.388128420915824, 40.01012079735692], [-7.387959278970889, 40.01010061888289], [-7.387685636113035, 40.00998673463484], [-7.38750303074852, 40.009848135705425], [-7.386742338342279, 40.00911574469519], [-7.386606873200959, 40.00893934603782], [-7.386553927945639, 40.008756995386825], [-7.386580724148635, 40.00830677987492], [-7.386555661928352, 40.00809083612387], [-7.386478232595906, 40.00787671464061], [-7.386205301060203, 40.00695500021], [-7.386171468224563, 40.00677078937378], [-7.386091321983901, 40.006558723273805], [-7.385880770161982, 40.006212619517896], [-7.385817461550862, 40.00596049657126], [-7.385871898348047, 40.005510187266616], [-7.385874465713252, 40.00501541379369], [-7.385961831211172, 40.00482135438268], [-7.38613935443841, 40.00467236686267], [-7.386553349863473, 40.00452057521675], [-7.386773768953518, 40.004464892908196], [-7.387221409106981, 40.00439580831868], [-7.387557154156526, 40.00436409963544], [-7.387988949877289, 40.0043414750688], [-7.388255419210842, 40.00423970570338], [-7.388488043197172, 40.00408467077645], [-7.388668749243519, 40.003899763814694], [-7.388808258993137, 40.00368055088768], [-7.388744759096925, 40.00344535867249], [-7.388644104978586, 40.003353755432855], [-7.388373656548709, 40.003195587055565], [-7.388116597386009, 40.00307758378805], [-7.387738827974244, 40.002935563517646], [-7.387238250345442, 40.002811762595165], [-7.386962860131757, 40.00261330383063], [-7.386835581316312, 40.00242849318775], [-7.3865724786765, 40.00210204642266], [-7.386421472248406, 40.00183783092734], [-7.386287584121327, 40.00150698971832], [-7.386231109988747, 40.001272922069354], [-7.386049052201987, 40.00098932303144], [-7.385695491719484, 40.000635992482984], [-7.385588711897793, 40.00045665412247], [-7.385529146010813, 40.00002887273891], [-7.385550122401923, 39.99989799773017], [-7.385518130344408, 39.999502609753996], [-7.385567787257227, 39.99930696889136], [-7.385587939746562, 39.99897198498061], [-7.385576752421894, 39.99876242992782], [-7.385503032022227, 39.99859597350401], [-7.385206333062669, 39.998195369651704], [-7.385085194240396, 39.99796403613925], [-7.384966903866884, 39.99781094307904], [-7.384898878093839, 39.99764727706655], [-7.384852155341532, 39.99732266872202], [-7.384994422853461, 39.99670702269305], [-7.385026238806768, 39.99643020317264], [-7.38508086635069, 39.99621999565897], [-7.385125702474832, 39.99589876743233], [-7.385117528174287, 39.99552010487276], [-7.385096549293947, 39.995285183904926], [-7.385132590503846, 39.99512573886677], [-7.385199948582088, 39.99500459339448], [-7.38546568964292, 39.994611750142944], [-7.385650817882229, 39.99426719749777], [-7.385656293256524, 39.99414033904118], [-7.385434753573596, 39.99391466515559], [-7.385374564719096, 39.993764233869115], [-7.385384060259267, 39.9935157301939], [-7.385507603815701, 39.99315907608109], [-7.385527963740059, 39.99292333831039], [-7.385501993911323, 39.99278150613466], [-7.385368821970469, 39.99264529022732], [-7.38505967659246, 39.99251847922706], [-7.384956294564154, 39.99245332662241], [-7.384760856352237, 39.99222890152112], [-7.38458136833783, 39.99206698670264], [-7.384106348229492, 39.99177618273924], [-7.383713308662153, 39.99151562698177], [-7.383126926842241, 39.99118393539528], [-7.382870519175827, 39.9910109830411], [-7.382810773245721, 39.990938733192564], [-7.382800994660871, 39.99082654152702], [-7.382949174756051, 39.990594875527606], [-7.38305870053402, 39.99038619036137], [-7.383104524453556, 39.99007136512296], [-7.383086708713981, 39.989815301581835], [-7.383166289187316, 39.989700536923614], [-7.38338867361567, 39.98948195623282], [-7.383554317879038, 39.98928101942928], [-7.383560464788601, 39.989221891938904], [-7.383453208399526, 39.98897578437059], [-7.383440774733889, 39.98884881007742], [-7.383485810607233, 39.98875597849254], [-7.383841812190525, 39.98863146673958], [-7.384173384630945, 39.98847068615075], [-7.384387445044834, 39.98825214065101], [-7.384710703526459, 39.98776867450627], [-7.384760533240796, 39.98755207574156], [-7.384725674943796, 39.98748015954529], [-7.384476249862472, 39.987161272540945], [-7.384288554245117, 39.986861781255136], [-7.384051286074117, 39.98654494959206], [-7.383724472602151, 39.9862699652701], [-7.383453670774023, 39.98614131833668], [-7.383108643174328, 39.98602273571381], [-7.382914019474074, 39.98597275955281], [-7.382713570979663, 39.98595246183117], [-7.382306244538342, 39.98600692885305], [-7.381931420274646, 39.98608699954852], [-7.381651177604835, 39.986072490675305], [-7.381372530685018, 39.9859120884087], [-7.380951074926655, 39.98534252469648], [-7.380840401411176, 39.98515349099538], [-7.380488581330889, 39.984651016225385], [-7.380259272816883, 39.98437980373345], [-7.380070548604224, 39.984122717532756], [-7.380037071164027, 39.98403685304227], [-7.380008244924317, 39.98365480946276], [-7.380032736003558, 39.98329950102077], [-7.380020220747064, 39.983063642124094], [-7.379933710524354, 39.982806140805096], [-7.379822485789425, 39.98274264466108], [-7.37954432411884, 39.98264646082699], [-7.378966642243433, 39.982532657299835], [-7.378742172489564, 39.98250499606446], [-7.378578571359492, 39.98250915739979], [-7.378313301588478, 39.98247600079159], [-7.378047686079596, 39.98247427527448], [-7.377550171110376, 39.98250247525196], [-7.37701774734842, 39.982454915821585], [-7.376833424638996, 39.9823947080998], [-7.376712455522742, 39.98231755971136], [-7.376607891237377, 39.98198020359024], [-7.376591567232957, 39.9818239089535], [-7.376504694531079, 39.98156777702401], [-7.37629947611599, 39.9813083146205], [-7.376191889879372, 39.98124513595024], [-7.375919963820501, 39.98093760131211], [-7.375632861189342, 39.980718143673876], [-7.375378048872467, 39.98058382565144], [-7.375311412268649, 39.980489676232345], [-7.375240355247746, 39.97997899499277], [-7.375234591482134, 39.97968393396598], [-7.375342455167901, 39.97931325678029], [-7.375416437681465, 39.979150610374276], [-7.375872742860258, 39.97868502512643], [-7.376133563723058, 39.9783535258294], [-7.376234956167385, 39.978159820232364], [-7.376279408134569, 39.977986864754726], [-7.376168850246366, 39.977820971942606], [-7.376027484134853, 39.9777454322804], [-7.375860950936158, 39.97770963583727], [-7.375396715947677, 39.977668422488264], [-7.374559871471819, 39.97767674088112], [-7.374242950461396, 39.977690432490085], [-7.373966426074047, 39.97767988853574], [-7.373758717058275, 39.977695882719054], [-7.373513497394605, 39.977756453144785], [-7.372753515301372, 39.977809120043915], [-7.372205494000415, 39.97780292102694], [-7.371786900918551, 39.97777919357307], [-7.371606285691594, 39.97778854784122], [-7.37110935338738, 39.977766915909854], [-7.370847548430151, 39.977805195950175], [-7.370644465463641, 39.97781080212646], [-7.370428195689887, 39.977785083546614], [-7.369589570624894, 39.97773791192217], [-7.369317986402591, 39.977707964179096], [-7.368799674148416, 39.97776750737444], [-7.36845131787334, 39.97785950987411], [-7.367822892243517, 39.977976162943634], [-7.367055438543726, 39.97801968569865], [-7.366341653576828, 39.978105207978686], [-7.366107301553853, 39.978082832666416], [-7.365818768254279, 39.97801776960175], [-7.365299392515291, 39.97801433841313], [-7.364921128664903, 39.978038047921984], [-7.364321919270506, 39.97802363616443], [-7.363752732715565, 39.97799366443755], [-7.363022037811302, 39.97802419612687], [-7.362570133668243, 39.97809060998975], [-7.361919656729816, 39.978162642969444], [-7.36167604922356, 39.9781610218988], [-7.361192369329388, 39.978244573626526], [-7.360870213749029, 39.97826867687607], [-7.360237086358822, 39.978251317087846], [-7.359755574503329, 39.97829530361645], [-7.359237064593425, 39.97838101129877], [-7.358500418445713, 39.978470488013], [-7.357981730674016, 39.9785613223489], [-7.357430779747528, 39.978762171149455], [-7.357212638244678, 39.978859894236635], [-7.357393030147389, 39.97891232105771], [-7.35801581052405, 39.979048324720026], [-7.358174586474339, 39.97910765033637], [-7.358360080995643, 39.97923776384459], [-7.358687405094533, 39.97961099389216], [-7.358904769781983, 39.97993594185758], [-7.359124552215162, 39.98023334332638], [-7.359295728793801, 39.980429195994816], [-7.359539395123627, 39.98087238088668], [-7.359574152816798, 39.9809983395866], [-7.359740231725274, 39.981345902861094], [-7.359859890843762, 39.98148008129509], [-7.35993909493778, 39.98162010938434], [-7.359998185696787, 39.981841329087466], [-7.360041840388124, 39.98211297262265], [-7.360188114430792, 39.98233783663954], [-7.360232697861515, 39.98253743492208], [-7.360414440068195, 39.98290816077362], [-7.360472221527802, 39.98305876559306], [-7.360584757046312, 39.9832543172357], [-7.360779555079237, 39.983505526951575], [-7.361040557327364, 39.98392892509656], [-7.361277113515405, 39.98424633661139], [-7.361314346021594, 39.98434006854712], [-7.361316499508201, 39.984524076182375], [-7.361155457264938, 39.98486342988529], [-7.361053862790546, 39.98500685044799], [-7.360800415209202, 39.98524436605259], [-7.360683688411467, 39.98542145823522], [-7.360660798200747, 39.98556234265552], [-7.360707600307768, 39.985752771945826], [-7.361025002047632, 39.985877544087494], [-7.361304793678338, 39.98594226457102], [-7.361461120745887, 39.986033812016856], [-7.361614081577268, 39.98622647508444], [-7.361707115813304, 39.986460077907424], [-7.3616811386385, 39.98668830089967], [-7.361597797641601, 39.986916227605505], [-7.361495957634566, 39.98709189041551], [-7.361308608384109, 39.987313007496304], [-7.361259760423805, 39.98749199044837], [-7.361344608359806, 39.98770419640254], [-7.361299113717407, 39.987772879984114], [-7.361051209363619, 39.98790154948191], [-7.360691702684652, 39.987928338333845], [-7.360478620665059, 39.987969793293125], [-7.360129096865585, 39.988139212181885], [-7.359499740791782, 39.98835125525451], [-7.359311514455679, 39.98845113964507], [-7.359001818351003, 39.98864999887148], [-7.358913838378388, 39.988727587525766], [-7.35870261424119, 39.98898834314629], [-7.35849867219475, 39.989350375268266], [-7.358008338996426, 39.98985765756948], [-7.357774222267015, 39.9902685687192], [-7.35782151820649, 39.99040379511205], [-7.358055772555641, 39.990552338197666], [-7.358133497266246, 39.99063715113295], [-7.358176270426213, 39.990799995762764], [-7.358121081658846, 39.99098055685211], [-7.35801958980003, 39.99112398065153], [-7.35780524054707, 39.991286639329076], [-7.357671660364959, 39.99144055817119], [-7.357610161245165, 39.99161954574084], [-7.357688178976878, 39.99186539029152], [-7.357940204954982, 39.99213077020298], [-7.358021178366622, 39.992301434532976], [-7.358071845257101, 39.99252259848966], [-7.358042831422965, 39.99283212034825], [-7.358106878729916, 39.99299817107703], [-7.3582471119105, 39.993261269853576], [-7.358314672874885, 39.99349010991216], [-7.358419113843897, 39.993656431383414], [-7.358592176016041, 39.993760343625894], [-7.358933043470007, 39.993883742701044], [-7.359047129624672, 39.993942774849664], [-7.35936944981746, 39.99420555449228], [-7.359467233799464, 39.99439172856252], [-7.359504469867659, 39.994672604235824], [-7.359404186155468, 39.9950827886746], [-7.35929754409046, 39.995309034870196], [-7.359187193518316, 39.99548004273247], [-7.359097681163837, 39.995681808458265], [-7.359037775596798, 39.995906830070346], [-7.358822841224068, 39.99631778453391], [-7.358714558472931, 39.996491866883225], [-7.358719268359835, 39.9966452688461], [-7.358908479082532, 39.99683358790249], [-7.359255230145817, 39.997029075587804], [-7.359484718208118, 39.99722837623646], [-7.359627545986939, 39.997376578608566], [-7.359790122564492, 39.99747717326394], [-7.359878406473841, 39.99757133525641], [-7.359937924178224, 39.99775572340041], [-7.359899999862319, 39.99810805215443], [-7.359768101693716, 39.99826820401534], [-7.359553395469668, 39.9984614820879], [-7.359441131760891, 39.99861411036625], [-7.359435419809983, 39.99873673382581], [-7.359530189454112, 39.999004122222665], [-7.359470034185531, 39.999063522693476], [-7.359286875680119, 39.999096070807084], [-7.359190571813975, 39.999152080345304], [-7.359147014470328, 39.99924535878698], [-7.359350864651671, 39.99945520833663], [-7.359377304263201, 39.9995612024028], [-7.359309621014144, 39.99971718659442], [-7.359108951108384, 39.999931995508284], [-7.358937550992643, 40.000229854386404], [-7.35869172700243, 40.00054405522347], [-7.358382239585809, 40.00084405159412], [-7.358282874520464, 40.00098442480125], [-7.358170628908669, 40.00143604561059], [-7.358031871458436, 40.001674319334555], [-7.357720504679246, 40.0019527786279], [-7.357362559765212, 40.00220796076644], [-7.357121684754037, 40.002269213108626], [-7.356860946655781, 40.002388598348396], [-7.356692217704657, 40.002542375734926], [-7.35661167254612, 40.00270592721899], [-7.356478609878121, 40.00319568424534], [-7.356467617188674, 40.00341166568041], [-7.356491235040485, 40.003767560145484], [-7.356414945186014, 40.00412422692113], [-7.356356647612534, 40.004205070744334], [-7.355892242014148, 40.00466658450311], [-7.355762951209736, 40.004822154165595], [-7.355528697552408, 40.00522837368641], [-7.355353739886185, 40.00566264281619], [-7.355052886971386, 40.005941254389626], [-7.35481286941173, 40.00611139067372], [-7.354702336364682, 40.006161352323026], [-7.354534015953591, 40.00618472256741], [-7.354317326857749, 40.00617714608607], [-7.354201924660546, 40.00622239319351], [-7.354136831677927, 40.006344619784166], [-7.353945778873519, 40.00650283244595], [-7.353693608886775, 40.00680473043105], [-7.353507208061959, 40.00712085314906], [-7.353363994973874, 40.00756298686526], [-7.353357373404812, 40.0077744933048], [-7.353257298356099, 40.00797627299181], [-7.353213059223207, 40.0081277261553], [-7.353305121646518, 40.00843652784638], [-7.353398380569675, 40.00865033009342], [-7.353651666928688, 40.0090046113827], [-7.353784719352896, 40.00908673798084], [-7.353975137084183, 40.00916006576025], [-7.354257979939765, 40.00930452720872], [-7.354615863509112, 40.00943111797081], [-7.355292364442222, 40.009769952044905], [-7.355365706855702, 40.00986086220516], [-7.355533181634513, 40.010285174352745], [-7.35558576973222, 40.0105231956177], [-7.355506356260794, 40.01095809924726], [-7.355538293314724, 40.01133395260463], [-7.355519960619403, 40.011826006727084], [-7.355560119492697, 40.01222028840325], [-7.355563972892807, 40.01244879374477], [-7.355618363555293, 40.012899998020494], [-7.355618876053367, 40.01304103684106], [-7.355555806531631, 40.01335645255308], [-7.355530239075684, 40.01373192171018], [-7.355561517289304, 40.014166035888636], [-7.355681769446456, 40.01443819260446], [-7.355802872307354, 40.01463524369462], [-7.355945761725297, 40.01496734659887], [-7.356036152566633, 40.01535278042932], [-7.356163167484224, 40.015597418997395], [-7.356206175088563, 40.01574036194198], [-7.356256992177613, 40.01632176709801], [-7.356290635105405, 40.016547410813665], [-7.356510340000585, 40.01704718151281], [-7.356834622184492, 40.01760809810676], [-7.356932781038195, 40.017758988749236], [-7.357070726698239, 40.01823064410765], [-7.357125461798118, 40.01876517332438], [-7.357161740268745, 40.01901246592417], [-7.357293879498916, 40.019230354428295], [-7.357339901143947, 40.019384234158316], [-7.357340099782496, 40.019639236552855], [-7.357311386438566, 40.01973405877579], [-7.35725934793739, 40.020202923283755], [-7.357182218449422, 40.02027122367441], [-7.356977429456262, 40.02033328435237], [-7.356740657300618, 40.020535347853134], [-7.356684536400616, 40.02062992773558], [-7.356351306157344, 40.02095893779796], [-7.356215979016934, 40.021076013079146], [-7.3558905941443, 40.021210706439234], [-7.355728425670707, 40.021343159010684], [-7.355488500729309, 40.02182229596774], [-7.35540133977884, 40.02223234858696], [-7.355376820673534, 40.02255322608144], [-7.355225892124933, 40.02273314751635], [-7.355133905406313, 40.02279845222919], [-7.354802554927853, 40.02294951588046], [-7.354614597280993, 40.023017241185556], [-7.35439005762892, 40.023129213680136], [-7.354122533253875, 40.02334365002859], [-7.353795495621409, 40.023681792023226], [-7.353607727240053, 40.023918200529685], [-7.353457521444782, 40.0240020527886], [-7.353286657248629, 40.02413444333986], [-7.353054051119201, 40.02434988126302], [-7.352909655672273, 40.024445725597985], [-7.352814781297956, 40.024768922334765], [-7.352600653656962, 40.02495864909276], [-7.351935940423387, 40.02533287904227], [-7.351373478446501, 40.025614314391916], [-7.351227852063267, 40.02570825702908], [-7.350908874261457, 40.02595449187126], [-7.350659189295754, 40.026215067499535], [-7.350478543326059, 40.026575704558276], [-7.350420683316388, 40.026800648635096], [-7.350349376402614, 40.027280094524805], [-7.350328118265135, 40.027644870807585], [-7.350273287854982, 40.02816891936329], [-7.350224440997164, 40.02834330229851], [-7.350098817830149, 40.0285418464845], [-7.349786404599594, 40.02889844871346], [-7.349669662028028, 40.02906787478311], [-7.349597694193044, 40.029225353525014], [-7.349527578699321, 40.02958979915305], [-7.34955077720555, 40.02997937299591], [-7.349591112716215, 40.03017129082852], [-7.349781758272973, 40.030609546628234], [-7.349907315626499, 40.03078673021734], [-7.3500466629995, 40.031069824700985], [-7.350066858306877, 40.03115884863184], [-7.350089972734814, 40.03155607680737], [-7.349973742982617, 40.03186501133971], [-7.349807312179491, 40.03209696170531], [-7.349667414510466, 40.03224164204596], [-7.349233755975165, 40.03259598170351], [-7.34904956920169, 40.032709744852276], [-7.34883368418209, 40.032809424818105], [-7.348641865073538, 40.03292466667109], [-7.34854057396355, 40.033032864307835], [-7.348197624728751, 40.03345526730595], [-7.348009278781157, 40.03374839739234], [-7.347830680276281, 40.033926497457685], [-7.347732137881068, 40.033988786902384], [-7.34707161299728, 40.03432464818069], [-7.346390024163375, 40.03459606882895], [-7.345947446684328, 40.034795430459674], [-7.345358841271534, 40.03512106141506], [-7.344907355165689, 40.03541213045931], [-7.344669810556008, 40.0355393027395], [-7.344225394300822, 40.03571415161318], [-7.34388126709891, 40.03586824765733], [-7.343529920179627, 40.03595780875777], [-7.34309792811852, 40.035979458637335], [-7.342700718826168, 40.035930735396015], [-7.342257998374579, 40.03577435233279], [-7.342066866796523, 40.03575773653492], [-7.3419271689123, 40.035781373589934], [-7.341790258158079, 40.03584789623679], [-7.341488077634457, 40.036235253041546], [-7.341071281397218, 40.036594269969726], [-7.340745029534149, 40.0368434866346], [-7.340187691536627, 40.037531701442475], [-7.340013578559305, 40.03766406862359], [-7.339788552384182, 40.0378015833118], [-7.339478772080355, 40.03803371307089], [-7.339095248574036, 40.03842203725502], [-7.338912387113716, 40.03865133908604], [-7.338518840179324, 40.03909507127737], [-7.33797932121164, 40.039879938742324], [-7.337584529381261, 40.040429748683714], [-7.337230609360618, 40.04073838934456], [-7.336981901561624, 40.040976691966534], [-7.336878589614632, 40.041135115069764], [-7.336802076846436, 40.041387118806426], [-7.336750855955876, 40.04164109211149], [-7.336691297041173, 40.041744977414474], [-7.336508690959028, 40.04194140339374], [-7.33625018649821, 40.042124432156335], [-7.33588266597444, 40.04230121662781], [-7.335442472324434, 40.042474918512205], [-7.335137701950625, 40.04253625173744], [-7.334992970521484, 40.042655440566776], [-7.334178418487867, 40.04346414377733], [-7.33378925404337, 40.04378775434799], [-7.333182962663352, 40.04441300320602], [-7.333041055358263, 40.044604119055336], [-7.332742716479303, 40.04493573535756], [-7.33261898595681, 40.04509590561334], [-7.331920083374076, 40.04581200936673], [-7.331587563569513, 40.04610961292515], [-7.331259459399228, 40.04638004622585], [-7.330929123629948, 40.04662110455689], [-7.330591291091451, 40.0468511227168], [-7.329836360508247, 40.04715516794647], [-7.329666054761159, 40.047258277120704], [-7.329450486519939, 40.047454373946174], [-7.329354394075167, 40.04763482193571], [-7.329197291684618, 40.04783141391077], [-7.328991690488239, 40.04803667233911], [-7.328806093759871, 40.048284312664194], [-7.328719740740842, 40.04850328048954], [-7.328701051114002, 40.04879773505964], [-7.328823473782554, 40.04983056528481], [-7.328728967320357, 40.05031479131631], [-7.328648654457711, 40.05066735670734], [-7.32859640796283, 40.05100534533083], [-7.328497502190465, 40.05121512698479], [-7.328404991229514, 40.05130958926092], [-7.328233788713903, 40.051398101230355], [-7.327854717989522, 40.05146500131171], [-7.327419058517335, 40.05159003999672], [-7.327224096074734, 40.05161615402436], [-7.326495320113168, 40.05162388716597], [-7.326155426084872, 40.05159774724195], [-7.32575588990433, 40.05146141433501], [-7.324917449370826, 40.051078772640935], [-7.32446082067214, 40.050885303028686], [-7.324298829524373, 40.050838424680215], [-7.3240552043787, 40.05082753758118], [-7.323561473724353, 40.050928390392286], [-7.323003430975834, 40.05110569604171], [-7.322614030967771, 40.05118340305482], [-7.322427938245114, 40.05124253288038], [-7.322064178354588, 40.05130221819811], [-7.321366808559371, 40.051330218625324], [-7.321069451445091, 40.05135380994092], [-7.320888647886791, 40.05140189882679], [-7.320658084551044, 40.05157418643745], [-7.320521872734698, 40.05171588829094], [-7.320268218129987, 40.05202679770167], [-7.320066654392864, 40.05233275768425], [-7.319710705739769, 40.05280055219793], [-7.319543435164285, 40.05299147841066], [-7.319325295225108, 40.053182853106556], [-7.319242582676611, 40.053289534856304], [-7.318983365291399, 40.05355510139299], [-7.318698367194197, 40.053918382658736], [-7.318607196882352, 40.054164775122146], [-7.318644698146007, 40.05428310414513], [-7.318878497034941, 40.05481690403639], [-7.318964997458737, 40.05497376255129], [-7.319091892043969, 40.05529228973089], [-7.319132355999634, 40.05544738548948], [-7.319141282605597, 40.05574203206793], [-7.319079900403252, 40.05600628307318], [-7.318949594723829, 40.0562810405614], [-7.31878829984502, 40.05648083066533], [-7.318615135453218, 40.05663433745356], [-7.318364140282252, 40.05680783202709], [-7.317830915175422, 40.05710137454374], [-7.317394971195319, 40.0573738943257], [-7.31725770606667, 40.05748424222187], [-7.316568825318217, 40.05794500111304], [-7.316492913600267, 40.05808964286253], [-7.316547931139922, 40.058213591377786], [-7.316645499020744, 40.05832694344574], [-7.316766244568425, 40.058570767626726], [-7.316696501934774, 40.05878750325251], [-7.316585284649353, 40.05893477543705], [-7.316263563531956, 40.0592596053294], [-7.316183664817056, 40.05929569886207], [-7.315921856860274, 40.05933321112845], [-7.315639738819542, 40.05945208421367], [-7.315544690728314, 40.05956948596558], [-7.315364803946637, 40.05999050519108], [-7.315281646952867, 40.06044741752975], [-7.31524232214025, 40.060943992494444], [-7.315139035603119, 40.0613098070111], [-7.314996871244619, 40.06168218688244], [-7.314955991918319, 40.06199413603998], [-7.314802347144767, 40.0622877217089], [-7.314393750944435, 40.06293642014526], [-7.314070156808333, 40.063267983956365], [-7.313968611515362, 40.06348719016106], [-7.313867869711741, 40.06379592369107], [-7.313718692221026, 40.06400930278397], [-7.313329125508257, 40.064388041016], [-7.313005274258886, 40.064740131652556], [-7.312648250337968, 40.06520996869983], [-7.312377563650062, 40.06554613958207], [-7.312126966026137, 40.06582949456847], [-7.311764353479864, 40.066314235413834], [-7.311528066834489, 40.06658679513504], [-7.311306394768017, 40.066813255788574], [-7.311221916005469, 40.066937567877616], [-7.311259291284332, 40.06720251202039], [-7.311317450624791, 40.06736719282969], [-7.311776593874267, 40.06824734045178], [-7.312038805983338, 40.06861987886067], [-7.312322526153658, 40.06911468497335], [-7.312354689007883, 40.069375546285706], [-7.312272662330618, 40.0695881345725], [-7.312189668997505, 40.06973542114929], [-7.311906623227145, 40.07007420390919], [-7.311671358911819, 40.070397020439124], [-7.311416864594949, 40.07071024474432], [-7.311203205778197, 40.071010159249354], [-7.310905693136881, 40.07152796199929], [-7.3106265205242, 40.071982133987795], [-7.310425930236722, 40.07220882702225], [-7.310124855009966, 40.07242662037742], [-7.309960488985074, 40.072584318866035], [-7.309851017895557, 40.07272871734418], [-7.309733627289369, 40.07294780679328], [-7.309717238209477, 40.073130961754906], [-7.309782954196184, 40.07340844744373], [-7.310081188243736, 40.07386670500221], [-7.310445239679903, 40.07445710118389], [-7.310689948377186, 40.07510770460435], [-7.310832584143595, 40.07529612768229], [-7.31099125776116, 40.07546692273845], [-7.311304256437065, 40.07573111688291], [-7.311487438933041, 40.07592108851588], [-7.311653513281637, 40.07620873922615], [-7.311723072594165, 40.076449508605386], [-7.311774414843258, 40.076733554600395], [-7.311938229038016, 40.07707279005909], [-7.312155011713466, 40.0774042989475], [-7.312452415494024, 40.077797350466504], [-7.312665661638733, 40.07798347691091], [-7.312828726189258, 40.07808234322356], [-7.313212136469855, 40.078224912293976], [-7.313405198632538, 40.07832542925734], [-7.313561100780848, 40.07843504825431], [-7.313668604147244, 40.07860142399352], [-7.313714175598214, 40.07878096500181], [-7.313664772605743, 40.078921825603985], [-7.313519027937058, 40.07913946085718], [-7.313246867355099, 40.0794470673417], [-7.312851232206603, 40.07984530619318], [-7.312725448907647, 40.080030209259014], [-7.312744894091558, 40.080178309640644], [-7.312856023062447, 40.080483132659715], [-7.312976153082609, 40.0806238423859], [-7.313296100537072, 40.0808880847095], [-7.313386436135921, 40.081010838786504], [-7.313477792895665, 40.081204209976775], [-7.313559615006323, 40.08145047019967], [-7.313542680798389, 40.08183706065746], [-7.313561155583013, 40.08206656833968], [-7.313717216904349, 40.08258532855541], [-7.313742907860371, 40.08294655093571], [-7.313732598538684, 40.08308336964854], [-7.314170918788047, 40.08312689776362], [-7.314414463020871, 40.08322290760458], [-7.314668663196215, 40.083349070163], [-7.314944056191778, 40.08364478301872], [-7.315122855363786, 40.083791847848346], [-7.315376580681211, 40.08387018321748], [-7.315750804734651, 40.08392099884567], [-7.316098131878233, 40.08410382941076], [-7.316716620280299, 40.084319188662434], [-7.317021168294847, 40.08453071397643], [-7.317226318598327, 40.08472020162007], [-7.317421074337025, 40.0849461769887], [-7.317693818536783, 40.085209531614886], [-7.317861443037503, 40.08541018875501], [-7.318136584808293, 40.08580756711002], [-7.318287287057649, 40.08605060793997], [-7.318589590990451, 40.08645205059889], [-7.318768984449434, 40.08670853301659], [-7.318908082447192, 40.08700112117981], [-7.319173816100358, 40.08717517356333], [-7.31936839608366, 40.087416632724164], [-7.319368243852409, 40.08764682530119], [-7.319314509923823, 40.08778747667262], [-7.319014957928752, 40.0882094624972], [-7.318937046971191, 40.08844108530209], [-7.318960718812933, 40.08855076167689], [-7.319072915240834, 40.08878849464341], [-7.319128296761164, 40.0889729636017], [-7.319390592741029, 40.089378083664315], [-7.319473444003414, 40.08955958974765], [-7.319493278535176, 40.08976524286002], [-7.319459783751324, 40.08987055675431], [-7.319454949912464, 40.09007000262365], [-7.319503294891615, 40.090185704210256], [-7.319719297460185, 40.09030240400978], [-7.320191250082061, 40.09039207570068], [-7.320938015377406, 40.09039532030765], [-7.321380568932509, 40.090373378909895], [-7.321606538936132, 40.09028292104327], [-7.321936005573519, 40.09009691087504], [-7.322157489534919, 40.0900188450516], [-7.323165140084889, 40.089714906247664], [-7.32355003520786, 40.08961060233023], [-7.323733773546468, 40.08947175088526], [-7.32379527839357, 40.089347541622125], [-7.324001245580621, 40.08903403953996], [-7.32410979506293, 40.08893681528367], [-7.324257973759194, 40.088890024248784], [-7.324450531376963, 40.0888778580569], [-7.324591879638369, 40.088942155383144], [-7.324637177453561, 40.089147894454705], [-7.32480904762597, 40.08926931556103], [-7.324866874697592, 40.08945605214938], [-7.325052195012551, 40.089620528510004], [-7.325631675851326, 40.08963977788276], [-7.325975768555902, 40.0896942266233], [-7.326214217131805, 40.08979746823395], [-7.326420309643157, 40.08991093086852], [-7.326573905832903, 40.090031054921425], [-7.326790961110246, 40.09026869819255], [-7.327018503635217, 40.090482635747065], [-7.327588727469441, 40.09085133185522], [-7.327767550165317, 40.09095055413292], [-7.327808157304754, 40.09110699612103], [-7.327749080655768, 40.09124473593431], [-7.327652955075402, 40.09134205446463], [-7.32763347448775, 40.09150312285705], [-7.327807467169941, 40.09160429367861], [-7.32820555640473, 40.091714495704935], [-7.328462591456887, 40.091764185758066], [-7.328992334364077, 40.09177659308639], [-7.329346894906966, 40.09200950692762], [-7.329606678470976, 40.09222438717025], [-7.329682399759879, 40.0923667499754], [-7.329734869960585, 40.09279200875501], [-7.329793401898097, 40.092930654394635], [-7.330099750660867, 40.09320546920959], [-7.330210776236404, 40.09333682262777], [-7.330361512965397, 40.09363226579042], [-7.33046111637594, 40.09388844893387], [-7.330575072172787, 40.09399082149926], [-7.330853678966241, 40.09407154955625], [-7.330917799206811, 40.09413332202835], [-7.330973641816541, 40.09428149467821], [-7.33103776235001, 40.09434326798521], [-7.331321311043397, 40.09447329140931], [-7.332123155190317, 40.094593649993904], [-7.332631314715765, 40.094639391623836], [-7.33298775442207, 40.094713173024246], [-7.333193801415156, 40.094802398301596], [-7.333363934530598, 40.09492425218384], [-7.3334762758514, 40.095095146541496], [-7.333674967771013, 40.09521169721815], [-7.333782200532902, 40.09520694458425], [-7.334098048524071, 40.095071954968454], [-7.334240471803176, 40.095116887947526], [-7.334553166441983, 40.09526168863952], [-7.334829841577176, 40.095338070992526], [-7.335170335758658, 40.0953417653507], [-7.335416632742336, 40.09536876030878], [-7.335854376161663, 40.09554072035354], [-7.336145675081241, 40.09563043439262], [-7.336664884425007, 40.09589606567903], [-7.33676815369908, 40.09593000749624], [-7.337236779718792, 40.0959373621803], [-7.33754581576663, 40.09589391176541], [-7.338143597143858, 40.09575562472437], [-7.338744398336519, 40.09565049340952], [-7.339119380861614, 40.09551185017617], [-7.339379330738718, 40.0952209373357], [-7.33958161488287, 40.095028421783624], [-7.339790651384526, 40.09485982045887], [-7.339917130793956, 40.09479368274968], [-7.340139902469913, 40.09475557940838], [-7.340337465115536, 40.094819068896726], [-7.340681596517288, 40.0949742476145], [-7.340782812411198, 40.095003395980754], [-7.341088699967172, 40.095007732288046], [-7.341534618605748, 40.09492017579911], [-7.341827710164674, 40.09482445898417], [-7.34210000589264, 40.09470194283443], [-7.342347459846115, 40.09452720772761], [-7.34276072466872, 40.094158802295674], [-7.343031982594078, 40.093739621443106], [-7.343490840660854, 40.093128456718325], [-7.343835278192147, 40.09274858819305], [-7.344025221721278, 40.09257678879968], [-7.344253521694356, 40.09241461646306], [-7.345101937682233, 40.09205446612169], [-7.345406374036665, 40.091939457332096], [-7.345997253047575, 40.09169382219804], [-7.346452763061446, 40.09159532551138], [-7.346806314152253, 40.091481813736564], [-7.347300188926372, 40.091452733220684], [-7.347441096937334, 40.09140469692274], [-7.347653800176063, 40.09123088175716], [-7.347843732362832, 40.09102917361464], [-7.347965486236049, 40.090820614239526], [-7.348278291321948, 40.09016926515528], [-7.348373082862773, 40.08995007036076], [-7.348787802034439, 40.089081016765796], [-7.348901944043809, 40.08887105118863], [-7.349038758806614, 40.088668443695866], [-7.349294752288827, 40.08823510046173], [-7.349458505519123, 40.08804509928971], [-7.349667978379631, 40.087865316323274], [-7.349891081860791, 40.08770354420787], [-7.35025573370261, 40.08753993385464], [-7.350623008374576, 40.08749485883645], [-7.350823560396407, 40.08741885171726], [-7.351103859638118, 40.087258636072086], [-7.35132278666967, 40.08708224428404], [-7.35145224545092, 40.08700935498412], [-7.351750795638451, 40.086914013466796], [-7.352083269527814, 40.0868774347873], [-7.352718014646119, 40.0867373381235], [-7.353035769028509, 40.086695796140624], [-7.353352328575321, 40.08663542016734], [-7.353984747770183, 40.08659689036461], [-7.354656347942008, 40.08647395846997], [-7.354796471118983, 40.08639042363665], [-7.355040814581161, 40.086339195915905], [-7.355653120824476, 40.08632609600228], [-7.355967714629458, 40.08628398259229], [-7.356244012956791, 40.08617523965642], [-7.356481001043141, 40.086028232915794], [-7.356772589208454, 40.085801519078416], [-7.356924308550113, 40.08577047203551], [-7.357469435568516, 40.08558076008194], [-7.358090493065339, 40.085353545904546], [-7.358495781133465, 40.08522224692174], [-7.358651904322249, 40.085216263524615], [-7.358969047141964, 40.0853003310707], [-7.3595992480408, 40.0853008378406], [-7.359698681779513, 40.085289970601174], [-7.359910237910523, 40.08517205533806], [-7.360364776487324, 40.084831684476846], [-7.360607948930014, 40.08467542987019], [-7.360876359116189, 40.08453762682982], [-7.361052296243391, 40.0843336401105], [-7.361467938099086, 40.08409405568249], [-7.361610385058962, 40.08397009320428], [-7.361615777856733, 40.08375119323498], [-7.361577466215525, 40.083696905203034], [-7.362011857747829, 40.08368628428292], [-7.36233759885652, 40.08357947509175], [-7.362533734100278, 40.083570148509324], [-7.362660401299601, 40.083618540565], [-7.362916772067369, 40.08362249063271], [-7.363098109504703, 40.083563444742026], [-7.363282443727165, 40.083425887688605], [-7.363451658478199, 40.08337099346057], [-7.3640660254514, 40.08327635812069], [-7.364405722019017, 40.08327293644873], [-7.364846627976629, 40.08331917372849], [-7.364836630943026, 40.08299777766982], [-7.364802430164861, 40.08268117342093], [-7.365044189751888, 40.08281650843609], [-7.365874550065146, 40.08300175609136], [-7.366202187677228, 40.08299635622744], [-7.366570899789116, 40.08300860419298], [-7.366943029313404, 40.083124536347626], [-7.36724434085853, 40.08330321713462], [-7.36754863761535, 40.083383216377996], [-7.367824485621562, 40.08342781008815], [-7.368114192781395, 40.0835330199228], [-7.368678401029627, 40.08369937732767], [-7.369243890672631, 40.08388718085385], [-7.36956405315345, 40.083921347388056], [-7.369855360362348, 40.08405231947702], [-7.370048863713008, 40.08427990973654], [-7.37014195438186, 40.08434301777397], [-7.370408749904464, 40.084464371692235], [-7.370877742532914, 40.08463234830764], [-7.371143601689741, 40.08477449266489], [-7.37141424690538, 40.0848868600594], [-7.371888883391283, 40.0850014663375], [-7.37236903906541, 40.08505162086535], [-7.372516310599819, 40.085093383025445], [-7.373098055856773, 40.08506459182969], [-7.373316661744961, 40.08508115048504], [-7.373572004638842, 40.0851464960827], [-7.373667168170217, 40.08522393881196], [-7.373819699943954, 40.08541540784377], [-7.374045408178278, 40.08584889612515], [-7.374342667728843, 40.08623782301756], [-7.374535064387991, 40.08642874167803], [-7.374767032008855, 40.08659461513046], [-7.375039112114208, 40.08667384073548], [-7.375384455329663, 40.08669095557744], [-7.375445431862778, 40.086711885250395], [-7.375740696546129, 40.08692130915114], [-7.375863633583855, 40.086969027474716], [-7.376341352955968, 40.086976106706025], [-7.37666331107735, 40.087051688141955], [-7.376828117551482, 40.08712004036278], [-7.376931922282545, 40.08721239209657], [-7.377176723225174, 40.087373302081836], [-7.377466180521542, 40.08747253759181], [-7.37774727438407, 40.0875430852962], [-7.378023588434297, 40.08763241544346], [-7.378433477065286, 40.087709378359335], [-7.378433040447372, 40.08745099635825], [-7.378560348448372, 40.08720866747147], [-7.378693308402167, 40.08702824326925], [-7.379093942333006, 40.086656293489284], [-7.379189420175998, 40.08650353947931], [-7.379423677992406, 40.08625911109589], [-7.379546305291455, 40.086228927614904], [-7.379728632996941, 40.08624956461369], [-7.3801045419454, 40.086014428850575], [-7.38061519469171, 40.08586184474958], [-7.381183184336951, 40.08584805085649], [-7.381512089859198, 40.085760390896944], [-7.381672670597355, 40.08569028766014], [-7.381906833033002, 40.0855496865604], [-7.382162566584436, 40.08542012560659], [-7.382633065443492, 40.0854113707684], [-7.382831374366131, 40.0853431296104], [-7.383300970296087, 40.08528816397327], [-7.383443180849191, 40.08524630173952], [-7.38352216791762, 40.08516386736111], [-7.39148626489112, 40.08454316864545]]], "type": "Polygon"}, "properties": {"geo_point_2d": {"lon": -7.361515005610496, "lat": 40.04579512654319}, "year": "2024", "dis_code": "05", "dis_name": "Castelo Branco", "con_code": "0504", "con_name": "Fundão", "fre_code": "050420", "fre_name": "Orca", "fre_name_upper": "ORCA", "fre_name_lower": "orca", "fre_area_code": "PRT", "fre_type": "parish", "fre_name_long": "Orca"}}, {"type": "Feature", "geometry": {"coordinates": [[[-7.408349398429723, 40.175595329218716], [-7.409825888450954, 40.17441829845695], [-7.410949222092931, 40.17402570881462], [-7.41245709431755, 40.17401706946494], [-7.413622055316972, 40.174095709420534], [-7.41414111132241, 40.174260222534], [-7.414945047015163, 40.17466487280119], [-7.415361474240036, 40.17497751699953], [-7.415953261197644, 40.17524972570948], [-7.416495522238161, 40.17541994750385], [-7.417285165148234, 40.175723092172376], [-7.417888282095629, 40.17602490098539], [-7.418374331627724, 40.176361917154914], [-7.418535009365733, 40.17661362249498], [-7.418548063609666, 40.176858300715985], [-7.418499043903767, 40.177066484318935], [-7.418345190987889, 40.17729526811089], [-7.418164421962591, 40.17749390335257], [-7.417736782530257, 40.17787896603079], [-7.417529528059284, 40.17799395100661], [-7.417309025985389, 40.17826420828484], [-7.417127538532399, 40.178698426474604], [-7.41702646835768, 40.179088469401655], [-7.416992834430083, 40.1793179083645], [-7.417132055690034, 40.17975716456856], [-7.417405948724953, 40.18030820464143], [-7.417628867147355, 40.18054823257616], [-7.417917694987907, 40.180806677054235], [-7.418253988241132, 40.180972834301386], [-7.418787402304474, 40.18105040929166], [-7.419207280963406, 40.18103813787232], [-7.420097063011277, 40.18105846195977], [-7.420908563524262, 40.1811200017136], [-7.421702383902224, 40.1811550392483], [-7.42208721474993, 40.18114838857499], [-7.422674784290252, 40.18107742230297], [-7.422983279730319, 40.18094809599303], [-7.423498383104651, 40.1805854298366], [-7.423728984645564, 40.180437706107575], [-7.42438316949442, 40.17994350461066], [-7.424843318182622, 40.17968127446561], [-7.425189992332921, 40.17960594132033], [-7.425621608920447, 40.17958182621848], [-7.425878007419326, 40.17960707085431], [-7.425977926712581, 40.17969719887785], [-7.426304445396918, 40.180072023989815], [-7.426632780805521, 40.18027079853325], [-7.427151889387662, 40.18043804094698], [-7.427472650406122, 40.18059813293087], [-7.427728956217196, 40.18081438595574], [-7.428020107533992, 40.181215827984914], [-7.428114034465493, 40.18152340773697], [-7.42801003121934, 40.18183914360377], [-7.428024061279752, 40.181970352595116], [-7.428332334444111, 40.18241972064765], [-7.428616664491005, 40.18273151457257], [-7.428917786332151, 40.18293011608674], [-7.429382482114756, 40.18308206787101], [-7.429965657358704, 40.18307380653977], [-7.43044843066118, 40.18297514691443], [-7.43083137615801, 40.18279870004354], [-7.431625503067427, 40.18230287320104], [-7.431945253174431, 40.18219727375364], [-7.432403788929903, 40.182205986597616], [-7.432753060753819, 40.182243757624356], [-7.43308579118736, 40.18239498892364], [-7.434360609540005, 40.18316023481947], [-7.43516433792158, 40.183630214620315], [-7.435807080110798, 40.183848771619054], [-7.43662985215132, 40.18397303775752], [-7.437095163688066, 40.18408930385464], [-7.437676723105995, 40.184217968586196], [-7.438269886924496, 40.18438254042718], [-7.438908833246139, 40.18460700666485], [-7.439415957251813, 40.18480392873899], [-7.439647446473924, 40.18496039456221], [-7.43993956081261, 40.18528715334391], [-7.440067139155585, 40.18535068306809], [-7.440292270438132, 40.185393634675336], [-7.44068819813449, 40.185440754147415], [-7.441176419705216, 40.18558100263901], [-7.441483177337946, 40.18572692215609], [-7.441540079767729, 40.18587054163612], [-7.441708117317734, 40.18654274201128], [-7.441862267675446, 40.18668379094346], [-7.442240208024431, 40.18694360108663], [-7.442893718474006, 40.18728745813474], [-7.443452510415748, 40.18737155865062], [-7.443910265693579, 40.18746064220609], [-7.444212231015338, 40.18757050456508], [-7.444437376887835, 40.187228454008014], [-7.444574053178136, 40.18699628701526], [-7.444667596630567, 40.18653448478775], [-7.444715852370934, 40.186033781884426], [-7.444722494792275, 40.185794627363805], [-7.44478123235992, 40.18530245574895], [-7.44491497487271, 40.18481270582949], [-7.444535043293548, 40.184902222089235], [-7.444437975058457, 40.184898310754065], [-7.444288698632429, 40.184820876958206], [-7.443904164660532, 40.184435492401576], [-7.44374260108259, 40.184237039543284], [-7.443550071765882, 40.18403578403064], [-7.443384539640072, 40.18382370916591], [-7.443313302196647, 40.18364596049188], [-7.44311141611759, 40.183441142526405], [-7.442630445152532, 40.18307210887841], [-7.442228817957098, 40.18268418607264], [-7.442062839323169, 40.18248200940359], [-7.441975375754956, 40.18222563421412], [-7.441930966493211, 40.18197320928185], [-7.441863789119443, 40.18174235326975], [-7.441795117088577, 40.181659720226904], [-7.441602753614742, 40.18154771713775], [-7.441429685550749, 40.181339282281144], [-7.441239356061154, 40.181153531393356], [-7.44109164647088, 40.18093425778225], [-7.441062752391495, 40.1806686893787], [-7.440971323555997, 40.180410040012454], [-7.44097783536174, 40.180161611447794], [-7.441067336933369, 40.17991448320272], [-7.441088878990033, 40.17965452966431], [-7.441032103784703, 40.1795216238942], [-7.440882918954523, 40.17932071929901], [-7.440705071918478, 40.17912036175284], [-7.440489055579148, 40.17892211709412], [-7.440230261361635, 40.17871622945445], [-7.439827411001192, 40.178347922566715], [-7.439674634446265, 40.17813114195473], [-7.43955094106852, 40.17787121652205], [-7.439362705384688, 40.17766611612925], [-7.439150708353165, 40.17746554701583], [-7.438973338349824, 40.177243310013], [-7.438829834022393, 40.17698101174643], [-7.438722695466437, 40.17651342330241], [-7.438641914686881, 40.17637542633243], [-7.438304911447213, 40.17616096354823], [-7.438092087996709, 40.175961832936835], [-7.43791702803744, 40.17573230533083], [-7.43777495235545, 40.17550316197997], [-7.437393953275723, 40.174837242844795], [-7.437250382718648, 40.174616644463555], [-7.437229620823495, 40.17431509687801], [-7.437390815591169, 40.173577324046256], [-7.437485898987441, 40.173335817252074], [-7.437537700010062, 40.173103149817535], [-7.43752310033368, 40.17236882145948], [-7.437493992692709, 40.17208019294127], [-7.437489328776238, 40.171834671723644], [-7.437356625239982, 40.17165493052192], [-7.437280936574854, 40.171340442757256], [-7.437274465748259, 40.17121513832842], [-7.43731086678186, 40.17100650854532], [-7.437197851582006, 40.170898934720476], [-7.437119795083632, 40.17067917650875], [-7.437117177602997, 40.17042870981883], [-7.43715583937102, 40.1703444685306], [-7.437327978962402, 40.17016736441531], [-7.43748069432178, 40.16996178220043], [-7.437607515622721, 40.16970416619302], [-7.437729940069797, 40.16949803332415], [-7.437838337141284, 40.16926318387035], [-7.438000896774945, 40.16866590494546], [-7.444553222257716, 40.165113275210665], [-7.444649478588773, 40.165066833568154], [-7.444930218180173, 40.16482678334308], [-7.445406222429295, 40.164487654773524], [-7.445669642215583, 40.16434656760428], [-7.445946939679482, 40.16423815610305], [-7.446231215119135, 40.164147529522864], [-7.447056067186836, 40.16372715284017], [-7.447396163198154, 40.16358309199749], [-7.448685848607083, 40.16129711016274], [-7.451719894219975, 40.154958407729396], [-7.451724935001701, 40.15471194640735], [-7.451524140220581, 40.15428578939057], [-7.451445997217146, 40.15421274313322], [-7.451203599420004, 40.154075329329686], [-7.450957145333184, 40.1537443617041], [-7.450871256197485, 40.15350664697449], [-7.450864782114163, 40.15333261398962], [-7.450741006536318, 40.15312754726986], [-7.450489218638075, 40.152967652951], [-7.450264887966506, 40.15278423822099], [-7.450190976935653, 40.15267519445638], [-7.449934095499025, 40.15220285857414], [-7.449717707538364, 40.15201192561637], [-7.449472362809424, 40.15188826972593], [-7.449164215040512, 40.151778118590386], [-7.447974887830233, 40.151283443946646], [-7.447690671675708, 40.15118603598323], [-7.447097316630145, 40.151031681306236], [-7.446403972556162, 40.15088916682908], [-7.445756814127433, 40.15072827665707], [-7.445136104542709, 40.150540789031695], [-7.444988565872581, 40.150449316157776], [-7.444821679350413, 40.15025101322679], [-7.444698051525259, 40.149917066201404], [-7.444512023878347, 40.14963876437991], [-7.44420973782313, 40.14926305045649], [-7.443785400237823, 40.14880664171565], [-7.443465688890508, 40.14866956371856], [-7.44328477569864, 40.14846702779555], [-7.442996534225095, 40.148049071303824], [-7.442830124047442, 40.14783986759925], [-7.44260722866635, 40.147645998823826], [-7.442299414426523, 40.147575184293956], [-7.441970326555265, 40.14756620046748], [-7.441200029694621, 40.14736636676186], [-7.441054988789208, 40.1472729215913], [-7.440840012939092, 40.14709737863378], [-7.440509421467046, 40.146680331669266], [-7.440163505157835, 40.146398186247495], [-7.440101402718396, 40.14630775511021], [-7.439839545036832, 40.14616128969108], [-7.439550932700207, 40.14605005645774], [-7.439227070593362, 40.14597724551446], [-7.439019830296566, 40.14598834600308], [-7.438669699647644, 40.14608792738654], [-7.438365503122082, 40.14615842241315], [-7.438038418887378, 40.14620734711393], [-7.437729768472366, 40.14628880537994], [-7.437152559955533, 40.14651445655268], [-7.436634430435185, 40.14675819722517], [-7.436340964741788, 40.14688080620448], [-7.435763873165662, 40.14708249193274], [-7.435413715687404, 40.14718368341733], [-7.434838911375333, 40.14739069625047], [-7.434580587709293, 40.147496131351836], [-7.434300896204503, 40.14756847369273], [-7.433972097418585, 40.14757685107911], [-7.433330536572123, 40.147552182978636], [-7.433000337523852, 40.14751416989503], [-7.4326496891308, 40.147501336818614], [-7.432532284280049, 40.14751810061161], [-7.431647384034665, 40.1478192242901], [-7.431011297295393, 40.14798117596776], [-7.430695395925889, 40.148025106203114], [-7.430362677741872, 40.14804902878051], [-7.429735328491248, 40.148068010823074], [-7.42945509166842, 40.1481358405971], [-7.429191582054553, 40.14824258029529], [-7.428809330758946, 40.148301591173855], [-7.428611018127027, 40.14830012181598], [-7.428296961941497, 40.14825516897053], [-7.42787034483595, 40.1481324396871], [-7.427557077213921, 40.14809135945366], [-7.427261631355192, 40.14802877837191], [-7.426958958930503, 40.14801846835822], [-7.426291479919102, 40.148071322783295], [-7.425981927707624, 40.14812509528208], [-7.425657073541267, 40.14820560819654], [-7.424734775308196, 40.148510955140125], [-7.42419099385956, 40.14874376960499], [-7.423716543533048, 40.14878643980336], [-7.42342099499876, 40.148745279519716], [-7.422781907036274, 40.14857223817387], [-7.422498328665119, 40.14850827861329], [-7.421853069131012, 40.148387520054946], [-7.421252399251088, 40.148289819534604], [-7.420623827932339, 40.14825696195015], [-7.420294281176023, 40.14822405089077], [-7.42015952186647, 40.148170901762875], [-7.4199408964361, 40.1480012406431], [-7.419832545899027, 40.14794815742007], [-7.419227584057954, 40.147891036345364], [-7.418907851156548, 40.14776127711077], [-7.418669269959126, 40.147626703372815], [-7.417932779504367, 40.14725347185693], [-7.417630153310385, 40.14713822771018], [-7.417249334692919, 40.14711642500564], [-7.416791323984095, 40.14714710064825], [-7.416560913730105, 40.14538235023239], [-7.416588550394371, 40.144850004296416], [-7.416351373486919, 40.14480630349725], [-7.415501444472655, 40.144567802249085], [-7.414639534601018, 40.14435308954332], [-7.414295071607103, 40.14429016675738], [-7.413806592086844, 40.14421815760746], [-7.413697685416997, 40.14421892648563], [-7.410000572041595, 40.143444242697996], [-7.406123237953366, 40.14457304086423], [-7.406348038752498, 40.14512911144312], [-7.406602912187434, 40.1455726242103], [-7.407228877889034, 40.146598962165086], [-7.407543545148093, 40.14702672352894], [-7.407715005303336, 40.14723600933955], [-7.407925325338507, 40.14744418829128], [-7.408495586096763, 40.147873539361136], [-7.408696234630252, 40.14804248005077], [-7.409193435996443, 40.14836727021199], [-7.409970787903386, 40.14891273302063], [-7.410538681417107, 40.1493344933911], [-7.41101643025092, 40.14956936784893], [-7.411282095622199, 40.14968386118365], [-7.411581982844823, 40.14978082744821], [-7.411872940747637, 40.149855850417126], [-7.412207710112666, 40.14990575345161], [-7.412522555980876, 40.14993076096133], [-7.412981925943825, 40.14992856919267], [-7.41329789524832, 40.14990233652887], [-7.413611761121576, 40.14984241437913], [-7.414168654462643, 40.149684028488515], [-7.414451373679348, 40.14958302322939], [-7.414740806992067, 40.14945765669239], [-7.414936619289462, 40.149340349911164], [-7.41490513379986, 40.14951153225713], [-7.414549380864608, 40.15027455443544], [-7.414525141491066, 40.15043677847207], [-7.414604509153547, 40.150668089853205], [-7.414759717952293, 40.150886000003766], [-7.414913596755168, 40.151196841085685], [-7.414900730095071, 40.15130482598417], [-7.414765539465084, 40.15151589843302], [-7.414595324236321, 40.151720537549856], [-7.414266101657919, 40.15201289871097], [-7.413871995673913, 40.1521804861483], [-7.413569111466072, 40.15225542779091], [-7.413233374431544, 40.15227442184607], [-7.413111731984131, 40.1523124824941], [-7.413022788975084, 40.15240036494894], [-7.412935267244174, 40.15263099963329], [-7.41281873807655, 40.15284164545522], [-7.412740564366421, 40.152931214824925], [-7.41246804313106, 40.15316511359643], [-7.412377551574257, 40.15328838424861], [-7.412392720630323, 40.15344130594196], [-7.412569318594608, 40.15362278745398], [-7.412655074702167, 40.15376038632056], [-7.412628145511765, 40.15393213930026], [-7.412430513392658, 40.154109048456476], [-7.412367326823124, 40.15424689566005], [-7.412378497644442, 40.1543673696298], [-7.412605705263148, 40.154858514750245], [-7.412646496969145, 40.154986202052825], [-7.412646436722731, 40.15514749439516], [-7.412484820848831, 40.1556260457905], [-7.412292846685064, 40.15609009585721], [-7.412122435420106, 40.15628905353326], [-7.411872991608215, 40.1564147587551], [-7.411283635673125, 40.1565962515023], [-7.411138207724921, 40.15669666312333], [-7.411025451739815, 40.156926419251604], [-7.410862267583647, 40.157352097787374], [-7.410838824372205, 40.15747154629346], [-7.410666740932733, 40.15767283644772], [-7.410542031766648, 40.1577226710352], [-7.410232191536706, 40.157775947302056], [-7.41012658692241, 40.157817798165986], [-7.409550325382881, 40.15821298205392], [-7.409251802205608, 40.158472018651736], [-7.409066275962601, 40.15870023711829], [-7.408968228357324, 40.158925583801256], [-7.408859540317692, 40.15902540724263], [-7.408591477830476, 40.15913396871647], [-7.408514857549232, 40.15923110791884], [-7.408503214733063, 40.159344419330026], [-7.408527379412592, 40.159589168832454], [-7.40849695062942, 40.15981331086013], [-7.408410096630258, 40.15994587519573], [-7.407978711856583, 40.160135995397866], [-7.407507038105327, 40.16048391014381], [-7.407360605821856, 40.16063357248868], [-7.407278468562733, 40.16076391135533], [-7.40729468486002, 40.160894596574586], [-7.407714653407577, 40.16128258050402], [-7.407877494931133, 40.161577904639834], [-7.408027157225525, 40.161710592682915], [-7.408105150826562, 40.16173836963019], [-7.408589066074821, 40.16181964946366], [-7.408780620914658, 40.16195367846727], [-7.408804995872824, 40.16218996454975], [-7.408787151430092, 40.162356096816495], [-7.408695725712581, 40.162576170201696], [-7.408255700934848, 40.16300434939179], [-7.408132564468402, 40.16328131617918], [-7.40800509342458, 40.16340236851029], [-7.407467313837862, 40.16371673100835], [-7.407424492070401, 40.16375897189841], [-7.407358188403706, 40.163978385685446], [-7.407399173537464, 40.16412021227545], [-7.407397967426877, 40.1642665456878], [-7.407244250968556, 40.16458186828789], [-7.40715517336102, 40.164646873067866], [-7.406982970621801, 40.16467956864771], [-7.406527204997033, 40.16473138193405], [-7.406350648332313, 40.16478737431904], [-7.406252883291389, 40.16489627136224], [-7.406154410707237, 40.16530343657211], [-7.406089933625573, 40.16541668424131], [-7.405745560991511, 40.16575512133368], [-7.405695541031044, 40.1658219949825], [-7.405559022432856, 40.16618577820918], [-7.405485550207501, 40.166427122657424], [-7.405282430222375, 40.166772840041844], [-7.405043013160695, 40.16699873608346], [-7.404981349297349, 40.1673326432393], [-7.404854931086892, 40.16778330778988], [-7.404754902672993, 40.168257734312135], [-7.40473296816885, 40.16850921422438], [-7.404649253750229, 40.168741667000745], [-7.404537662009339, 40.168968363381445], [-7.404403567880442, 40.16932379297593], [-7.405178733983045, 40.169608459989995], [-7.40543285984358, 40.16966661126309], [-7.405588800634831, 40.169794752408535], [-7.405713252579622, 40.169947815420095], [-7.405785913714852, 40.170080567259774], [-7.406085401712368, 40.170487069416964], [-7.406401967478514, 40.17102156496887], [-7.406913809623505, 40.1716067193125], [-7.408349398429723, 40.175595329218716]]], "type": "Polygon"}, "properties": {"geo_point_2d": {"lon": -7.427444378805403, "lat": 40.163207757323626}, "year": "2024", "dis_code": "05", "dis_name": "Castelo Branco", "con_code": "0504", "con_name": "Fundão", "fre_code": "050416", "fre_name": "Fatela", "fre_name_upper": "FATELA", "fre_name_lower": "fatela", "fre_area_code": "PRT", "fre_type": "parish", "fre_name_long": "Fatela"}}, {"type": "Feature", "geometry": {"coordinates": [[[-7.489874675395153, 40.00311245721477], [-7.489273889005176, 40.00325259726012], [-7.488474161216502, 40.00350195422811], [-7.488053517905102, 40.00370045320044], [-7.487894810126042, 40.00380332172528], [-7.487614397984562, 40.003534740401385], [-7.487352250786514, 40.00334127371727], [-7.486750013510265, 40.00302451616491], [-7.486402047533367, 40.00281733421403], [-7.486300626927315, 40.002730759130884], [-7.485985257968085, 40.00240676688034], [-7.485802721362109, 40.00230425422157], [-7.485364121423231, 40.002270921779065], [-7.484931601065374, 40.002213303423915], [-7.483963937799987, 40.00202913356061], [-7.484292996443863, 40.0008881018254], [-7.484302430133959, 40.00080647204743], [-7.484228777340157, 40.000408984509484], [-7.484092294420042, 39.99996899473176], [-7.484065164124741, 39.999803495351536], [-7.483951622403874, 39.99937687370617], [-7.483771511879799, 39.998758056269956], [-7.48366466315538, 39.998230243211715], [-7.483614234465484, 39.99810189837802], [-7.483483921332963, 39.99762907003833], [-7.483462163298611, 39.99750313555107], [-7.483309977157269, 39.99692851268108], [-7.483237124948098, 39.996744921889544], [-7.482729831514926, 39.996413364330756], [-7.482028052243255, 39.996007765419506], [-7.48134583628637, 39.99565081426276], [-7.481003639947355, 39.99544589904008], [-7.480723596963134, 39.99532950062881], [-7.479871293457801, 39.99570873010039], [-7.47972710536791, 39.99578735295381], [-7.479016870460012, 39.99627328776726], [-7.478677889400093, 39.996333158735254], [-7.478539690022298, 39.99638533777586], [-7.477763945329959, 39.9965310955517], [-7.47732328782682, 39.99642261112732], [-7.476738608193894, 39.996216313769274], [-7.475732130859978, 39.99590162899413], [-7.47551203969225, 39.99611670607097], [-7.475322312859731, 39.996168589799495], [-7.474510633918927, 39.996166242576926], [-7.473767368842384, 39.99620832232412], [-7.472982384582464, 39.996278886443896], [-7.470949317885163, 39.99651453324038], [-7.470994793680879, 39.99685026930962], [-7.470981836478648, 39.99700464806427], [-7.471241384122425, 39.99715625772122], [-7.472501684549922, 39.99763354485742], [-7.4729303462261, 39.99780808221643], [-7.472783646290747, 39.99814704922489], [-7.472720695330792, 39.998422543674856], [-7.473194134953717, 39.99871432617529], [-7.473536118520182, 39.99894133165323], [-7.474050270162499, 39.99916498426876], [-7.475045364982282, 39.99948628705608], [-7.474937202798812, 39.99970199836039], [-7.474819491515345, 39.99971673024287], [-7.474498307807822, 39.99970167462176], [-7.474154547366665, 39.999660010928565], [-7.473588159610293, 39.99949793161164], [-7.473396640930814, 39.999430555836085], [-7.47309383643507, 39.99929428704408], [-7.472557935914865, 39.99900665392534], [-7.472421077837384, 39.99891752583026], [-7.472130859923912, 39.99866649945371], [-7.472009551907176, 39.99876289145969], [-7.471919157000745, 39.99890809801746], [-7.471446262367389, 39.99869349207458], [-7.471004270636491, 39.99841953135844], [-7.470879590209897, 39.998368028230765], [-7.470562093328829, 39.99828678527524], [-7.470235459369985, 39.9982431382739], [-7.469871721001453, 39.99817279649971], [-7.469411179314247, 39.9980509274707], [-7.469120009396747, 39.99789922443823], [-7.468749894533039, 39.99761692917501], [-7.468218447330619, 39.99799790596636], [-7.467973742823331, 39.99778901042895], [-7.467599209791974, 39.997963471709866], [-7.467385468987422, 39.99811228750707], [-7.467015581185962, 39.99839935154912], [-7.466403238596705, 39.99883731744736], [-7.465993203062562, 39.99853038177478], [-7.465762726576602, 39.99838775558631], [-7.465380425176656, 39.998180309244425], [-7.464969036499779, 39.998001428801736], [-7.464577601750099, 39.997902000289], [-7.46340380950438, 39.997661084008065], [-7.463166041552692, 39.99763107856358], [-7.462931606767321, 39.99755911540057], [-7.462531964328394, 39.99735372805644], [-7.462278152114738, 39.997204382763954], [-7.461842055267446, 39.99697878399598], [-7.46112788498266, 39.99667890145665], [-7.460831465409299, 39.99663548690735], [-7.460998102048034, 39.99711431316722], [-7.461170604642427, 39.99779499161561], [-7.46131664934507, 39.99847579376483], [-7.461580862032704, 39.999623248359455], [-7.461788671579688, 40.000562785992116], [-7.461960526742273, 40.00127606479683], [-7.46206537202502, 40.00176389766908], [-7.462302767006266, 40.00274548547166], [-7.462635158130699, 40.00415819685269], [-7.46303708986679, 40.0059593739292], [-7.463301116292827, 40.00708331633224], [-7.463413298975543, 40.00752922342633], [-7.463883841884443, 40.0096846427344], [-7.464108401802982, 40.01064273032433], [-7.464269376241426, 40.01135936859683], [-7.464412633662042, 40.01206743142332], [-7.464585342474659, 40.0127469417328], [-7.464790470047414, 40.01366952789418], [-7.465047864459478, 40.0147948641021], [-7.465340091500591, 40.01616951077388], [-7.465416750144581, 40.016417077144084], [-7.465535256193607, 40.016648850132746], [-7.465738278921893, 40.016838603823714], [-7.465987051341714, 40.0169846664345], [-7.466432577646957, 40.017181664138405], [-7.466182110623556, 40.01852554340838], [-7.466079240661797, 40.019216160330096], [-7.465981802774384, 40.019708413825], [-7.465864560588527, 40.02039435367462], [-7.465723341970403, 40.02136646505344], [-7.465703967352137, 40.02164860063897], [-7.465735996746758, 40.02236673991932], [-7.465816984363312, 40.02307390797316], [-7.465913872254418, 40.02353034790038], [-7.466178566622882, 40.02445272721386], [-7.466249127367141, 40.0246777424827], [-7.466419682944292, 40.025124785595956], [-7.46656439559014, 40.0255915894607], [-7.466750581958852, 40.026058716272765], [-7.466983450408705, 40.02673666988813], [-7.467281600882417, 40.02764231349338], [-7.467492974588999, 40.02835193286643], [-7.467621598474413, 40.02882404189495], [-7.467731127346075, 40.02930901161044], [-7.467866384632407, 40.02979809245759], [-7.467919163970845, 40.03003371893867], [-7.467993197198709, 40.030518484544125], [-7.468226018655574, 40.03171247946067], [-7.468280753391378, 40.03195199222702], [-7.468356571407181, 40.03244694271983], [-7.468487419364223, 40.03315042665729], [-7.46855650712742, 40.03363822805201], [-7.46870219030245, 40.03437133830809], [-7.468776399789754, 40.03486321976077], [-7.4690647364223, 40.03654718056605], [-7.469149576671478, 40.037127110599926], [-7.475364319899984, 40.04113598026924], [-7.475543725063806, 40.04142825090717], [-7.475752215276054, 40.041595497040845], [-7.476513056979203, 40.04189817007522], [-7.478517916988615, 40.04308872117731], [-7.481615956706786, 40.04565500178587], [-7.484140651231418, 40.047224551584215], [-7.484231942025008, 40.047310709276694], [-7.48478527528971, 40.04758424333754], [-7.485072772674942, 40.04767923967348], [-7.485537275061004, 40.04791652385027], [-7.487106574856847, 40.0494520402596], [-7.487844447846266, 40.049731361649016], [-7.490328803328738, 40.05113565308374], [-7.490504916353244, 40.051288376946225], [-7.490539852910396, 40.0515365046476], [-7.490417497180824, 40.051762686728665], [-7.490497493360373, 40.05194325174191], [-7.49050325222019, 40.05221652180235], [-7.49056575112714, 40.052338179504595], [-7.491012692633229, 40.05280445737364], [-7.490977739664228, 40.05294556538044], [-7.490987495428826, 40.0533432306284], [-7.491150417035869, 40.053729406379176], [-7.491328917962945, 40.053940683982056], [-7.491749852101664, 40.05414473977763], [-7.491999820695549, 40.054295890611904], [-7.492211010828004, 40.05454642933415], [-7.492274118164901, 40.05471590958623], [-7.492184436094419, 40.054957315077125], [-7.492217159306645, 40.055143289288736], [-7.492389888534413, 40.05535840407958], [-7.492595069208253, 40.055814061334694], [-7.492673079729017, 40.055894105751406], [-7.492977782069416, 40.05609643917115], [-7.493070730943488, 40.05628328351277], [-7.493037209038033, 40.056472490278026], [-7.492922972567251, 40.05669449314736], [-7.492932714317064, 40.05680657907342], [-7.493018104016707, 40.05693736517053], [-7.493089186574344, 40.05723234182945], [-7.493140366977729, 40.057337093390004], [-7.493339203268551, 40.05753100216143], [-7.493597631329528, 40.05768210525042], [-7.496205111200106, 40.05945114691], [-7.497602336246384, 40.05905541971119], [-7.497600998904585, 40.05894680168755], [-7.497656571629943, 40.058514369476775], [-7.497609136745586, 40.058207457296774], [-7.497632583937903, 40.05785221226918], [-7.497671974007871, 40.057622867757935], [-7.497653120730818, 40.05749469794713], [-7.497565242965807, 40.05736615040984], [-7.497234478654441, 40.057128207729114], [-7.497064145057118, 40.05691752808103], [-7.497043305724526, 40.05668784767611], [-7.496893770021005, 40.05639559829572], [-7.496928130571158, 40.05611543334151], [-7.497025760793095, 40.05581129139797], [-7.496987164719033, 40.05562564923223], [-7.496813063122224, 40.05520312608237], [-7.496796161957301, 40.05485207419684], [-7.496837665495671, 40.05471099952903], [-7.497059723298256, 40.05429721882923], [-7.497332677773869, 40.05396765576922], [-7.497755781210127, 40.053546059874165], [-7.497917543158175, 40.05344112160961], [-7.498160926909829, 40.053203973591486], [-7.49824869184025, 40.053027849190215], [-7.498302943643314, 40.05275004054666], [-7.498168483652202, 40.05238726441543], [-7.497961116002578, 40.052152156777126], [-7.497870979806989, 40.05196407439018], [-7.497390463946418, 40.05176493283208], [-7.497046609042139, 40.05151358690907], [-7.496899588613124, 40.051267730326565], [-7.496912609016433, 40.05110218286986], [-7.496999514460702, 40.05101881216607], [-7.497233040667584, 40.05089652872097], [-7.497245643466827, 40.05077519399376], [-7.497127106673675, 40.05056705181011], [-7.496792016086571, 40.05015454267394], [-7.496746506037073, 40.049805582160765], [-7.496538455515294, 40.049645487437196], [-7.496436083874531, 40.04953901858976], [-7.496374232034776, 40.049397467820945], [-7.496183411630224, 40.04923746714258], [-7.495992010272404, 40.04912825423474], [-7.49590716861305, 40.04898873733363], [-7.495838390038188, 40.04865946349408], [-7.495796477514811, 40.048542151915626], [-7.495708275220655, 40.04846223536613], [-7.495590736888493, 40.04843727962016], [-7.495403944926005, 40.04844958059029], [-7.495088654306674, 40.04840588393025], [-7.494759387624031, 40.04830248411438], [-7.494531479674938, 40.048111387490145], [-7.494166122133418, 40.04788198188109], [-7.493583206892519, 40.04728275867952], [-7.493530805221499, 40.04704633138227], [-7.493407138955826, 40.046760883462206], [-7.493423530755795, 40.04653582595332], [-7.493663369702543, 40.04637594104229], [-7.493765127792014, 40.046233034749505], [-7.493938432648379, 40.045805754218954], [-7.494004340534704, 40.045523507657386], [-7.494002974926887, 40.045342482514044], [-7.49395522036719, 40.04493379919067], [-7.493957008727863, 40.04474179956576], [-7.493845402820859, 40.04406790100528], [-7.493831006217706, 40.043776476413875], [-7.493786639562741, 40.04360845462329], [-7.493939140769895, 40.04326274201875], [-7.494092813950343, 40.0430935548253], [-7.49420146673941, 40.04306914425077], [-7.494394068528772, 40.04281568659245], [-7.494464612625813, 40.042627648483915], [-7.494592444735791, 40.042464981732444], [-7.494654124248641, 40.042308529244416], [-7.494592319337196, 40.04217570898316], [-7.494625602823961, 40.04198604696176], [-7.494693189240037, 40.04181206251614], [-7.494873895673009, 40.04121694847324], [-7.495070977787992, 40.0409119105747], [-7.495141614858895, 40.040599953913244], [-7.495122091703068, 40.04049257639497], [-7.494897772742299, 40.040199316639224], [-7.494721361635879, 40.04001732884002], [-7.494707086200884, 40.0397125785799], [-7.494794464251274, 40.03956517900198], [-7.494889594882477, 40.03952814424421], [-7.495040111867803, 40.03939433201429], [-7.495152104505216, 40.039081539378785], [-7.495333763168991, 40.03869852273414], [-7.495345942884012, 40.03862357035015], [-7.495268478084563, 40.03830964633889], [-7.495301862044122, 40.038108908010955], [-7.495294566246516, 40.03796098773589], [-7.495391429024441, 40.03772528968475], [-7.49541871956598, 40.03756216572678], [-7.495507271643312, 40.03729994585569], [-7.495652881651003, 40.03707550676323], [-7.495397255536761, 40.036467009925765], [-7.495318212377947, 40.03632310948001], [-7.495316716016124, 40.03618189096034], [-7.495366721455588, 40.03604536166656], [-7.495564166323807, 40.03580355246172], [-7.495661115338162, 40.03557010877676], [-7.495841273587506, 40.03532190334356], [-7.495891632678177, 40.03514782413113], [-7.49591050999531, 40.03496906784767], [-7.495981093335542, 40.03479951276271], [-7.496294391193286, 40.03443243466153], [-7.496352738091953, 40.034331254446265], [-7.496505351086596, 40.033969962490126], [-7.496721368302564, 40.03359370376067], [-7.496790530498176, 40.033260771483825], [-7.496925380997537, 40.0329568381552], [-7.496815385048715, 40.032753058584056], [-7.496776534408853, 40.03260928968564], [-7.496697144785768, 40.03250294612225], [-7.496548759223685, 40.03239613432964], [-7.496550641316519, 40.032193058207454], [-7.496674398709207, 40.03186033396501], [-7.496675626460194, 40.031727865281184], [-7.496578352476177, 40.03168103895734], [-7.49612284762868, 40.03159244608523], [-7.495914312511418, 40.031478636519196], [-7.495886302769012, 40.03140346297202], [-7.496000712547444, 40.031143548774594], [-7.495973222354548, 40.03101317189495], [-7.495974984877356, 40.03082324572], [-7.496057290783121, 40.03061403821592], [-7.496425854108401, 40.03018547813576], [-7.496526076885889, 40.02990125821488], [-7.496653898532019, 40.029736338998255], [-7.49689034889225, 40.029618484660645], [-7.497058513536176, 40.029436132812606], [-7.496889555488377, 40.02908424645747], [-7.496901669708939, 40.02870020824769], [-7.496768183670439, 40.02855375727265], [-7.496450669215996, 40.028430618742746], [-7.496178802936998, 40.02837599077501], [-7.496015105812853, 40.0283795065465], [-7.4957563812088, 40.02842643459782], [-7.495627555248144, 40.02838188626213], [-7.495532508858356, 40.02810758189168], [-7.495349955648728, 40.02798518104949], [-7.495112456395058, 40.027913272475665], [-7.494989109050088, 40.02789935437681], [-7.494751980691813, 40.02778772949125], [-7.494533779405428, 40.02765103469163], [-7.494442939198837, 40.027564421728364], [-7.494206779957527, 40.027409161310736], [-7.49415647547204, 40.02734364675513], [-7.494090059916024, 40.027148266928286], [-7.494270378416065, 40.0268931288596], [-7.494320640016096, 40.02675435328934], [-7.49432807800209, 40.026571211041585], [-7.494404650378113, 40.02636188199156], [-7.494521175194288, 40.02617709122582], [-7.494576976379327, 40.026033840320615], [-7.494485836817175, 40.02595832028845], [-7.493869193166699, 40.02578048363761], [-7.493386738060273, 40.025797732678996], [-7.492827484435495, 40.02575935003935], [-7.492489781930705, 40.02565589702234], [-7.49205921582444, 40.02544818761623], [-7.491893952977989, 40.02531911790607], [-7.491915173741413, 40.025204408953364], [-7.492069076424598, 40.02500659033682], [-7.492489408214145, 40.024565178073765], [-7.492622496575871, 40.02445108466051], [-7.493038573701533, 40.02416410441476], [-7.493256009283098, 40.02393573888459], [-7.493199494927648, 40.0238405056082], [-7.492813424076459, 40.02368609037951], [-7.492665371438523, 40.023546222196096], [-7.492639597899815, 40.02324464858679], [-7.492674637153669, 40.022866227290095], [-7.492660446514227, 40.022541754], [-7.492619812118287, 40.022288732757886], [-7.49246625427778, 40.02167187349861], [-7.492377269732038, 40.021353561021684], [-7.49228703030371, 40.02088060733989], [-7.492172444452782, 40.020544413837285], [-7.492033512449127, 40.02036920138666], [-7.491593237803865, 40.020051112991325], [-7.491579822181608, 40.01994503458959], [-7.491633072327963, 40.01947287637648], [-7.491584304062858, 40.01916352168736], [-7.491567477205885, 40.01880795893146], [-7.491517657718488, 40.01861117425028], [-7.49127852495227, 40.01809101837084], [-7.491170922165856, 40.01793588176357], [-7.490974363531353, 40.01778691485791], [-7.490801921906232, 40.017501192594096], [-7.490717666811486, 40.01730421305966], [-7.490702125451417, 40.017125358160236], [-7.490721257784434, 40.016920127550705], [-7.490689693960552, 40.0166131210525], [-7.490515521742647, 40.01589905801338], [-7.490489011092173, 40.01566485032008], [-7.490510359172874, 40.01522340081337], [-7.490493187512232, 40.01490539290541], [-7.490385880011335, 40.01471936719573], [-7.490344229977818, 40.014564593713594], [-7.490370705236364, 40.014500706448544], [-7.490556398570633, 40.01428315691442], [-7.490712794539086, 40.01412947788329], [-7.490832170081521, 40.013951368013984], [-7.490858907668327, 40.0138476752176], [-7.490833495828626, 40.013496572908245], [-7.490884890482853, 40.013223073841246], [-7.491048547068023, 40.012906065176054], [-7.49181831216805, 40.01191235911884], [-7.492128765513855, 40.01155202767226], [-7.492251299155359, 40.011336291888604], [-7.492238575751889, 40.01116852736965], [-7.492041883054613, 40.010721467255166], [-7.491997188682717, 40.01059098934032], [-7.491995904848695, 40.010414376539785], [-7.492066006525416, 40.01028228303481], [-7.492531498376645, 40.00958490317627], [-7.492697858894314, 40.009289974504085], [-7.492742444912888, 40.009118021815524], [-7.492634848817559, 40.00864938632313], [-7.492481083508336, 40.008522725898494], [-7.492318437193392, 40.008431320024116], [-7.492056543145844, 40.00824394277597], [-7.491966897751643, 40.008149466543074], [-7.491931730266899, 40.00803788829436], [-7.491982218285743, 40.007864243851614], [-7.491926729068478, 40.00766076582477], [-7.491754513711442, 40.007352978168015], [-7.491656659183335, 40.00704550998802], [-7.491666936832442, 40.0068733749549], [-7.491733204937369, 40.006536014267404], [-7.491731040779635, 40.00645440981901], [-7.49160060898632, 40.00628806500452], [-7.491418346825047, 40.006128102077895], [-7.491105698312254, 40.00579738435157], [-7.490979502953211, 40.005792279423574], [-7.490755338121336, 40.00583075672601], [-7.490389296831861, 40.00600092554181], [-7.490162826583354, 40.00597319774957], [-7.489769012076042, 40.00574361390218], [-7.489682081877837, 40.005522397429885], [-7.489669940288644, 40.00529267650604], [-7.489714179757597, 40.005158281955694], [-7.489884177418271, 40.00478826108628], [-7.490098470699165, 40.00426403753084], [-7.490087365185314, 40.00392399950758], [-7.490038903889431, 40.00358374968716], [-7.489874675395153, 40.00311245721477]]], "type": "Polygon"}, "properties": {"geo_point_2d": {"lon": -7.480415366218337, "lat": 40.022777749931834}, "year": "2024", "dis_code": "05", "dis_name": "Castelo Branco", "con_code": "0504", "con_name": "Fundão", "fre_code": "050425", "fre_name": "Soalheira", "fre_name_upper": "SOALHEIRA", "fre_name_lower": "soalheira", "fre_area_code": "PRT", "fre_type": "parish", "fre_name_long": "Soalheira"}}, {"type": "Feature", "geometry": {"coordinates": [[[-7.349790719917332, 40.15557014245109], [-7.349779375459426, 40.1561399499116], [-7.349755756458111, 40.15637808209865], [-7.349668135368955, 40.15685452348177], [-7.349657458271568, 40.157140655899], [-7.349478330630505, 40.15769528049933], [-7.349628870701895, 40.157812020301], [-7.349765014570901, 40.15802790652654], [-7.349891024283636, 40.15811404038672], [-7.350057463568703, 40.15814389286176], [-7.350112753741621, 40.15834824654526], [-7.350265192658116, 40.15881199034898], [-7.350320382342043, 40.159056058846126], [-7.350345460480853, 40.15929514886248], [-7.350344608770377, 40.159533254845385], [-7.350409108205056, 40.160020000836695], [-7.350463549887135, 40.16016526957059], [-7.350371390711659, 40.160679416629165], [-7.350375934127172, 40.16115369032856], [-7.350426233108246, 40.16162962237283], [-7.350526661549138, 40.16192091309889], [-7.350510824477893, 40.162156038534825], [-7.350469476691999, 40.16239414174948], [-7.350448395686763, 40.16266669224524], [-7.350531375251472, 40.1628825764644], [-7.350654029788335, 40.16309873235119], [-7.350814598911475, 40.16330442467844], [-7.351027430749958, 40.163651949148715], [-7.351110638362359, 40.163848117165344], [-7.351186808604912, 40.163951652558175], [-7.351325805107303, 40.16430948744605], [-7.351539914838413, 40.16457596826293], [-7.35163614872248, 40.164813917059526], [-7.351655840135131, 40.16505243077073], [-7.351631358566705, 40.16539664547463], [-7.351631816590703, 40.1657878577382], [-7.351709953767977, 40.166170857736326], [-7.351733997753024, 40.16640912968208], [-7.351809204732862, 40.16663847181237], [-7.35200429031373, 40.166865198706596], [-7.352129864053452, 40.167073175534796], [-7.352304744986071, 40.167311742429135], [-7.352505370932255, 40.16744484915454], [-7.35288977948424, 40.16782846738039], [-7.352985795659957, 40.168199428170624], [-7.35314361006189, 40.16841185292579], [-7.353329667459352, 40.16859771957522], [-7.353765432324585, 40.16895700125209], [-7.353976777001246, 40.16911791540727], [-7.354231326053075, 40.16927920448909], [-7.354492316280768, 40.16940055060527], [-7.355151474171142, 40.16965803182984], [-7.355661314516371, 40.16998790664135], [-7.355930586432759, 40.17011407909707], [-7.35661824917138, 40.17036489981207], [-7.356982713666367, 40.17044082368937], [-7.357426888225822, 40.170486302364075], [-7.358245668427187, 40.17052130612901], [-7.359502780745469, 40.17052717139087], [-7.359996825258778, 40.170439865992186], [-7.360616164919956, 40.17037050195557], [-7.360925821974377, 40.17036275043566], [-7.361589432149844, 40.17036428007166], [-7.361850152629884, 40.17031341973636], [-7.362385440746001, 40.170087329391954], [-7.362977748682374, 40.1700614499562], [-7.363868139379807, 40.17006456666656], [-7.363977287339287, 40.17007762434735], [-7.364360891861236, 40.17027973330626], [-7.364659719964106, 40.17049334790228], [-7.364921714974206, 40.17074661301222], [-7.365148036552415, 40.17091498372907], [-7.365420089630338, 40.17105700459663], [-7.366288912984039, 40.17124700737159], [-7.366659811052317, 40.17131636739131], [-7.367014219674327, 40.17131708751743], [-7.367302026348516, 40.171258739211034], [-7.367577748566352, 40.171178063267185], [-7.36805080811381, 40.17106699314951], [-7.368185987526151, 40.171020242982344], [-7.36838598038654, 40.17104551505429], [-7.368833172660504, 40.17130485306924], [-7.369258471427104, 40.17152775245581], [-7.369528324198842, 40.17163642592242], [-7.369758485397615, 40.171693687752075], [-7.369987287610989, 40.17170419558597], [-7.37022930309113, 40.1718143995353], [-7.37043177295725, 40.17198656801992], [-7.371051061468856, 40.172605276135634], [-7.371285005294893, 40.17277674970101], [-7.371484573618218, 40.17285127442952], [-7.372155132673401, 40.172916191867564], [-7.372731656015887, 40.17300246560494], [-7.373239175187368, 40.17315014710171], [-7.373463518806966, 40.17330894694785], [-7.373645419436865, 40.17350484379337], [-7.374012050568014, 40.17386494667182], [-7.374255082315451, 40.17401197985883], [-7.374794934632604, 40.174261816547165], [-7.37498625044766, 40.17430809575723], [-7.375333629404537, 40.174309463084064], [-7.376133951437589, 40.17443635340319], [-7.376748238797015, 40.17444341756765], [-7.377051611643116, 40.17447439507564], [-7.377605068003957, 40.17455679525094], [-7.378023387524385, 40.174714599571296], [-7.3783219587674, 40.17479785889366], [-7.378631596899067, 40.17485696938648], [-7.378789186262965, 40.174907255247504], [-7.379116160593336, 40.17506590135857], [-7.379195284351916, 40.175183129916824], [-7.379254744542708, 40.1759120794392], [-7.37925342820721, 40.176137756017994], [-7.379357613573232, 40.17630368434798], [-7.379864814399017, 40.176419550603384], [-7.380205096456553, 40.17660745716928], [-7.381952193173057, 40.17847647621525], [-7.382256352346212, 40.17860849017286], [-7.383064767124887, 40.17890270909524], [-7.383648967997797, 40.17919385457748], [-7.384158925241482, 40.17953234117407], [-7.384640381958726, 40.18002932054536], [-7.385000357116946, 40.18052272204732], [-7.385230460054815, 40.18068576806211], [-7.385632319078561, 40.18104399199879], [-7.386191242326861, 40.18181334696396], [-7.386670383272691, 40.182287878434515], [-7.387195805296479, 40.18268687829875], [-7.387675417920362, 40.183087650339324], [-7.388110227915141, 40.18335494193332], [-7.38843370049841, 40.18347409019079], [-7.388976075033171, 40.18356906657511], [-7.389562212382095, 40.18359137735551], [-7.39014053853322, 40.18368405756978], [-7.390544857371911, 40.183820017422306], [-7.390775049548203, 40.183977110043166], [-7.391089958682825, 40.18431260675656], [-7.391547206399506, 40.18491611877046], [-7.391946943666941, 40.185474508327175], [-7.392437400940416, 40.18599519515008], [-7.393019548727795, 40.18638759605398], [-7.393341295625488, 40.18646223370699], [-7.393637265641372, 40.186477807108325], [-7.39390689328955, 40.18644296019451], [-7.394546621107307, 40.18622477517203], [-7.395010768866703, 40.186183236914744], [-7.395474792535906, 40.18616394298762], [-7.395822094286397, 40.186188393354385], [-7.396227398952492, 40.18623545797906], [-7.396689518241105, 40.18605512276655], [-7.397157253347297, 40.18572434106297], [-7.397568660347012, 40.18523703476534], [-7.398037106421566, 40.18483924820951], [-7.39828990165375, 40.1844361321656], [-7.398421767559399, 40.184151578429436], [-7.398658557198038, 40.18373007459545], [-7.398750107266176, 40.183307654432824], [-7.398665503359638, 40.183084232588826], [-7.398725900342285, 40.182861988147174], [-7.399400181363933, 40.18222072402934], [-7.399840307739733, 40.18175601659916], [-7.40013507392205, 40.18133487942922], [-7.400342008691811, 40.18100216459969], [-7.400608253196829, 40.180491869293725], [-7.400900860003886, 40.18027118625182], [-7.401631309643517, 40.17980803474056], [-7.402566038621067, 40.17923512182629], [-7.403908623977216, 40.178464567540615], [-7.404317084983968, 40.17826675425283], [-7.404492621605602, 40.178111878717694], [-7.404639626592183, 40.177934667321665], [-7.404902741687222, 40.177758187919565], [-7.406127978427964, 40.17712033443389], [-7.406712661357675, 40.17670099565067], [-7.408349398429723, 40.175595329218716], [-7.406913809623505, 40.1716067193125], [-7.406401967478514, 40.17102156496887], [-7.406085401712368, 40.170487069416964], [-7.405785913714852, 40.170080567259774], [-7.405713252579622, 40.169947815420095], [-7.405588800634831, 40.169794752408535], [-7.40543285984358, 40.16966661126309], [-7.405178733983045, 40.169608459989995], [-7.404403567880442, 40.16932379297593], [-7.404537662009339, 40.168968363381445], [-7.404649253750229, 40.168741667000745], [-7.40473296816885, 40.16850921422438], [-7.404754902672993, 40.168257734312135], [-7.404854931086892, 40.16778330778988], [-7.404981349297349, 40.1673326432393], [-7.405043013160695, 40.16699873608346], [-7.405282430222375, 40.166772840041844], [-7.405485550207501, 40.166427122657424], [-7.405559022432856, 40.16618577820918], [-7.405695541031044, 40.1658219949825], [-7.405745560991511, 40.16575512133368], [-7.406089933625573, 40.16541668424131], [-7.406154410707237, 40.16530343657211], [-7.406252883291389, 40.16489627136224], [-7.406350648332313, 40.16478737431904], [-7.406527204997033, 40.16473138193405], [-7.406982970621801, 40.16467956864771], [-7.40715517336102, 40.164646873067866], [-7.407244250968556, 40.16458186828789], [-7.407397967426877, 40.1642665456878], [-7.407399173537464, 40.16412021227545], [-7.407358188403706, 40.163978385685446], [-7.407424492070401, 40.16375897189841], [-7.407467313837862, 40.16371673100835], [-7.40800509342458, 40.16340236851029], [-7.408132564468402, 40.16328131617918], [-7.408255700934848, 40.16300434939179], [-7.408695725712581, 40.162576170201696], [-7.408787151430092, 40.162356096816495], [-7.408804995872824, 40.16218996454975], [-7.408780620914658, 40.16195367846727], [-7.408589066074821, 40.16181964946366], [-7.408105150826562, 40.16173836963019], [-7.408027157225525, 40.161710592682915], [-7.407877494931133, 40.161577904639834], [-7.407714653407577, 40.16128258050402], [-7.40729468486002, 40.160894596574586], [-7.407278468562733, 40.16076391135533], [-7.407360605821856, 40.16063357248868], [-7.407507038105327, 40.16048391014381], [-7.407978711856583, 40.160135995397866], [-7.408410096630258, 40.15994587519573], [-7.40849695062942, 40.15981331086013], [-7.408527379412592, 40.159589168832454], [-7.408503214733063, 40.159344419330026], [-7.408514857549232, 40.15923110791884], [-7.408591477830476, 40.15913396871647], [-7.408859540317692, 40.15902540724263], [-7.408968228357324, 40.158925583801256], [-7.409066275962601, 40.15870023711829], [-7.409251802205608, 40.158472018651736], [-7.409550325382881, 40.15821298205392], [-7.41012658692241, 40.157817798165986], [-7.410232191536706, 40.157775947302056], [-7.410542031766648, 40.1577226710352], [-7.410666740932733, 40.15767283644772], [-7.410838824372205, 40.15747154629346], [-7.410862267583647, 40.157352097787374], [-7.411025451739815, 40.156926419251604], [-7.411138207724921, 40.15669666312333], [-7.411283635673125, 40.1565962515023], [-7.411872991608215, 40.1564147587551], [-7.412122435420106, 40.15628905353326], [-7.412292846685064, 40.15609009585721], [-7.412484820848831, 40.1556260457905], [-7.412646436722731, 40.15514749439516], [-7.412646496969145, 40.154986202052825], [-7.412605705263148, 40.154858514750245], [-7.412378497644442, 40.1543673696298], [-7.412367326823124, 40.15424689566005], [-7.412430513392658, 40.154109048456476], [-7.412628145511765, 40.15393213930026], [-7.412655074702167, 40.15376038632056], [-7.412569318594608, 40.15362278745398], [-7.412392720630323, 40.15344130594196], [-7.412377551574257, 40.15328838424861], [-7.41246804313106, 40.15316511359643], [-7.412740564366421, 40.152931214824925], [-7.41281873807655, 40.15284164545522], [-7.412935267244174, 40.15263099963329], [-7.413022788975084, 40.15240036494894], [-7.413111731984131, 40.1523124824941], [-7.413233374431544, 40.15227442184607], [-7.413569111466072, 40.15225542779091], [-7.413871995673913, 40.1521804861483], [-7.414266101657919, 40.15201289871097], [-7.414595324236321, 40.151720537549856], [-7.414765539465084, 40.15151589843302], [-7.414900730095071, 40.15130482598417], [-7.414913596755168, 40.151196841085685], [-7.414759717952293, 40.150886000003766], [-7.414604509153547, 40.150668089853205], [-7.414525141491066, 40.15043677847207], [-7.414549380864608, 40.15027455443544], [-7.41490513379986, 40.14951153225713], [-7.414936619289462, 40.149340349911164], [-7.414740806992067, 40.14945765669239], [-7.414451373679348, 40.14958302322939], [-7.414168654462643, 40.149684028488515], [-7.413611761121576, 40.14984241437913], [-7.41329789524832, 40.14990233652887], [-7.412981925943825, 40.14992856919267], [-7.412522555980876, 40.14993076096133], [-7.412207710112666, 40.14990575345161], [-7.411872940747637, 40.149855850417126], [-7.411581982844823, 40.14978082744821], [-7.411282095622199, 40.14968386118365], [-7.41101643025092, 40.14956936784893], [-7.410538681417107, 40.1493344933911], [-7.409970787903386, 40.14891273302063], [-7.409193435996443, 40.14836727021199], [-7.408696234630252, 40.14804248005077], [-7.408495586096763, 40.147873539361136], [-7.407925325338507, 40.14744418829128], [-7.407715005303336, 40.14723600933955], [-7.407543545148093, 40.14702672352894], [-7.407228877889034, 40.146598962165086], [-7.406602912187434, 40.1455726242103], [-7.406348038752498, 40.14512911144312], [-7.406123237953366, 40.14457304086423], [-7.406031352839068, 40.14421988673197], [-7.406010581961253, 40.14373425270912], [-7.405900951401996, 40.142688896284206], [-7.405591757979187, 40.14258762497043], [-7.40529484696201, 40.14252407719607], [-7.404990311890255, 40.142492899089056], [-7.404695940434121, 40.14250996452544], [-7.404079051591924, 40.142652976821786], [-7.403793157084503, 40.14274492925482], [-7.403187005272419, 40.142848560578926], [-7.402910089133222, 40.14295686710778], [-7.402404142158277, 40.14329194610862], [-7.402126869626218, 40.143432672261156], [-7.401818587247551, 40.143554285122164], [-7.401433807637962, 40.14374008212379], [-7.401162942500147, 40.143830144403694], [-7.400754154385303, 40.14405496371044], [-7.40052260363515, 40.144243163090344], [-7.400383994143557, 40.14413592881839], [-7.400156360646089, 40.14368447223289], [-7.400133083517522, 40.143491515067076], [-7.399972976551642, 40.143211051788576], [-7.399977540038477, 40.14302592491255], [-7.399693377685548, 40.142649399248604], [-7.399581859647063, 40.14257601656433], [-7.399447626283292, 40.14254229661505], [-7.399270381707121, 40.14259071017565], [-7.399019396273253, 40.142742217880766], [-7.398549342027424, 40.143077143703444], [-7.398226038541805, 40.14316569570114], [-7.397895996759162, 40.143237093797545], [-7.397695797900314, 40.14320457492545], [-7.397792894870922, 40.14266520622069], [-7.397848614162801, 40.141946532941745], [-7.397900696182834, 40.14170821217825], [-7.397996953275187, 40.141454138707005], [-7.398146661158397, 40.14096454023423], [-7.398349790586052, 40.140494372912535], [-7.398446367109344, 40.14000245553224], [-7.398480630554546, 40.13946745947851], [-7.398452373726633, 40.13923592159832], [-7.398440954379062, 40.13893334786963], [-7.398467519586616, 40.13867793111615], [-7.398437022946223, 40.138447275975714], [-7.398447948041289, 40.13834828266763], [-7.398541145749336, 40.13810481698309], [-7.398485850994273, 40.137615902952675], [-7.3984847026844, 40.13714408056455], [-7.398624766684997, 40.13650240279538], [-7.398192690884518, 40.13640826010798], [-7.397591947620455, 40.136384733969656], [-7.3972880119822, 40.13634480287495], [-7.397069290925781, 40.13633414223791], [-7.396698394817668, 40.13634503091056], [-7.396390498996773, 40.13641088841794], [-7.396100682665624, 40.13645407805134], [-7.395179732553601, 40.13634358026793], [-7.3948557188372, 40.1363263023684], [-7.394132045785095, 40.13604981408097], [-7.393865655738289, 40.13592311340194], [-7.393263283308276, 40.135747087932195], [-7.392687727254189, 40.13564156385144], [-7.392379157566409, 40.13555286675547], [-7.391965411169873, 40.13550096461489], [-7.391686339120455, 40.135365265561056], [-7.391340789757042, 40.135245986390714], [-7.39104518231004, 40.13512026463342], [-7.39079884075138, 40.13508213011359], [-7.390518290848431, 40.134985771674195], [-7.390014720370553, 40.13472417228221], [-7.389908895348598, 40.13464775748484], [-7.389845227856298, 40.13453531956941], [-7.3898549424288, 40.134440818595095], [-7.389742790609909, 40.134406689675934], [-7.38911180416864, 40.134371668116664], [-7.388832386727763, 40.13430062203729], [-7.388757896374438, 40.13417010224294], [-7.3888074828187, 40.133936897217666], [-7.388963226293652, 40.13350165965874], [-7.389012567289176, 40.133031689746396], [-7.389013458223128, 40.132852749001295], [-7.388889253057632, 40.132611409682404], [-7.388627501560879, 40.1322978605095], [-7.388393297768326, 40.13192153601108], [-7.387911923750334, 40.13154272376031], [-7.387486052243331, 40.13119579009841], [-7.387226737694241, 40.131036253680016], [-7.386713315354786, 40.130745845901565], [-7.386496174349142, 40.13058207942798], [-7.386435102520657, 40.13046938434212], [-7.386028111713101, 40.13023180456534], [-7.385750334420901, 40.12988410056159], [-7.385600306804243, 40.12965547027521], [-7.385411973971699, 40.1294758545617], [-7.385096292295121, 40.129279021754876], [-7.384737396265091, 40.12910785292722], [-7.383929955309467, 40.12855247911356], [-7.383603555467874, 40.12828577922325], [-7.383402743835797, 40.127810689714906], [-7.382992185136933, 40.12756911445083], [-7.382666460941556, 40.12728440633815], [-7.382456208840474, 40.126996573320845], [-7.382335661038651, 40.12669265793902], [-7.382304982157851, 40.12654782839182], [-7.382311165914891, 40.126348118303646], [-7.382395992589854, 40.12620871610635], [-7.38234533017843, 40.12611076495295], [-7.382145309519407, 40.125896395496284], [-7.381680283556733, 40.12580873108755], [-7.380895691054241, 40.12561390005377], [-7.379613687568922, 40.125280026190936], [-7.379220157704924, 40.125220912687574], [-7.37874959303495, 40.125381312177055], [-7.378035902304001, 40.125832366146], [-7.377518266946901, 40.126089625197416], [-7.377275722251962, 40.12627455667107], [-7.377041996281457, 40.12642613523567], [-7.37676767885814, 40.126566191790545], [-7.376487799008349, 40.12667919104528], [-7.376135085673306, 40.1267475875194], [-7.375834757112688, 40.126852797436094], [-7.375249274121336, 40.127017023172115], [-7.371788429863703, 40.12720943891952], [-7.371747030059513, 40.12720772850984], [-7.370932796594426, 40.12730540860641], [-7.370592433527371, 40.12738080216172], [-7.370300107224845, 40.127419951836615], [-7.369412176762503, 40.12756108977689], [-7.36858630611374, 40.1276493114066], [-7.368389708797038, 40.12762550139823], [-7.367908442592636, 40.12735441148063], [-7.367787675626355, 40.12752589468714], [-7.367664870240757, 40.12759686066743], [-7.366814423370649, 40.12767959915189], [-7.366485916443879, 40.12777450992562], [-7.365623477725596, 40.12798495253151], [-7.364786471602934, 40.128249050437674], [-7.364497473285148, 40.128315221495235], [-7.36388107562933, 40.12842848322318], [-7.36326303528841, 40.128448611958305], [-7.362679029005902, 40.12854010650424], [-7.362228359951167, 40.128584665552616], [-7.36186367966841, 40.1286714926741], [-7.361482390221016, 40.128827101889264], [-7.361084547475832, 40.12893144441383], [-7.360862150009885, 40.12902029212053], [-7.360432778644428, 40.12938099901056], [-7.359017763256399, 40.133380771211456], [-7.358908698079667, 40.13342822430021], [-7.358865345556096, 40.13375439561246], [-7.358936598639541, 40.134000189522155], [-7.35913065181214, 40.134125671928274], [-7.359878693515912, 40.134349585159526], [-7.360330540178411, 40.13446372903179], [-7.360512389622956, 40.134538155478346], [-7.360857062461769, 40.134636361425905], [-7.361197843175313, 40.13471517512729], [-7.36125984962683, 40.13487661301349], [-7.361276246591641, 40.135139240987186], [-7.361320367952266, 40.13546094657017], [-7.361114978149072, 40.13555954421481], [-7.360970652330817, 40.13567422335018], [-7.360545943898364, 40.13588897735332], [-7.360478526290409, 40.13624785543334], [-7.360495014823376, 40.13676156884131], [-7.360158701134569, 40.13712721144591], [-7.359775693701145, 40.13744058830454], [-7.359402295825226, 40.13803446193584], [-7.359219353393455, 40.1384500280716], [-7.358993894767281, 40.138671956943135], [-7.358405414338357, 40.138995124414684], [-7.3579341627237, 40.13922414761033], [-7.358419010290634, 40.139472787017496], [-7.358705381296315, 40.13957151077734], [-7.359239430290184, 40.139786709277836], [-7.359483235459625, 40.1399242328898], [-7.359687902855528, 40.140108865309195], [-7.359869826723759, 40.140301986599184], [-7.360077186860252, 40.140477000056904], [-7.360264700828229, 40.140664311447026], [-7.360388233791458, 40.14066675330513], [-7.360584172502378, 40.14058538524146], [-7.360929439794223, 40.140508881629245], [-7.361486748930665, 40.140483857202035], [-7.361620106009243, 40.14052049894524], [-7.361774544365961, 40.140612933451166], [-7.361995580205446, 40.14085557837344], [-7.362249849677064, 40.14100279758922], [-7.362490264097898, 40.1410151129264], [-7.362672803442009, 40.14105036333825], [-7.362942789456961, 40.141208949203666], [-7.363126846921598, 40.14127599781038], [-7.363304798258314, 40.1413024864584], [-7.363616047611294, 40.14130797201002], [-7.363975834696823, 40.141359527893634], [-7.364193233103049, 40.14137312595424], [-7.364750748278288, 40.1416542875598], [-7.365178351554117, 40.141978529904016], [-7.365321878119683, 40.14212357597458], [-7.365273588609116, 40.14260974578461], [-7.36529398485676, 40.14274721826137], [-7.365425811995221, 40.14296278607747], [-7.365626058989456, 40.143125136950204], [-7.365896308007054, 40.14328254329541], [-7.36547396609267, 40.14334558053253], [-7.365175489304802, 40.14340331467558], [-7.36473404086714, 40.143558807000595], [-7.364162667635623, 40.14369461183083], [-7.363616664160755, 40.143755745729], [-7.363568225350358, 40.1437953205822], [-7.363001620891172, 40.1439970749733], [-7.36250182413224, 40.14415414926154], [-7.362238608790349, 40.1443415234105], [-7.362114243235582, 40.14450586421865], [-7.362037089623573, 40.144677363713846], [-7.362088077250855, 40.144880602864234], [-7.362169678467073, 40.14508458255841], [-7.362158696845321, 40.14524661174168], [-7.362069206718617, 40.14537750375045], [-7.361781602419774, 40.14555228455291], [-7.361611709035343, 40.1456221213925], [-7.361113453549606, 40.14577667913914], [-7.360746730213923, 40.145932110347104], [-7.360474101576744, 40.14595452083479], [-7.36021109674125, 40.14608110592918], [-7.359995951744497, 40.14620908527117], [-7.359928684898811, 40.1463457039773], [-7.359943686023263, 40.14690785260624], [-7.36006533868489, 40.14701556043255], [-7.359626421911097, 40.147141238896445], [-7.359107656861885, 40.14735392133914], [-7.358895104828083, 40.14737619109721], [-7.358580198186013, 40.14755618658724], [-7.358354393829327, 40.14760952236744], [-7.358070496986143, 40.14777621519494], [-7.357538568741975, 40.14782444609966], [-7.35681729257009, 40.147845470307146], [-7.356579933720274, 40.147924124287435], [-7.356401503123231, 40.148103587139815], [-7.356329263479434, 40.148223059258726], [-7.356132628401871, 40.148456161639], [-7.355675805135062, 40.148348907895766], [-7.355370645533937, 40.14829003817342], [-7.35478510503124, 40.14821181473455], [-7.353614176912401, 40.14814542096852], [-7.35290466851682, 40.14813309109444], [-7.352893596096306, 40.148239641857394], [-7.352623828804814, 40.14892478632599], [-7.352369565890539, 40.149125976112984], [-7.351553779261123, 40.14946783897688], [-7.350734292519972, 40.149865324327145], [-7.349955061242571, 40.15030297278813], [-7.349707506317652, 40.150429819340005], [-7.349240226221839, 40.15063019296402], [-7.349385537335917, 40.150843619385604], [-7.349586764147036, 40.15140027374674], [-7.349713966834776, 40.15146362941118], [-7.349918156261189, 40.15147536470273], [-7.350072387207276, 40.15152539946251], [-7.350232313788837, 40.15162103656779], [-7.350513721410068, 40.15193030027882], [-7.350700781037013, 40.15205503059727], [-7.350812395277318, 40.15246473264708], [-7.350861637964709, 40.15293084351963], [-7.350853672948928, 40.15337063380971], [-7.350590549424648, 40.15386138215489], [-7.350337732658504, 40.154559335070076], [-7.350238895012108, 40.1547348214752], [-7.350053951168183, 40.1552548255749], [-7.349956600550204, 40.155361608315914], [-7.349791207671175, 40.155425244021096], [-7.349790719917332, 40.15557014245109]]], "type": "Polygon"}, "properties": {"geo_point_2d": {"lon": -7.381621907616665, "lat": 40.155229856217105}, "year": "2024", "dis_code": "05", "dis_name": "Castelo Branco", "con_code": "0504", "con_name": "Fundão", "fre_code": "050431", "fre_name": "Enxames", "fre_name_upper": "ENXAMES", "fre_name_lower": "enxames", "fre_area_code": "PRT", "fre_type": "parish", "fre_name_long": "Enxames"}}, {"type": "Feature", "geometry": {"coordinates": [[[-7.402119940073971, 40.02663306986664], [-7.402210549106525, 40.026683169183315], [-7.402435138494904, 40.0268686643148], [-7.402515632290521, 40.02704361683104], [-7.402618295266295, 40.02733668441566], [-7.402914424061621, 40.02775786702597], [-7.40297530836793, 40.027815977512326], [-7.406820624502467, 40.030994870514085], [-7.403978165835748, 40.03680076486062], [-7.400138504195086, 40.040875840871735], [-7.392559665531368, 40.04458099475851], [-7.391921556422301, 40.045010918920646], [-7.391484789778944, 40.04538305002089], [-7.391256250926095, 40.04554928220414], [-7.391055470991193, 40.0457273058493], [-7.390879650490419, 40.04593809434089], [-7.390854867154871, 40.046160290899884], [-7.390821102326783, 40.046237438786804], [-7.390524914747996, 40.04647113946937], [-7.390272677174167, 40.0466284819583], [-7.390197183668754, 40.04673922194497], [-7.390220629554703, 40.046911833462616], [-7.390328704403513, 40.04707103186341], [-7.39034450186517, 40.047170469248684], [-7.390255686117525, 40.04728868708829], [-7.389978634953605, 40.04744298608972], [-7.389915945828935, 40.04755092968481], [-7.389925608233248, 40.047675721061175], [-7.390034441796108, 40.04790571078359], [-7.390049256579447, 40.048398880255284], [-7.390099570295025, 40.048514027516255], [-7.390189684056558, 40.04861168546079], [-7.39033203341411, 40.048690589127084], [-7.391181683941887, 40.048956111701976], [-7.391743862685523, 40.04915891023902], [-7.39183065448084, 40.04925997332849], [-7.391965683261242, 40.04953911417773], [-7.39214229120156, 40.04963624494078], [-7.392444450153572, 40.049696980677474], [-7.392548197620481, 40.04975870177685], [-7.392602549341714, 40.04991268866559], [-7.392398369821364, 40.05033979932692], [-7.392397730732601, 40.05046390047627], [-7.392334581681674, 40.050646674951054], [-7.392308169362152, 40.05082464453321], [-7.392300534543188, 40.05111927165813], [-7.392352253514591, 40.05135465772831], [-7.392554983150949, 40.05157236040818], [-7.392810879677443, 40.05171808708278], [-7.393583637321904, 40.05212035192974], [-7.393831802764572, 40.05226548663971], [-7.394381017020652, 40.05251087620951], [-7.394635788358143, 40.0526637064045], [-7.394849118701852, 40.05284491281699], [-7.394887195813721, 40.05298753738554], [-7.394851992029749, 40.05305738054212], [-7.394619897246968, 40.053225574152805], [-7.394044512610975, 40.05342905543086], [-7.39374590242655, 40.05350514201663], [-7.393618279249966, 40.05355944592685], [-7.39349583335444, 40.05367718577981], [-7.393404028265773, 40.0538980586356], [-7.393359277187048, 40.054179565647814], [-7.393233664178691, 40.05435149920518], [-7.392700294332336, 40.054624220660635], [-7.392599013592067, 40.05471309823125], [-7.392587631666771, 40.054855680247854], [-7.392635065764152, 40.0549345137902], [-7.392944987567982, 40.055266014070675], [-7.39319225073826, 40.05567006541067], [-7.393329763387636, 40.05586204868322], [-7.393386029828251, 40.055980019761364], [-7.393445735853469, 40.0562145546658], [-7.393453370431311, 40.05669137731082], [-7.393423203312141, 40.05694533436334], [-7.393356336391919, 40.05716834397649], [-7.393056243742031, 40.057587457858844], [-7.392918331884784, 40.057811996464636], [-7.392739081540293, 40.0582616002872], [-7.392739726330928, 40.058440911614404], [-7.392781573624291, 40.058538263466794], [-7.392944847999557, 40.058678084307275], [-7.393126621628084, 40.05897247827664], [-7.393107696082782, 40.05912941981971], [-7.393053142908294, 40.05919967730679], [-7.39288621080588, 40.059257151491806], [-7.392790288197327, 40.05932660686635], [-7.392693811356416, 40.059567438730134], [-7.392544222861874, 40.06002668703834], [-7.392436222226607, 40.0602598862756], [-7.392191731337709, 40.06095429826925], [-7.392075959800007, 40.06123355530681], [-7.391957124418467, 40.06162284108807], [-7.391876261771998, 40.06212053229458], [-7.391872762118066, 40.062379434271456], [-7.391925945582835, 40.06264229677894], [-7.392076076157603, 40.06308823315451], [-7.392087590935597, 40.06333489115606], [-7.392032043336526, 40.06346395161921], [-7.391883578984595, 40.063709764469806], [-7.391877709192748, 40.06394919561862], [-7.391900885736737, 40.06411487089957], [-7.391815225813086, 40.06434055273068], [-7.391680973450743, 40.06456114854701], [-7.391566275208889, 40.064805827937015], [-7.391482066198697, 40.06530881158163], [-7.3914247809098, 40.06556628295009], [-7.391325447468618, 40.06570101022407], [-7.391216165639965, 40.065780192450546], [-7.390724473116443, 40.06605965700613], [-7.390609610825544, 40.066199594953005], [-7.390543609194101, 40.066503660864136], [-7.390359342057728, 40.06670961766832], [-7.390083969327015, 40.066841865053185], [-7.389789772510008, 40.06714312208003], [-7.389642194090603, 40.067381101457364], [-7.389528406206734, 40.06763785251101], [-7.389503571487924, 40.068068899444704], [-7.389438892955124, 40.06832569271076], [-7.389343527058784, 40.06856985978576], [-7.388983396568119, 40.0692534436969], [-7.388820720907161, 40.069488176462634], [-7.388745713727743, 40.06955154678004], [-7.388251914941206, 40.069783974124], [-7.388011316681564, 40.06995156148738], [-7.387933102203285, 40.070072371353106], [-7.387897366392091, 40.07031926494912], [-7.387946468600554, 40.070525270559074], [-7.387916319370333, 40.070667193323956], [-7.387690393610316, 40.07110198472262], [-7.387680200453088, 40.071155685590476], [-7.387733590452633, 40.071636133013406], [-7.387743304259955, 40.07212224329133], [-7.387767965055443, 40.07238807851103], [-7.387776652639173, 40.072904260204766], [-7.387722260592649, 40.07321659692362], [-7.387811733708642, 40.07372095746698], [-7.387825460150724, 40.074000230282465], [-7.387778510273781, 40.07427514828951], [-7.387778989972469, 40.0747702066869], [-7.387804939296372, 40.0750140683495], [-7.387885138734618, 40.07526116721355], [-7.388099122540456, 40.07572138680764], [-7.38812118892344, 40.07584824602406], [-7.388355403294397, 40.07634615181595], [-7.395004883782359, 40.07697425802313], [-7.395323228833418, 40.076947369678976], [-7.395970034791371, 40.07685745621911], [-7.396293759821846, 40.07676629965604], [-7.396606903163657, 40.076808812371695], [-7.396894337228689, 40.07678874871522], [-7.397063049933153, 40.07680945469706], [-7.397346765592562, 40.07689599314312], [-7.397625624644533, 40.07702015303807], [-7.398215120058473, 40.077190493560174], [-7.398814573048461, 40.07731901473443], [-7.398942080878962, 40.077388714830235], [-7.39922058003579, 40.07748089748363], [-7.399510448197966, 40.07755189382144], [-7.399706161712754, 40.07750332476465], [-7.399868583768254, 40.07749813435604], [-7.400244307677569, 40.077576249315946], [-7.400561822673698, 40.07755042384214], [-7.400749049132195, 40.077517469705164], [-7.400924946536358, 40.07754595970638], [-7.401227335832046, 40.07764098582074], [-7.40146382671827, 40.07785834695981], [-7.401724319938139, 40.07803416070832], [-7.402077922342564, 40.0781641808451], [-7.402287530933372, 40.07836308856781], [-7.402541928265317, 40.078484828117084], [-7.402779807041912, 40.07864888188898], [-7.403022402947813, 40.078921211909815], [-7.403395373285922, 40.07929216736653], [-7.40353004935001, 40.07934966307706], [-7.40368195061476, 40.07935340972175], [-7.404350621136729, 40.07928159820363], [-7.404646379487863, 40.07921815813108], [-7.404789124787041, 40.079145927391714], [-7.404969838814867, 40.078964599308726], [-7.405226149783877, 40.07880698492893], [-7.405325518055283, 40.07876734816733], [-7.405484788655064, 40.07879446415519], [-7.406623947314425, 40.07935131372364], [-7.406876338501698, 40.07950824354383], [-7.407367493014482, 40.079836338313505], [-7.407435741192267, 40.0798570301596], [-7.407918485979851, 40.07970613351167], [-7.408160798957354, 40.07971890404614], [-7.408416427824927, 40.07968105027808], [-7.408633732076102, 40.07974175874146], [-7.408883919213801, 40.07987480103832], [-7.409128868047217, 40.08009328102148], [-7.409593677304196, 40.08036410488149], [-7.409818344913004, 40.080516351254815], [-7.410293400086092, 40.08078336011586], [-7.410611228546382, 40.08111792626515], [-7.410892301281002, 40.081213695705166], [-7.411060383034041, 40.08129579345444], [-7.411228641445154, 40.08142769765682], [-7.411280392140986, 40.08160110906566], [-7.416057322980692, 40.07948054877233], [-7.422303025989997, 40.077450373233475], [-7.42254802451597, 40.07742962977512], [-7.422914184680756, 40.077200326592795], [-7.423204205047296, 40.07715644045711], [-7.425213132173056, 40.07690672383799], [-7.425421113612168, 40.076996606945045], [-7.425713688611677, 40.07709160022648], [-7.426033989422695, 40.07716946966232], [-7.427000617084373, 40.07726883229794], [-7.427335768974232, 40.077293923675064], [-7.427688934737311, 40.07734533112449], [-7.432564018866694, 40.077540636006766], [-7.438100323374281, 40.078326970057844], [-7.438439697710765, 40.07835268237268], [-7.438612179077648, 40.07838523743983], [-7.438755891125637, 40.07844463409413], [-7.438799452529114, 40.0785419803661], [-7.439013052940169, 40.07855424318635], [-7.439085023842745, 40.078486226385664], [-7.439228049227768, 40.07856759468956], [-7.442543207527317, 40.07687505943006], [-7.445424428135365, 40.0751954398316], [-7.446566503403622, 40.07457430329441], [-7.448954315653796, 40.07258151821628], [-7.449149474305216, 40.072477927526634], [-7.449245599019847, 40.072337193070425], [-7.452620684440149, 40.06902689203426], [-7.452556181965706, 40.0689004311928], [-7.452600285320953, 40.06874398889574], [-7.452712956587185, 40.06851661833012], [-7.452740369977465, 40.06831783628447], [-7.452791475835494, 40.0681762957939], [-7.452985569846547, 40.06795372593413], [-7.453054007152174, 40.06778976670367], [-7.453406017508381, 40.06712728189744], [-7.453472578218928, 40.066750589120566], [-7.451694632962581, 40.06231493587383], [-7.451740437776407, 40.06215228509312], [-7.451869384494524, 40.06194987003214], [-7.452079893456881, 40.061760535487934], [-7.452071950434949, 40.06162855371044], [-7.452109586887219, 40.06154429874007], [-7.452273505902994, 40.06132542768261], [-7.452339221858361, 40.06118766192542], [-7.45239917080835, 40.06093413612716], [-7.452527981379522, 40.06068560248744], [-7.452691320122837, 40.060501037526066], [-7.452815265856816, 40.060436471944534], [-7.453183608720215, 40.06008514447372], [-7.453285716457641, 40.05968083592701], [-7.453369131303888, 40.05948292417943], [-7.453438829350859, 40.0594042568421], [-7.453492582775617, 40.05920761644162], [-7.454617742666056, 40.0573704961251], [-7.455169134427965, 40.05476478246425], [-7.455173723846821, 40.05443077932583], [-7.45523970826853, 40.05435938665474], [-7.455269361483463, 40.05110850686987], [-7.454195036680763, 40.04999981246636], [-7.454019434599555, 40.04985100281592], [-7.453927621921737, 40.049809124349736], [-7.453777605520095, 40.04981104031619], [-7.453257613940577, 40.049861227496145], [-7.453049852371514, 40.049860010902925], [-7.452938915024448, 40.04979739653439], [-7.452740796230265, 40.0496155817209], [-7.452574399104694, 40.04931884886368], [-7.452491908091851, 40.049105643213295], [-7.452262075281482, 40.048612121499126], [-7.451926474956083, 40.048019996589446], [-7.451822828052555, 40.047884296977195], [-7.451569859533517, 40.04765676547614], [-7.451254122236382, 40.04755503829239], [-7.451084520815875, 40.045695390366696], [-7.451063494838034, 40.04566518830259], [-7.451180309220435, 40.04547819319783], [-7.45116386243905, 40.045399564830184], [-7.450927582556227, 40.04523913214843], [-7.450670978677833, 40.045119734074255], [-7.450557768379998, 40.04496794894216], [-7.450546307791923, 40.0445645090957], [-7.450602369225778, 40.044394892175674], [-7.450524835384916, 40.044320408662976], [-7.450228151700474, 40.04414223795529], [-7.449532994737922, 40.04360715831071], [-7.448995996819202, 40.04332229503599], [-7.448908157715373, 40.04330655349243], [-7.448254979539086, 40.043310002928294], [-7.447919239059119, 40.043254885143334], [-7.447160771709608, 40.04293601611361], [-7.446844530422187, 40.0428176064763], [-7.446556796131419, 40.042671811878684], [-7.445912696809289, 40.042226173511565], [-7.442630677037447, 40.041174090707486], [-7.442550298319021, 40.04108049213016], [-7.442285737785604, 40.04088078530603], [-7.442021081496497, 40.04074943930893], [-7.441743560998458, 40.04065042951939], [-7.441177965086029, 40.04047676384226], [-7.4408583212713, 40.04034913320942], [-7.440212161453392, 40.04013625196766], [-7.439876391017649, 40.040039417344126], [-7.439273390256984, 40.03983426678148], [-7.43898184662904, 40.03972112151562], [-7.438394031523768, 40.0395563079635], [-7.437879867944848, 40.039326645122614], [-7.437288950300516, 40.03896034623802], [-7.436751319607877, 40.03872324077789], [-7.436471267810308, 40.038621687769584], [-7.436229567824903, 40.03848118675437], [-7.436007196767203, 40.03832954219475], [-7.435687515668084, 40.038150113342425], [-7.435415263959149, 40.03806490383109], [-7.434627022202593, 40.03805845628367], [-7.434324923982686, 40.03807411186372], [-7.433651869562638, 40.03808996585238], [-7.433522407948282, 40.03802028639434], [-7.433321378746446, 40.037787445658985], [-7.433028936238456, 40.03757989597028], [-7.432829412991471, 40.037521867678635], [-7.432242380029595, 40.03713448973046], [-7.432013930680935, 40.03699405916877], [-7.431426622049649, 40.03686389195025], [-7.430911040342613, 40.036617617614624], [-7.430709061008263, 40.0364328524301], [-7.430556407782167, 40.036351776937906], [-7.430074440482571, 40.03631247649576], [-7.429862570044914, 40.03621356909128], [-7.429456900480786, 40.03585213604282], [-7.429213199244373, 40.03569188593858], [-7.429028361275021, 40.0356417746554], [-7.428841853889028, 40.03554896257245], [-7.428664437795474, 40.035346603038136], [-7.428477705150691, 40.03517300765444], [-7.428312312449059, 40.03495216557472], [-7.428141117116409, 40.034680410208246], [-7.427956033389885, 40.034506733043344], [-7.427876217275343, 40.03428136770806], [-7.427827684130513, 40.03403287162042], [-7.427635704075286, 40.03356087233507], [-7.427642895041678, 40.033363053691126], [-7.427603439378669, 40.03330310530273], [-7.427453948744903, 40.03323438412144], [-7.427316065400778, 40.03295949270535], [-7.427127585216373, 40.03262648045273], [-7.427072026821527, 40.03258336239926], [-7.426700936018669, 40.032394774936144], [-7.426511132832339, 40.03228167812464], [-7.426449607026003, 40.03219258993211], [-7.426199357093454, 40.03206759623594], [-7.42590699352701, 40.03187975577407], [-7.425643807720646, 40.03174810482179], [-7.42521605540002, 40.03167012272122], [-7.425010489026265, 40.031552333171476], [-7.424844533978042, 40.03141064832362], [-7.424340123392092, 40.0311773771456], [-7.423919911844921, 40.030834567243055], [-7.423663276878299, 40.03060308130778], [-7.423240443744403, 40.03058275343074], [-7.422927367566042, 40.03058615399437], [-7.422314208901176, 40.03053854670822], [-7.421718762245088, 40.030397827104686], [-7.421161694596867, 40.03017178747167], [-7.420599344150615, 40.030003441332745], [-7.420329231587847, 40.02988669113236], [-7.419730912359997, 40.02965165681549], [-7.419421225561599, 40.02949863402899], [-7.419218516009332, 40.02929898247243], [-7.419058265975799, 40.0290838361603], [-7.418898255210423, 40.02895839477267], [-7.418743966612098, 40.02889080085853], [-7.418465038395314, 40.028709772650934], [-7.418397605201145, 40.02863731299479], [-7.41820750579786, 40.02831867948882], [-7.418141090014246, 40.02826171543219], [-7.417934957472891, 40.0282117225466], [-7.417313370015973, 40.02817700460322], [-7.416967203204313, 40.02818694009982], [-7.416152771919731, 40.02804088647706], [-7.41553534095747, 40.028023289873516], [-7.414937859072304, 40.027924227080995], [-7.414208306364586, 40.02786261754192], [-7.413899870101925, 40.027927891264326], [-7.41320820607611, 40.027917754906554], [-7.412679722178432, 40.02800931109226], [-7.412140241873087, 40.02799830961729], [-7.411308081745041, 40.0278798457293], [-7.41073212718956, 40.027706323625054], [-7.410428577903863, 40.02762986454758], [-7.41012221421648, 40.02757581753546], [-7.409511300431103, 40.02759624035722], [-7.409207295160122, 40.027563094241835], [-7.408628742836744, 40.02738108159689], [-7.408012376945345, 40.02729618373951], [-7.407431829476038, 40.02710397042119], [-7.40714991793612, 40.02702034698562], [-7.406593941082368, 40.0268308050923], [-7.406321850665547, 40.02670527401749], [-7.406230932512287, 40.026695159142605], [-7.406005399369388, 40.02654235550626], [-7.40574935643017, 40.02641665089799], [-7.405453082025834, 40.02632923890592], [-7.405339565927037, 40.02632933836007], [-7.405014345432573, 40.026408625195], [-7.404715175748188, 40.026516533026594], [-7.404400918712834, 40.02660011447876], [-7.404066916031929, 40.026612341254975], [-7.40385618298575, 40.026567427839886], [-7.403718943241611, 40.02649533176366], [-7.403415638705544, 40.026408141398406], [-7.403080136064895, 40.02642971585369], [-7.402665334847045, 40.0265712037116], [-7.402119940073971, 40.02663306986664]]], "type": "Polygon"}, "properties": {"geo_point_2d": {"lon": -7.420836588084612, "lat": 40.05662618172522}, "year": "2024", "dis_code": "05", "dis_name": "Castelo Branco", "con_code": "0504", "con_name": "Fundão", "fre_code": "050435", "fre_name": "Póvoa de Atalaia e Atalaia do Campo", "fre_name_upper": "PÓVOA DE ATALAIA E ATALAIA DO CAMPO", "fre_name_lower": "póvoa de atalaia e atalaia do campo", "fre_area_code": "PRT", "fre_type": "parish", "fre_name_long": "União das freguesias de Póvoa de Atalaia e Atalaia do Campo"}}, {"type": "Feature", "geometry": {"coordinates": [[[-7.313732598538684, 40.08308336964854], [-7.313675203505126, 40.08344139795378], [-7.313662900790287, 40.08372499346355], [-7.313747809511745, 40.084301159021656], [-7.313762121646096, 40.084575394696095], [-7.313748792778764, 40.084807380853924], [-7.313700849792319, 40.08496329420913], [-7.31356525895465, 40.085232426616464], [-7.313491020829695, 40.08551828647178], [-7.313330638194757, 40.08578183330071], [-7.313059815420356, 40.08597544082939], [-7.312704396674739, 40.0861452998044], [-7.312454335571198, 40.08623044173026], [-7.311990488276318, 40.08631938040557], [-7.311809279423244, 40.08640230181654], [-7.311649154004764, 40.08650708029321], [-7.311498580024952, 40.08668513798832], [-7.311290644237955, 40.08737315664537], [-7.31123465687628, 40.08747587428975], [-7.311093131582742, 40.08763238596033], [-7.310619872662341, 40.08791812131112], [-7.31021427599739, 40.08814471454396], [-7.309914941237683, 40.08835846266163], [-7.309545752425544, 40.088657180242656], [-7.309123578922875, 40.08909114856141], [-7.308940889958253, 40.08929617487265], [-7.308841914460594, 40.08945289550284], [-7.308696743878826, 40.08976544863606], [-7.308572803915673, 40.0899314430251], [-7.308404746107636, 40.09023573203136], [-7.308116219130249, 40.09057302227196], [-7.308028120792123, 40.0907027947396], [-7.307979789426615, 40.090899233787994], [-7.308057124277835, 40.09107890653117], [-7.308162055859233, 40.091167909883936], [-7.308540129200697, 40.09129136468535], [-7.308999324791014, 40.0912905737409], [-7.309445958120567, 40.09131004316986], [-7.309724140781327, 40.09137451380037], [-7.30986923973775, 40.09150721045417], [-7.309910529442125, 40.09173958313404], [-7.309762838604818, 40.09211578944627], [-7.3097574754206, 40.0922692153704], [-7.309797229311213, 40.09233730783012], [-7.310147029073342, 40.09248235158205], [-7.310283913522385, 40.09255662843995], [-7.310296654794287, 40.092677486190965], [-7.310246532586278, 40.092876700737264], [-7.309991862180087, 40.09332401694718], [-7.309552942251376, 40.09397787864332], [-7.309384809201531, 40.09415175850079], [-7.30921915376813, 40.09427540645932], [-7.308898378884713, 40.09435859473146], [-7.308361047306562, 40.094390081117034], [-7.308114777043382, 40.09459600402822], [-7.308004876313741, 40.09476354038219], [-7.30798344686005, 40.094926306976234], [-7.30800954793972, 40.09510561645417], [-7.308202457738214, 40.09564040120662], [-7.308397200144153, 40.096042278942505], [-7.308484492954921, 40.096272275021605], [-7.30853611814771, 40.096533269344384], [-7.308505451759929, 40.096723074347864], [-7.308364532055132, 40.09698270227824], [-7.308014756619426, 40.09728155171565], [-7.307805098137517, 40.09737777547029], [-7.307635854675833, 40.097486620442325], [-7.30725003201767, 40.09769155301354], [-7.30698370148534, 40.09779953091556], [-7.306330208451707, 40.098203558660124], [-7.305759747165592, 40.09863519975581], [-7.305363445334448, 40.098978467925534], [-7.305133459950113, 40.099232049896884], [-7.304835580726807, 40.09962069161835], [-7.304784815154828, 40.099726235938085], [-7.304650768476387, 40.100142967265526], [-7.304624907028921, 40.10029371903608], [-7.304505260424791, 40.100693267266415], [-7.304366001427464, 40.100969110748885], [-7.304229561627341, 40.101147264941716], [-7.304085040424107, 40.10126709128705], [-7.303794586433782, 40.10162200405315], [-7.303746793380867, 40.10177233197124], [-7.303753168902261, 40.10212675349622], [-7.303623915425216, 40.102437974285465], [-7.303363547308344, 40.102797157587865], [-7.303220101451414, 40.10296309699026], [-7.302877207047347, 40.10341526064539], [-7.30262356150229, 40.103789618457874], [-7.302457686870306, 40.10406401049007], [-7.302387020070118, 40.104214083662306], [-7.302246467491579, 40.10473019089061], [-7.302174623561998, 40.10541240613516], [-7.302110461968371, 40.10559656526035], [-7.301592811496281, 40.106028381108466], [-7.30113521411786, 40.10632364401328], [-7.300983469840258, 40.10644746438699], [-7.300807899477689, 40.10664973547874], [-7.300717943423483, 40.10678499026373], [-7.300655864563846, 40.10695151559316], [-7.300298745269918, 40.107683283994085], [-7.300113295000563, 40.10797374132687], [-7.299750644702486, 40.10845574174457], [-7.299528761567338, 40.10868487886802], [-7.299287641375135, 40.10890432994089], [-7.298998549820309, 40.10913306859484], [-7.298642194976916, 40.10938564403445], [-7.298428072878385, 40.109555125134335], [-7.298256502926718, 40.10971671453285], [-7.297980417028656, 40.10990754410329], [-7.297781125702008, 40.110024174648835], [-7.297312251641626, 40.11022171813819], [-7.296888967436441, 40.110450752776146], [-7.296661572147713, 40.11055367236293], [-7.29630686071378, 40.110660982433416], [-7.296191842353734, 40.11067645374854], [-7.296013775266641, 40.11064941369336], [-7.295433872282721, 40.110679183726425], [-7.294839184537595, 40.110767200018195], [-7.294403678725643, 40.11084420459415], [-7.294144045812041, 40.11098345044673], [-7.294020895488972, 40.111078920985165], [-7.293827078959745, 40.111331303536645], [-7.293764695310423, 40.111655244282716], [-7.293656870609162, 40.111944898129984], [-7.293548713711699, 40.11211783893854], [-7.293257284029752, 40.11240076495022], [-7.292686912074435, 40.11279964489127], [-7.291756243875499, 40.11348094492708], [-7.29109877853208, 40.11393088228495], [-7.290617795943763, 40.1142505161936], [-7.290421481282158, 40.11440921740197], [-7.2901690656814, 40.11467476425934], [-7.290026607643662, 40.11490850987156], [-7.289928786231277, 40.115107459262276], [-7.289741840221631, 40.11558106664954], [-7.289523508129713, 40.116031569314686], [-7.289348247084146, 40.11634648976239], [-7.289130677454344, 40.11664885275205], [-7.288762907574565, 40.11710754618094], [-7.288450376069108, 40.11737670435052], [-7.288174452792784, 40.11755922862562], [-7.287981688732094, 40.117856365031344], [-7.287954877367699, 40.11802313957324], [-7.287973747157604, 40.11836657473788], [-7.288081658615882, 40.119212824649054], [-7.288046753309786, 40.119759312965805], [-7.28796003494243, 40.120198339133424], [-7.287841126192539, 40.12052726527698], [-7.287757480186523, 40.12089619686851], [-7.287622248547967, 40.121325543004644], [-7.287441634705908, 40.1215855971797], [-7.286969646080421, 40.121892946582705], [-7.286535191628918, 40.12215301668477], [-7.286262767672972, 40.122335737377256], [-7.285693153018315, 40.12281465286688], [-7.285287930396172, 40.12311023409842], [-7.285159244231473, 40.123223306726985], [-7.284991985400249, 40.123325202366395], [-7.284884630881414, 40.12343023469136], [-7.284732977580268, 40.12369245448576], [-7.284473631058742, 40.124086811979375], [-7.284411414573786, 40.1242599894539], [-7.284327411430677, 40.124780541487034], [-7.284350344631349, 40.12522036810766], [-7.284403049912307, 40.12553019303477], [-7.284612621935491, 40.12623588403389], [-7.284725117679488, 40.1265678517888], [-7.284770322502304, 40.12677315478816], [-7.284869814633324, 40.127434722495416], [-7.284935361747572, 40.12770258661171], [-7.2851049974806, 40.12827109447467], [-7.285221202777431, 40.12858813643608], [-7.285464903670596, 40.12903101970896], [-7.28565471583943, 40.12940146327173], [-7.285961034176635, 40.129923512811985], [-7.286014161295088, 40.130058174734664], [-7.286027999020667, 40.13021983869834], [-7.285946586922103, 40.1305218416394], [-7.285938614407408, 40.130738909291544], [-7.285977230528594, 40.13119245141215], [-7.285988012653593, 40.131458384958385], [-7.285931678590853, 40.131725353091916], [-7.285954752204897, 40.13229675503354], [-7.285890135907259, 40.13251206004771], [-7.285489531859413, 40.13347131238235], [-7.285480825463169, 40.13416469331016], [-7.285438232623357, 40.13489312801955], [-7.28538709431566, 40.13529855409532], [-7.285319875263022, 40.13559119779643], [-7.285159136034175, 40.13601617890606], [-7.285088679480817, 40.136295201741795], [-7.285077231469423, 40.136508193743985], [-7.285109218961518, 40.13677706971741], [-7.285282738582724, 40.137185399595516], [-7.28538008069955, 40.137312281939565], [-7.285677241835002, 40.137581740621165], [-7.286054007536987, 40.137838273044345], [-7.286167201051704, 40.137973463261545], [-7.286183088838113, 40.1381119988459], [-7.286143997413633, 40.13827453536554], [-7.286012390750744, 40.13863056588736], [-7.285945222314064, 40.13876705114033], [-7.285804953016657, 40.138969650808875], [-7.285442756023337, 40.13929859853839], [-7.285409388398755, 40.13936841499511], [-7.285399587803084, 40.13959087868547], [-7.285430551656042, 40.13980012846638], [-7.285550854574681, 40.14006289178974], [-7.28582742972602, 40.14028068787686], [-7.286206740838546, 40.14047483258551], [-7.286329029719773, 40.140586945084195], [-7.286584249136704, 40.14095660128038], [-7.286875548593648, 40.14126537202458], [-7.286972790433965, 40.14154291584203], [-7.287058135949193, 40.141729508527405], [-7.287138174658762, 40.14183320532173], [-7.28738336595518, 40.14200871394552], [-7.287860413093252, 40.14229983371376], [-7.288158862711526, 40.14246762151212], [-7.288325402034933, 40.142541421650414], [-7.288579176317854, 40.14269717757454], [-7.289119543158591, 40.14300225995934], [-7.289433302539822, 40.14321356495741], [-7.28975680244225, 40.14349140291312], [-7.290316886725161, 40.144063733772924], [-7.290452833851852, 40.14422078931835], [-7.290657783863223, 40.14451136072557], [-7.290908314925146, 40.14496914089628], [-7.291006304654891, 40.14518833173303], [-7.291095026328819, 40.14560675086924], [-7.291073528919804, 40.145770860438034], [-7.290859444562055, 40.14622112737133], [-7.290714942277685, 40.14648187133126], [-7.290674366949428, 40.14676516980551], [-7.290738440755661, 40.14701266334671], [-7.290887006925739, 40.147289136117934], [-7.29089224730362, 40.14743551583156], [-7.290853579466642, 40.147697122412545], [-7.290729105822123, 40.148046275164376], [-7.290611432248715, 40.14827200139435], [-7.290293721034953, 40.148683510337406], [-7.290156953165839, 40.14900141194429], [-7.290141183657251, 40.14912881656895], [-7.2901498749215, 40.149717675415964], [-7.289970578673475, 40.15006777625108], [-7.289950025760215, 40.15016398683194], [-7.28996187413092, 40.15075422034502], [-7.290057750808941, 40.1515826322416], [-7.290064107208407, 40.15178080693677], [-7.290156909780657, 40.15213549681532], [-7.290239591552741, 40.15231116777978], [-7.290492140044796, 40.152616945194126], [-7.290761200580009, 40.15312636952319], [-7.290963913669159, 40.15345754079064], [-7.291054671933626, 40.15368334660109], [-7.291080876619852, 40.1541475993839], [-7.291127182944874, 40.15425636676988], [-7.291283376787142, 40.15448687371295], [-7.291266964895626, 40.15466587599238], [-7.291173715875897, 40.15491889563008], [-7.291131916292817, 40.15529170071015], [-7.291131427924586, 40.1557598100512], [-7.291086690556536, 40.156085134084954], [-7.291110400203919, 40.156170770549515], [-7.291075268028335, 40.15644051042854], [-7.291077436638502, 40.15682650620784], [-7.291117783136391, 40.15710814044705], [-7.291183674332032, 40.15736092665133], [-7.291196855232622, 40.15756067900791], [-7.290808009771802, 40.158080514365345], [-7.290709409096785, 40.158322790253855], [-7.290460063730858, 40.15858777855153], [-7.290343321883039, 40.15893448554244], [-7.29024182151081, 40.15934267416544], [-7.290286423077135, 40.15967585262864], [-7.290715204646106, 40.16027136002548], [-7.290803986278183, 40.16069022909359], [-7.290909745330317, 40.16096965985727], [-7.290954486871402, 40.16121756325423], [-7.291080390015696, 40.16166778640904], [-7.291084205759264, 40.161788849156224], [-7.300171414020683, 40.156260112476296], [-7.300330132805856, 40.156420837713334], [-7.300717624718457, 40.156763311776864], [-7.301103857112794, 40.15715188604041], [-7.30130346879153, 40.15732811995827], [-7.30198664182524, 40.157766007270624], [-7.302246465974254, 40.15799139398916], [-7.30273274419021, 40.15848397348418], [-7.302973773955677, 40.15869111852618], [-7.3029963810246, 40.15887841733027], [-7.303166583629198, 40.15903219556075], [-7.30370285511323, 40.159304218161225], [-7.3043061807998, 40.159641201541], [-7.304822789471516, 40.15989930024259], [-7.305567532213259, 40.16030707989199], [-7.306095567142482, 40.160630548349964], [-7.306471310692914, 40.1609199687146], [-7.306690739783809, 40.161187470664366], [-7.306819562892733, 40.16139641929291], [-7.306965124564925, 40.16157946048373], [-7.307517751958891, 40.16195775943281], [-7.307976016126843, 40.162248304527644], [-7.308149062446972, 40.16231374259531], [-7.308853296389183, 40.1623566608857], [-7.309212989971392, 40.162421626614346], [-7.31004755960276, 40.16266565828256], [-7.310704594090669, 40.1629340057658], [-7.311237936298356, 40.16318093656292], [-7.312138420315398, 40.16357743782729], [-7.312987416949295, 40.16396159059974], [-7.313861925017053, 40.164293687710526], [-7.314445336772951, 40.16455699011357], [-7.314913480053185, 40.164741848781965], [-7.315612885384207, 40.16505324172496], [-7.316200478797528, 40.16524280652904], [-7.316677683303941, 40.16533820089192], [-7.317339339852969, 40.16535186152362], [-7.317704135842196, 40.165394140474], [-7.318244147655016, 40.165577779818726], [-7.318732714488523, 40.16603995767303], [-7.31905429439287, 40.16648844592464], [-7.319330520620309, 40.166605478102575], [-7.319330633928722, 40.16650722758908], [-7.319599851171207, 40.166168425278634], [-7.31979562110961, 40.165993017099524], [-7.320004004124743, 40.165774740462986], [-7.320343058796777, 40.1653665418968], [-7.320521627651089, 40.16509789186126], [-7.320539053841515, 40.16467897576236], [-7.320577461386058, 40.16447967704239], [-7.320744585684626, 40.16427452716487], [-7.321143247603675, 40.16390700111027], [-7.321385908650748, 40.16373642187551], [-7.321676789240276, 40.163617418516125], [-7.32197094132762, 40.16355868427616], [-7.322266578409176, 40.16352338014521], [-7.322562091884001, 40.163508510332846], [-7.323152240353381, 40.163512358400936], [-7.323447763178631, 40.163496682175214], [-7.323741628775974, 40.1634619004321], [-7.324053700186552, 40.1634063508258], [-7.324353688018579, 40.16332090409874], [-7.324625479669974, 40.163197079649784], [-7.324749288243026, 40.163180198209254], [-7.325050068960626, 40.16321552557804], [-7.325359005374602, 40.16332565623757], [-7.325520116937541, 40.16335018707969], [-7.325846005908583, 40.16318810313534], [-7.325911765626729, 40.163176130919396], [-7.325998354376561, 40.163417635901595], [-7.32602543805712, 40.16364918169076], [-7.32611542793593, 40.16357271667711], [-7.326535596465188, 40.163339781896276], [-7.326782654300982, 40.163173181764556], [-7.327004532574521, 40.16299208387963], [-7.327168951350594, 40.162885428251684], [-7.327506239585186, 40.16262210287142], [-7.327856704343822, 40.16248557695495], [-7.328145295971713, 40.16248920026836], [-7.32845443803801, 40.16256257597196], [-7.328748698172448, 40.162742751644075], [-7.328957619912285, 40.16291395399526], [-7.329508968709147, 40.163412192008515], [-7.32976342361759, 40.16357434469643], [-7.329918686223344, 40.16362692961535], [-7.330222205001829, 40.163679736491], [-7.330759794939492, 40.16369155578743], [-7.331427517056656, 40.16368743468003], [-7.331805086854174, 40.16361160253817], [-7.33214323458173, 40.163463902185896], [-7.332374169385291, 40.16344018786231], [-7.332937160895225, 40.16347838228028], [-7.333770869322916, 40.163613901096795], [-7.334112144954822, 40.16366010773651], [-7.334508960503551, 40.16379540625112], [-7.33485101550411, 40.16396580419714], [-7.335212490037693, 40.16396153699423], [-7.335686731549959, 40.163839797494354], [-7.335849078381073, 40.16371852676258], [-7.335815373811814, 40.16346811277258], [-7.335736729732292, 40.163045927025564], [-7.335771335192837, 40.16287676541349], [-7.336082293869508, 40.16263376684522], [-7.336299333135572, 40.1624827862629], [-7.336933526762751, 40.162111061523376], [-7.337202687448133, 40.16198943899774], [-7.337470801055064, 40.1618364675656], [-7.337747365355205, 40.16141167027803], [-7.337931305345756, 40.16120949268216], [-7.338370733374315, 40.160869473436875], [-7.338617905678414, 40.16071014515516], [-7.339044387709313, 40.160342386659686], [-7.339722354171284, 40.159988774489086], [-7.340315861281709, 40.15998382326382], [-7.340550711595013, 40.15981351211796], [-7.340700178680856, 40.15973852346871], [-7.341336876294471, 40.15910634177351], [-7.341421474039968, 40.15889609346654], [-7.341582491029746, 40.15877615360668], [-7.342026292792419, 40.15865364305289], [-7.342106431630298, 40.15860528453766], [-7.342318610616606, 40.15839536672325], [-7.342510522317734, 40.15829364636721], [-7.342801225337917, 40.158214847991765], [-7.343113554901773, 40.15816410903904], [-7.343822103747407, 40.158075448390825], [-7.344340439737343, 40.15788111495445], [-7.344589075468367, 40.157918021188976], [-7.344823508545623, 40.15800624615197], [-7.345319844086092, 40.15825340333147], [-7.345487678148936, 40.15830542434551], [-7.345803561647536, 40.15832305638412], [-7.346227832029125, 40.158244610886626], [-7.346526043955159, 40.158175756961356], [-7.347582990265095, 40.15800244078128], [-7.348095400794037, 40.15725987029166], [-7.348365206914722, 40.15708887954369], [-7.348569913697384, 40.156985615658094], [-7.348700101420551, 40.15679935696784], [-7.348739460816783, 40.156560968720946], [-7.348964564966986, 40.15634716087754], [-7.349256256557237, 40.156119575106956], [-7.34941375773534, 40.15590531408972], [-7.349569258250315, 40.15562015815984], [-7.349652213311635, 40.1555506533711], [-7.349790719917332, 40.15557014245109], [-7.349791207671175, 40.155425244021096], [-7.349956600550204, 40.155361608315914], [-7.350053951168183, 40.1552548255749], [-7.350238895012108, 40.1547348214752], [-7.350337732658504, 40.154559335070076], [-7.350590549424648, 40.15386138215489], [-7.350853672948928, 40.15337063380971], [-7.350861637964709, 40.15293084351963], [-7.350812395277318, 40.15246473264708], [-7.350700781037013, 40.15205503059727], [-7.350513721410068, 40.15193030027882], [-7.350232313788837, 40.15162103656779], [-7.350072387207276, 40.15152539946251], [-7.349918156261189, 40.15147536470273], [-7.349713966834776, 40.15146362941118], [-7.349586764147036, 40.15140027374674], [-7.349385537335917, 40.150843619385604], [-7.349240226221839, 40.15063019296402], [-7.349707506317652, 40.150429819340005], [-7.349955061242571, 40.15030297278813], [-7.350734292519972, 40.149865324327145], [-7.351553779261123, 40.14946783897688], [-7.352369565890539, 40.149125976112984], [-7.352623828804814, 40.14892478632599], [-7.352893596096306, 40.148239641857394], [-7.35290466851682, 40.14813309109444], [-7.353614176912401, 40.14814542096852], [-7.35478510503124, 40.14821181473455], [-7.355370645533937, 40.14829003817342], [-7.355675805135062, 40.148348907895766], [-7.356132628401871, 40.148456161639], [-7.356329263479434, 40.148223059258726], [-7.356401503123231, 40.148103587139815], [-7.356579933720274, 40.147924124287435], [-7.35681729257009, 40.147845470307146], [-7.357538568741975, 40.14782444609966], [-7.358070496986143, 40.14777621519494], [-7.358354393829327, 40.14760952236744], [-7.358580198186013, 40.14755618658724], [-7.358895104828083, 40.14737619109721], [-7.359107656861885, 40.14735392133914], [-7.359626421911097, 40.147141238896445], [-7.36006533868489, 40.14701556043255], [-7.359943686023263, 40.14690785260624], [-7.359928684898811, 40.1463457039773], [-7.359995951744497, 40.14620908527117], [-7.36021109674125, 40.14608110592918], [-7.360474101576744, 40.14595452083479], [-7.360746730213923, 40.145932110347104], [-7.361113453549606, 40.14577667913914], [-7.361611709035343, 40.1456221213925], [-7.361781602419774, 40.14555228455291], [-7.362069206718617, 40.14537750375045], [-7.362158696845321, 40.14524661174168], [-7.362169678467073, 40.14508458255841], [-7.362088077250855, 40.144880602864234], [-7.362037089623573, 40.144677363713846], [-7.362114243235582, 40.14450586421865], [-7.362238608790349, 40.1443415234105], [-7.36250182413224, 40.14415414926154], [-7.363001620891172, 40.1439970749733], [-7.363568225350358, 40.1437953205822], [-7.363616664160755, 40.143755745729], [-7.364162667635623, 40.14369461183083], [-7.36473404086714, 40.143558807000595], [-7.365175489304802, 40.14340331467558], [-7.36547396609267, 40.14334558053253], [-7.365896308007054, 40.14328254329541], [-7.365626058989456, 40.143125136950204], [-7.365425811995221, 40.14296278607747], [-7.36529398485676, 40.14274721826137], [-7.365273588609116, 40.14260974578461], [-7.365321878119683, 40.14212357597458], [-7.365178351554117, 40.141978529904016], [-7.364750748278288, 40.1416542875598], [-7.364193233103049, 40.14137312595424], [-7.363975834696823, 40.141359527893634], [-7.363616047611294, 40.14130797201002], [-7.363304798258314, 40.1413024864584], [-7.363126846921598, 40.14127599781038], [-7.362942789456961, 40.141208949203666], [-7.362672803442009, 40.14105036333825], [-7.362490264097898, 40.1410151129264], [-7.362249849677064, 40.14100279758922], [-7.361995580205446, 40.14085557837344], [-7.361774544365961, 40.140612933451166], [-7.361620106009243, 40.14052049894524], [-7.361486748930665, 40.140483857202035], [-7.360929439794223, 40.140508881629245], [-7.360584172502378, 40.14058538524146], [-7.360388233791458, 40.14066675330513], [-7.360264700828229, 40.140664311447026], [-7.360077186860252, 40.140477000056904], [-7.359869826723759, 40.140301986599184], [-7.359687902855528, 40.140108865309195], [-7.359483235459625, 40.1399242328898], [-7.359239430290184, 40.139786709277836], [-7.358705381296315, 40.13957151077734], [-7.358419010290634, 40.139472787017496], [-7.3579341627237, 40.13922414761033], [-7.358405414338357, 40.138995124414684], [-7.358993894767281, 40.138671956943135], [-7.359219353393455, 40.1384500280716], [-7.359402295825226, 40.13803446193584], [-7.359775693701145, 40.13744058830454], [-7.360158701134569, 40.13712721144591], [-7.360495014823376, 40.13676156884131], [-7.360478526290409, 40.13624785543334], [-7.360545943898364, 40.13588897735332], [-7.360970652330817, 40.13567422335018], [-7.361114978149072, 40.13555954421481], [-7.361320367952266, 40.13546094657017], [-7.361276246591641, 40.135139240987186], [-7.36125984962683, 40.13487661301349], [-7.361197843175313, 40.13471517512729], [-7.360857062461769, 40.134636361425905], [-7.360512389622956, 40.134538155478346], [-7.360330540178411, 40.13446372903179], [-7.359878693515912, 40.134349585159526], [-7.35913065181214, 40.134125671928274], [-7.358936598639541, 40.134000189522155], [-7.358865345556096, 40.13375439561246], [-7.358908698079667, 40.13342822430021], [-7.359017763256399, 40.133380771211456], [-7.360432778644428, 40.12938099901056], [-7.360862150009885, 40.12902029212053], [-7.361084547475832, 40.12893144441383], [-7.361482390221016, 40.128827101889264], [-7.36186367966841, 40.1286714926741], [-7.362228359951167, 40.128584665552616], [-7.362679029005902, 40.12854010650424], [-7.36326303528841, 40.128448611958305], [-7.36388107562933, 40.12842848322318], [-7.364497473285148, 40.128315221495235], [-7.364786471602934, 40.128249050437674], [-7.365623477725596, 40.12798495253151], [-7.366485916443879, 40.12777450992562], [-7.366814423370649, 40.12767959915189], [-7.367664870240757, 40.12759686066743], [-7.367787675626355, 40.12752589468714], [-7.367908442592636, 40.12735441148063], [-7.368389708797038, 40.12762550139823], [-7.36858630611374, 40.1276493114066], [-7.369412176762503, 40.12756108977689], [-7.370300107224845, 40.127419951836615], [-7.370592433527371, 40.12738080216172], [-7.370932796594426, 40.12730540860641], [-7.371747030059513, 40.12720772850984], [-7.371788429863703, 40.12720943891952], [-7.375249274121336, 40.127017023172115], [-7.375834757112688, 40.126852797436094], [-7.376135085673306, 40.1267475875194], [-7.376487799008349, 40.12667919104528], [-7.37676767885814, 40.126566191790545], [-7.377041996281457, 40.12642613523567], [-7.377275722251962, 40.12627455667107], [-7.377518266946901, 40.126089625197416], [-7.378035902304001, 40.125832366146], [-7.37874959303495, 40.125381312177055], [-7.379220157704924, 40.125220912687574], [-7.379492987063247, 40.12508696457066], [-7.380502110251496, 40.124503092192306], [-7.380731063741968, 40.12434724279014], [-7.380938726018964, 40.12416433339128], [-7.381509985279618, 40.12362597429092], [-7.381742220063283, 40.12344843999223], [-7.382108317210405, 40.12335543433491], [-7.382321685083632, 40.123186785085416], [-7.382387183677319, 40.12309805513875], [-7.382494802560183, 40.122645034946046], [-7.382642900029118, 40.12218003344079], [-7.382835209042376, 40.122123640065226], [-7.383117263876696, 40.1220128881547], [-7.383394717802071, 40.121883465404714], [-7.383567258053393, 40.121896108862394], [-7.394579976893033, 40.11929537340618], [-7.395082766467464, 40.11937007990198], [-7.395776267576714, 40.11938232245588], [-7.396257720351867, 40.11946696829534], [-7.396832527911958, 40.11960858341646], [-7.397112717886295, 40.11970122926434], [-7.397336632364971, 40.11973587745743], [-7.397676223185106, 40.11975910550564], [-7.398009169554352, 40.11975644259358], [-7.398485065092018, 40.11981339674074], [-7.398793517915704, 40.1198631705717], [-7.39916638616776, 40.11990073998278], [-7.399482579666182, 40.11991822810616], [-7.399675518630287, 40.119976006203494], [-7.399933487627483, 40.1200842621043], [-7.400208185266322, 40.12017551211549], [-7.400511694872574, 40.12024947682287], [-7.401123042253956, 40.120364824502246], [-7.401994875434584, 40.1205951905777], [-7.402619154771238, 40.120697825448865], [-7.403371392663186, 40.12080332835644], [-7.403541714256043, 40.12081511844682], [-7.404049478063906, 40.12074428137139], [-7.40426028605947, 40.120744160118996], [-7.404941763650025, 40.12077464415605], [-7.405230338176823, 40.1207750145742], [-7.405969657429345, 40.12081539782269], [-7.406287704499507, 40.12082441438225], [-7.406616777803916, 40.12087771903927], [-7.406736019606154, 40.120939250417685], [-7.406920482487631, 40.121121963190966], [-7.407131251860487, 40.12129124258943], [-7.407483433041341, 40.12141168982702], [-7.408122114831805, 40.1215403168436], [-7.408275963895751, 40.12159000079215], [-7.409150178318879, 40.121765756789515], [-7.4094453714806, 40.121818206704724], [-7.409925131287209, 40.12187721207979], [-7.410218577820162, 40.12189452886575], [-7.410554634042451, 40.12188761835496], [-7.411383582936816, 40.12191781013859], [-7.412607919187885, 40.12192199161051], [-7.413696701363669, 40.1219757502257], [-7.414643106251337, 40.12208265524042], [-7.414990494649191, 40.12213523921355], [-7.415457023969382, 40.122181980795126], [-7.416186608326377, 40.12219071972645], [-7.416897348809278, 40.122184386851885], [-7.417719421533735, 40.122110385405556], [-7.41894633879975, 40.121912244454634], [-7.419752785664622, 40.121704935092886], [-7.420066184166761, 40.121642737760574], [-7.420308875864329, 40.121622255575645], [-7.420500471161, 40.12156381206586], [-7.420527541012164, 40.121397371465406], [-7.420965805297378, 40.12139780497906], [-7.421304850667291, 40.12138493775294], [-7.421633484946441, 40.12133489680265], [-7.422260050378055, 40.12120950261532], [-7.422580162351963, 40.121167060769665], [-7.423192726579324, 40.12118089226012], [-7.423939834084773, 40.12125246349824], [-7.42425212419149, 40.12129687958745], [-7.424891052457487, 40.12130275635934], [-7.425210908815606, 40.1212621131581], [-7.425499368879473, 40.12119443338194], [-7.426093361967735, 40.12100775675345], [-7.426372316476766, 40.12094056072011], [-7.427002705316524, 40.12085262597685], [-7.42760328796798, 40.12078792515117], [-7.427922720357662, 40.12074285357143], [-7.42820835920535, 40.12067560374702], [-7.428507822819232, 40.12056376899301], [-7.429054881279193, 40.12033122353292], [-7.429625809710421, 40.12019563383863], [-7.429926237423714, 40.120161160091065], [-7.4302569977181, 40.120165955237816], [-7.430850602293554, 40.12023177797209], [-7.431342874476401, 40.12030760703809], [-7.431701751024598, 40.12030464323964], [-7.431960056327616, 40.12019065901479], [-7.432842369487907, 40.119751546451475], [-7.433363026142549, 40.119528996673516], [-7.433896317209057, 40.11926347442749], [-7.4341586744414, 40.11915446116497], [-7.434506682117721, 40.11906622906506], [-7.434806880168281, 40.11901931130334], [-7.43501277429166, 40.11895948987779], [-7.435269677570746, 40.1187524615316], [-7.435300074698234, 40.118646823570934], [-7.435389250365819, 40.118621512113904], [-7.435910499722477, 40.118569436949336], [-7.436229083948665, 40.11855982143888], [-7.436552493123943, 40.118525466946224], [-7.436593045507641, 40.118125766018785], [-7.437144989890244, 40.11801929322107], [-7.437514439054338, 40.11792108977584], [-7.437776470492308, 40.11779657705799], [-7.438028125047579, 40.11761967987675], [-7.438327309030345, 40.11731355790756], [-7.438541425486605, 40.11714796464459], [-7.439172484039042, 40.11687309319303], [-7.439759590535699, 40.11652483442208], [-7.440247415707356, 40.11620353319853], [-7.440470320047601, 40.11602699718347], [-7.440944136543775, 40.11569858999735], [-7.441190751419178, 40.115542725938404], [-7.441803449959947, 40.11528295390554], [-7.442199032271532, 40.115243609913726], [-7.442695636051381, 40.115096345653456], [-7.443095573274593, 40.11492725393183], [-7.443354097328602, 40.11484611695523], [-7.443469197338379, 40.11478484084239], [-7.443817563458833, 40.114541765778604], [-7.444033074488205, 40.114468480191185], [-7.444420563838745, 40.11427661400497], [-7.44511301207453, 40.11406259286216], [-7.445547786105446, 40.113962144465674], [-7.446487102759455, 40.11370571889543], [-7.446913931404167, 40.11357820051619], [-7.447543122614801, 40.113472133791085], [-7.447730530811621, 40.11346315546004], [-7.448408102208425, 40.11312798704399], [-7.449179890918689, 40.11303626500645], [-7.450241012479568, 40.11298316204622], [-7.450715178761804, 40.112942359170255], [-7.454146626790061, 40.11291122596148], [-7.454616885523703, 40.112908663833835], [-7.454828211273869, 40.112818127776734], [-7.455071792041363, 40.11279901785386], [-7.455399151071752, 40.11284730802333], [-7.455652806239065, 40.112781871764774], [-7.455940224472421, 40.11265909176853], [-7.455984533989069, 40.11266159870756], [-7.45582310938551, 40.112474956461384], [-7.455775601125463, 40.11233283546139], [-7.455632494041597, 40.11207308377136], [-7.455533487452508, 40.11193174482562], [-7.45504759139355, 40.111452228805526], [-7.454809671726919, 40.11119678864923], [-7.454639753500966, 40.11095596671457], [-7.454564334977708, 40.11076667349922], [-7.454303716851113, 40.110435085748904], [-7.453783818283037, 40.10970788601436], [-7.453578632032886, 40.10948829420516], [-7.453352953582844, 40.10914646058827], [-7.453203204232976, 40.10877769427499], [-7.45302343263744, 40.10847890848819], [-7.452914055311302, 40.10816648570809], [-7.452721520871058, 40.107819444594945], [-7.452562567624505, 40.10768036348376], [-7.452447355687625, 40.1075426199319], [-7.452190396125753, 40.10712819431279], [-7.452100586775822, 40.10673627068519], [-7.451965850896202, 40.106296986284704], [-7.451905710138472, 40.105752408196295], [-7.451754582445207, 40.105051315786916], [-7.451668646426541, 40.10458871976481], [-7.451594757773541, 40.10435269358995], [-7.451374195354712, 40.10388930777155], [-7.451282214934193, 40.10365687001655], [-7.451230106889125, 40.103424664222594], [-7.451141727002745, 40.10319620744388], [-7.451023058307421, 40.1029821600272], [-7.450858999045112, 40.10276901499413], [-7.450754634968052, 40.10268482968692], [-7.450588651638715, 40.10260640432806], [-7.450457399535563, 40.10259662579469], [-7.450250983320404, 40.10249103391246], [-7.449972160820703, 40.1023788023406], [-7.449720663827744, 40.1020316810746], [-7.449665332178435, 40.101993708007896], [-7.449553551396842, 40.101807257846104], [-7.449476091559201, 40.101566166736575], [-7.449363772826898, 40.1013988976387], [-7.449216502984627, 40.10130211771836], [-7.448919705515149, 40.101228592130994], [-7.448673638888585, 40.101113399738146], [-7.448462934601541, 40.10094527726122], [-7.448258570188901, 40.10075269935518], [-7.448097387792671, 40.10052327204131], [-7.44792642249927, 40.100216423871316], [-7.44791791824391, 40.10003481397732], [-7.447847522845764, 40.09980303782451], [-7.447702981949588, 40.09959847200073], [-7.447511045763188, 40.099406776824], [-7.447259638755345, 40.099251919194344], [-7.446971267431901, 40.099123323099164], [-7.446731489665969, 40.09898988177468], [-7.446502280434435, 40.09882083640451], [-7.446135102234094, 40.09866890047497], [-7.445900124721117, 40.09870011075911], [-7.445581374398085, 40.098689305984266], [-7.445338285129662, 40.09855917251359], [-7.445115896647714, 40.09838872575175], [-7.444937366213026, 40.09819431228257], [-7.444614365469156, 40.09776633283752], [-7.444413600054985, 40.09759123739589], [-7.44416344980141, 40.097126494385755], [-7.443986116463421, 40.09691920895635], [-7.443896258336847, 40.09673540441983], [-7.443882587944675, 40.09655574651613], [-7.443813423932562, 40.09642537838342], [-7.443603269406216, 40.096239783253665], [-7.443484363725486, 40.09607607152241], [-7.443481151368152, 40.09584784285884], [-7.443429164641268, 40.09567696087801], [-7.443279056054007, 40.09547965290189], [-7.443075809013014, 40.09527284121892], [-7.442847154329622, 40.09508515227467], [-7.442609256959577, 40.09493063608697], [-7.442565105840639, 40.0948551741959], [-7.442531851305927, 40.09450149915679], [-7.442563861387556, 40.094257717309596], [-7.442579183423236, 40.09376077625673], [-7.442538428886454, 40.09348810360172], [-7.442588990195183, 40.093253173469115], [-7.442586132193029, 40.09315319229021], [-7.442526839088259, 40.09304395787592], [-7.442435339963573, 40.09298937577697], [-7.44196034316708, 40.09287037667392], [-7.441650650816125, 40.092812784293095], [-7.441332001944449, 40.092724791175364], [-7.441021967210474, 40.092608391678375], [-7.440722464961872, 40.09252888590832], [-7.440391548569912, 40.092483322215365], [-7.440060259030369, 40.09241632570811], [-7.439774326509625, 40.092316995548835], [-7.439207981294548, 40.09208332946684], [-7.438947644105919, 40.091934887195805], [-7.438446517476471, 40.091607143091835], [-7.438165341399266, 40.09145542020206], [-7.437863637903577, 40.091362477685955], [-7.43748205199731, 40.091307236271675], [-7.434026420469467, 40.089999278469584], [-7.430798616248121, 40.08945863568741], [-7.430511615051088, 40.089317849759624], [-7.430378930717731, 40.089290027046516], [-7.428002527155336, 40.08951734205548], [-7.422516661171628, 40.09103886014317], [-7.419793910691914, 40.091727151024955], [-7.419304844834418, 40.091938663195585], [-7.418994522757215, 40.09202312185402], [-7.41867947824498, 40.09208701882118], [-7.418368139448168, 40.092111039705216], [-7.418065478989884, 40.09211196987488], [-7.417748714291632, 40.0920939852429], [-7.41744899137467, 40.09203837197557], [-7.416053834677423, 40.09157893719546], [-7.415433709918401, 40.091360855379484], [-7.415274363332073, 40.09134897080171], [-7.414990229249022, 40.09141755316225], [-7.414826148175472, 40.09147678549541], [-7.414607099294668, 40.09148893764661], [-7.413969087723769, 40.0913892569396], [-7.413781067850962, 40.09132703463769], [-7.413459263408145, 40.09116410330879], [-7.413217347023365, 40.09088648621684], [-7.413089939743302, 40.0906692871095], [-7.412914833656317, 40.09047259050241], [-7.41285392066197, 40.090343880783166], [-7.412828979594674, 40.0900955275194], [-7.41283450909147, 40.08984816794746], [-7.412865234395568, 40.089490915192684], [-7.412783978826801, 40.08928975855296], [-7.412568746227056, 40.089129111178], [-7.412082940577221, 40.08883007386043], [-7.411845704506997, 40.088666224350625], [-7.411648488504327, 40.088487490945234], [-7.410312144386125, 40.08738749253046], [-7.410047996765416, 40.08722959633226], [-7.409766443497776, 40.087155521689546], [-7.409446815979521, 40.087100126380385], [-7.408829934768355, 40.0869690313371], [-7.408221782969174, 40.08686590154778], [-7.407320414083872, 40.086695011850146], [-7.407025470997338, 40.08662283516451], [-7.406133599076237, 40.08644110128439], [-7.4055114343897, 40.086300941380124], [-7.404605082216719, 40.08613657720697], [-7.403882102044413, 40.085972727373246], [-7.403365588510986, 40.08588788796918], [-7.403049677015652, 40.085825381940346], [-7.402451356674492, 40.08568256855435], [-7.401572884379268, 40.085499806098646], [-7.401259027782647, 40.08545441855073], [-7.400950408375234, 40.085390604683866], [-7.400649705418202, 40.085309906187035], [-7.40030679600243, 40.085240469313014], [-7.399999363965407, 40.08520845048897], [-7.399056435647998, 40.085199338598734], [-7.398110930028817, 40.085179040719396], [-7.396863414674591, 40.08516780770313], [-7.395905644777812, 40.08513219113576], [-7.394588814968292, 40.08513427155249], [-7.39433718950256, 40.0851239339608], [-7.393817364468993, 40.08497797244073], [-7.393448156313326, 40.08504280426498], [-7.393098029344563, 40.085055797060505], [-7.392789515531938, 40.085124253944294], [-7.392627108482996, 40.08513726962975], [-7.392290246817828, 40.08511647525513], [-7.391835232420093, 40.08521128595403], [-7.39171881103367, 40.08520009578775], [-7.391634630001556, 40.085091492942006], [-7.391555699905745, 40.084865837473664], [-7.39148626489112, 40.08454316864545], [-7.38352216791762, 40.08516386736111], [-7.383443180849191, 40.08524630173952], [-7.383300970296087, 40.08528816397327], [-7.382831374366131, 40.0853431296104], [-7.382633065443492, 40.0854113707684], [-7.382162566584436, 40.08542012560659], [-7.381906833033002, 40.0855496865604], [-7.381672670597355, 40.08569028766014], [-7.381512089859198, 40.085760390896944], [-7.381183184336951, 40.08584805085649], [-7.38061519469171, 40.08586184474958], [-7.3801045419454, 40.086014428850575], [-7.379728632996941, 40.08624956461369], [-7.379546305291455, 40.086228927614904], [-7.379423677992406, 40.08625911109589], [-7.379189420175998, 40.08650353947931], [-7.379093942333006, 40.086656293489284], [-7.378693308402167, 40.08702824326925], [-7.378560348448372, 40.08720866747147], [-7.378433040447372, 40.08745099635825], [-7.378433477065286, 40.087709378359335], [-7.378023588434297, 40.08763241544346], [-7.37774727438407, 40.0875430852962], [-7.377466180521542, 40.08747253759181], [-7.377176723225174, 40.087373302081836], [-7.376931922282545, 40.08721239209657], [-7.376828117551482, 40.08712004036278], [-7.37666331107735, 40.087051688141955], [-7.376341352955968, 40.086976106706025], [-7.375863633583855, 40.086969027474716], [-7.375740696546129, 40.08692130915114], [-7.375445431862778, 40.086711885250395], [-7.375384455329663, 40.08669095557744], [-7.375039112114208, 40.08667384073548], [-7.374767032008855, 40.08659461513046], [-7.374535064387991, 40.08642874167803], [-7.374342667728843, 40.08623782301756], [-7.374045408178278, 40.08584889612515], [-7.373819699943954, 40.08541540784377], [-7.373667168170217, 40.08522393881196], [-7.373572004638842, 40.0851464960827], [-7.373316661744961, 40.08508115048504], [-7.373098055856773, 40.08506459182969], [-7.372516310599819, 40.085093383025445], [-7.37236903906541, 40.08505162086535], [-7.371888883391283, 40.0850014663375], [-7.37141424690538, 40.0848868600594], [-7.371143601689741, 40.08477449266489], [-7.370877742532914, 40.08463234830764], [-7.370408749904464, 40.084464371692235], [-7.37014195438186, 40.08434301777397], [-7.370048863713008, 40.08427990973654], [-7.369855360362348, 40.08405231947702], [-7.36956405315345, 40.083921347388056], [-7.369243890672631, 40.08388718085385], [-7.368678401029627, 40.08369937732767], [-7.368114192781395, 40.0835330199228], [-7.367824485621562, 40.08342781008815], [-7.36754863761535, 40.083383216377996], [-7.36724434085853, 40.08330321713462], [-7.366943029313404, 40.083124536347626], [-7.366570899789116, 40.08300860419298], [-7.366202187677228, 40.08299635622744], [-7.365874550065146, 40.08300175609136], [-7.365044189751888, 40.08281650843609], [-7.364802430164861, 40.08268117342093], [-7.364836630943026, 40.08299777766982], [-7.364846627976629, 40.08331917372849], [-7.364405722019017, 40.08327293644873], [-7.3640660254514, 40.08327635812069], [-7.363451658478199, 40.08337099346057], [-7.363282443727165, 40.083425887688605], [-7.363098109504703, 40.083563444742026], [-7.362916772067369, 40.08362249063271], [-7.362660401299601, 40.083618540565], [-7.362533734100278, 40.083570148509324], [-7.36233759885652, 40.08357947509175], [-7.362011857747829, 40.08368628428292], [-7.361577466215525, 40.083696905203034], [-7.361615777856733, 40.08375119323498], [-7.361610385058962, 40.08397009320428], [-7.361467938099086, 40.08409405568249], [-7.361052296243391, 40.0843336401105], [-7.360876359116189, 40.08453762682982], [-7.360607948930014, 40.08467542987019], [-7.360364776487324, 40.084831684476846], [-7.359910237910523, 40.08517205533806], [-7.359698681779513, 40.085289970601174], [-7.3595992480408, 40.0853008378406], [-7.358969047141964, 40.0853003310707], [-7.358651904322249, 40.085216263524615], [-7.358495781133465, 40.08522224692174], [-7.358090493065339, 40.085353545904546], [-7.357469435568516, 40.08558076008194], [-7.356924308550113, 40.08577047203551], [-7.356772589208454, 40.085801519078416], [-7.356481001043141, 40.086028232915794], [-7.356244012956791, 40.08617523965642], [-7.355967714629458, 40.08628398259229], [-7.355653120824476, 40.08632609600228], [-7.355040814581161, 40.086339195915905], [-7.354796471118983, 40.08639042363665], [-7.354656347942008, 40.08647395846997], [-7.353984747770183, 40.08659689036461], [-7.353352328575321, 40.08663542016734], [-7.353035769028509, 40.086695796140624], [-7.352718014646119, 40.0867373381235], [-7.352083269527814, 40.0868774347873], [-7.351750795638451, 40.086914013466796], [-7.35145224545092, 40.08700935498412], [-7.35132278666967, 40.08708224428404], [-7.351103859638118, 40.087258636072086], [-7.350823560396407, 40.08741885171726], [-7.350623008374576, 40.08749485883645], [-7.35025573370261, 40.08753993385464], [-7.349891081860791, 40.08770354420787], [-7.349667978379631, 40.087865316323274], [-7.349458505519123, 40.08804509928971], [-7.349294752288827, 40.08823510046173], [-7.349038758806614, 40.088668443695866], [-7.348901944043809, 40.08887105118863], [-7.348787802034439, 40.089081016765796], [-7.348373082862773, 40.08995007036076], [-7.348278291321948, 40.09016926515528], [-7.347965486236049, 40.090820614239526], [-7.347843732362832, 40.09102917361464], [-7.347653800176063, 40.09123088175716], [-7.347441096937334, 40.09140469692274], [-7.347300188926372, 40.091452733220684], [-7.346806314152253, 40.091481813736564], [-7.346452763061446, 40.09159532551138], [-7.345997253047575, 40.09169382219804], [-7.345406374036665, 40.091939457332096], [-7.345101937682233, 40.09205446612169], [-7.344253521694356, 40.09241461646306], [-7.344025221721278, 40.09257678879968], [-7.343835278192147, 40.09274858819305], [-7.343490840660854, 40.093128456718325], [-7.343031982594078, 40.093739621443106], [-7.34276072466872, 40.094158802295674], [-7.342347459846115, 40.09452720772761], [-7.34210000589264, 40.09470194283443], [-7.341827710164674, 40.09482445898417], [-7.341534618605748, 40.09492017579911], [-7.341088699967172, 40.095007732288046], [-7.340782812411198, 40.095003395980754], [-7.340681596517288, 40.0949742476145], [-7.340337465115536, 40.094819068896726], [-7.340139902469913, 40.09475557940838], [-7.339917130793956, 40.09479368274968], [-7.339790651384526, 40.09485982045887], [-7.33958161488287, 40.095028421783624], [-7.339379330738718, 40.0952209373357], [-7.339119380861614, 40.09551185017617], [-7.338744398336519, 40.09565049340952], [-7.338143597143858, 40.09575562472437], [-7.33754581576663, 40.09589391176541], [-7.337236779718792, 40.0959373621803], [-7.33676815369908, 40.09593000749624], [-7.336664884425007, 40.09589606567903], [-7.336145675081241, 40.09563043439262], [-7.335854376161663, 40.09554072035354], [-7.335416632742336, 40.09536876030878], [-7.335170335758658, 40.0953417653507], [-7.334829841577176, 40.095338070992526], [-7.334553166441983, 40.09526168863952], [-7.334240471803176, 40.095116887947526], [-7.334098048524071, 40.095071954968454], [-7.333782200532902, 40.09520694458425], [-7.333674967771013, 40.09521169721815], [-7.3334762758514, 40.095095146541496], [-7.333363934530598, 40.09492425218384], [-7.333193801415156, 40.094802398301596], [-7.33298775442207, 40.094713173024246], [-7.332631314715765, 40.094639391623836], [-7.332123155190317, 40.094593649993904], [-7.331321311043397, 40.09447329140931], [-7.33103776235001, 40.09434326798521], [-7.330973641816541, 40.09428149467821], [-7.330917799206811, 40.09413332202835], [-7.330853678966241, 40.09407154955625], [-7.330575072172787, 40.09399082149926], [-7.33046111637594, 40.09388844893387], [-7.330361512965397, 40.09363226579042], [-7.330210776236404, 40.09333682262777], [-7.330099750660867, 40.09320546920959], [-7.329793401898097, 40.092930654394635], [-7.329734869960585, 40.09279200875501], [-7.329682399759879, 40.0923667499754], [-7.329606678470976, 40.09222438717025], [-7.329346894906966, 40.09200950692762], [-7.328992334364077, 40.09177659308639], [-7.328462591456887, 40.091764185758066], [-7.32820555640473, 40.091714495704935], [-7.327807467169941, 40.09160429367861], [-7.32763347448775, 40.09150312285705], [-7.327652955075402, 40.09134205446463], [-7.327749080655768, 40.09124473593431], [-7.327808157304754, 40.09110699612103], [-7.327767550165317, 40.09095055413292], [-7.327588727469441, 40.09085133185522], [-7.327018503635217, 40.090482635747065], [-7.326790961110246, 40.09026869819255], [-7.326573905832903, 40.090031054921425], [-7.326420309643157, 40.08991093086852], [-7.326214217131805, 40.08979746823395], [-7.325975768555902, 40.0896942266233], [-7.325631675851326, 40.08963977788276], [-7.325052195012551, 40.089620528510004], [-7.324866874697592, 40.08945605214938], [-7.32480904762597, 40.08926931556103], [-7.324637177453561, 40.089147894454705], [-7.324591879638369, 40.088942155383144], [-7.324450531376963, 40.0888778580569], [-7.324257973759194, 40.088890024248784], [-7.32410979506293, 40.08893681528367], [-7.324001245580621, 40.08903403953996], [-7.32379527839357, 40.089347541622125], [-7.323733773546468, 40.08947175088526], [-7.32355003520786, 40.08961060233023], [-7.323165140084889, 40.089714906247664], [-7.322157489534919, 40.0900188450516], [-7.321936005573519, 40.09009691087504], [-7.321606538936132, 40.09028292104327], [-7.321380568932509, 40.090373378909895], [-7.320938015377406, 40.09039532030765], [-7.320191250082061, 40.09039207570068], [-7.319719297460185, 40.09030240400978], [-7.319503294891615, 40.090185704210256], [-7.319454949912464, 40.09007000262365], [-7.319459783751324, 40.08987055675431], [-7.319493278535176, 40.08976524286002], [-7.319473444003414, 40.08955958974765], [-7.319390592741029, 40.089378083664315], [-7.319128296761164, 40.0889729636017], [-7.319072915240834, 40.08878849464341], [-7.318960718812933, 40.08855076167689], [-7.318937046971191, 40.08844108530209], [-7.319014957928752, 40.0882094624972], [-7.319314509923823, 40.08778747667262], [-7.319368243852409, 40.08764682530119], [-7.31936839608366, 40.087416632724164], [-7.319173816100358, 40.08717517356333], [-7.318908082447192, 40.08700112117981], [-7.318768984449434, 40.08670853301659], [-7.318589590990451, 40.08645205059889], [-7.318287287057649, 40.08605060793997], [-7.318136584808293, 40.08580756711002], [-7.317861443037503, 40.08541018875501], [-7.317693818536783, 40.085209531614886], [-7.317421074337025, 40.0849461769887], [-7.317226318598327, 40.08472020162007], [-7.317021168294847, 40.08453071397643], [-7.316716620280299, 40.084319188662434], [-7.316098131878233, 40.08410382941076], [-7.315750804734651, 40.08392099884567], [-7.315376580681211, 40.08387018321748], [-7.315122855363786, 40.083791847848346], [-7.314944056191778, 40.08364478301872], [-7.314668663196215, 40.083349070163], [-7.314414463020871, 40.08322290760458], [-7.314170918788047, 40.08312689776362], [-7.313732598538684, 40.08308336964854]]], "type": "Polygon"}, "properties": {"geo_point_2d": {"lon": -7.354682044154781, "lat": 40.118140986613184}, "year": "2024", "dis_code": "05", "dis_name": "Castelo Branco", "con_code": "0504", "con_name": "Fundão", "fre_code": "050436", "fre_name": "Vale de Prazeres e Mata da Rainha", "fre_name_upper": "VALE DE PRAZERES E MATA DA RAINHA", "fre_name_lower": "vale de prazeres e mata da rainha", "fre_area_code": "PRT", "fre_type": "parish", "fre_name_long": "União das freguesias de Vale de Prazeres e Mata da Rainha"}}, {"type": "Feature", "geometry": {"coordinates": [[[-7.551266790770503, 40.19108958258729], [-7.551336485481468, 40.191096414343534], [-7.552090718548727, 40.1912504958895], [-7.552578964932906, 40.19136514886309], [-7.55345392372016, 40.19160285965148], [-7.554261936214204, 40.19177322398865], [-7.554713865000201, 40.191836537795886], [-7.555632094370551, 40.19188865820077], [-7.556538564589244, 40.19188721366972], [-7.557088800110334, 40.1918520292905], [-7.557533073435317, 40.191779034103504], [-7.55855476535478, 40.19155138626504], [-7.559071908398856, 40.191386793731105], [-7.559770753785521, 40.191133313542736], [-7.560170191027805, 40.190945081764646], [-7.561248068587377, 40.19058197033976], [-7.562014205439412, 40.190340064405994], [-7.563407538853752, 40.189885631270265], [-7.563971563783835, 40.18965847773202], [-7.56442498928465, 40.18941448033659], [-7.565297317119636, 40.18898143102381], [-7.566608458781974, 40.18840696306994], [-7.567001727623583, 40.188292073997644], [-7.567262447088734, 40.18817428973725], [-7.567920154755841, 40.18776205456379], [-7.568542583072022, 40.18731290337267], [-7.56892444678542, 40.187113480095036], [-7.569842580234723, 40.18678643350865], [-7.571139465108504, 40.18637925576085], [-7.571676233132241, 40.186189400000224], [-7.57217392113473, 40.186211797352414], [-7.572378334316618, 40.1862569126006], [-7.572658621468115, 40.18628582318752], [-7.573252466964647, 40.18648150245276], [-7.573973103798211, 40.186795943164235], [-7.574698023668962, 40.18698855200053], [-7.574951733543918, 40.187066589857395], [-7.57524622554913, 40.187225331344344], [-7.575776977680606, 40.187585861511984], [-7.576375037299698, 40.187915188917124], [-7.57672837801578, 40.18802945062048], [-7.577631907901225, 40.18806619873436], [-7.578008202579331, 40.18804404272796], [-7.578652908397032, 40.18806792671877], [-7.579146188448344, 40.18824426827022], [-7.579511994562959, 40.1882704194181], [-7.579998892560667, 40.18827922100482], [-7.580513040106667, 40.188112000996554], [-7.580641875741542, 40.18803687142048], [-7.580853991702013, 40.187856957155205], [-7.581244064282336, 40.18749515713318], [-7.581750888513738, 40.18693983698346], [-7.581977232254398, 40.18675629417913], [-7.582414058355355, 40.18630393384157], [-7.582447158229261, 40.18602824516536], [-7.582429381977022, 40.185655590866325], [-7.582330524168343, 40.18536189587116], [-7.582025927851987, 40.18479524525125], [-7.581524973321599, 40.18413130852404], [-7.581223792576934, 40.183550083407376], [-7.580673386861759, 40.18288977785275], [-7.580446571872291, 40.18249415564547], [-7.580307144995788, 40.182311933976095], [-7.580166322334291, 40.181982827358134], [-7.580009720933591, 40.181717852339936], [-7.579815352491929, 40.18134714721042], [-7.579832766604304, 40.18076185498508], [-7.579977516323175, 40.1802857780472], [-7.580073626619806, 40.18010332844467], [-7.580362985607015, 40.17973375495757], [-7.580736363570185, 40.17936936101603], [-7.581096736649013, 40.179131155026354], [-7.581400803049886, 40.17898905118309], [-7.581278506770986, 40.17876530429089], [-7.581169013551391, 40.17851172158084], [-7.581078743701644, 40.1780154326965], [-7.581103882690597, 40.177635331846105], [-7.581181994084091, 40.17750061377764], [-7.58161871716577, 40.17696603619951], [-7.581725984620946, 40.17676751417093], [-7.581765518597124, 40.17642188310076], [-7.581734832740033, 40.17626746940312], [-7.581584572571749, 40.17595893633525], [-7.581546961550571, 40.17573216897711], [-7.581380665805946, 40.17553469417083], [-7.581203004387755, 40.1754068684545], [-7.580724360062347, 40.17530382107549], [-7.580599602248538, 40.17525567576418], [-7.580189135860439, 40.174837208941014], [-7.579981581952786, 40.17453092084322], [-7.579847795218583, 40.17437943892175], [-7.578705729475768, 40.17343568261752], [-7.578587498687845, 40.17329183682804], [-7.578458097860479, 40.173208542320566], [-7.578069849407856, 40.17302116826334], [-7.577927933197513, 40.17298951128709], [-7.577599101947289, 40.173032425646205], [-7.577391787383485, 40.17300243820129], [-7.577136822453451, 40.17291233082482], [-7.576808099730074, 40.17286933028264], [-7.576473674980767, 40.1729214951053], [-7.576270145415197, 40.172930965901784], [-7.575989460650906, 40.17291413003299], [-7.575716870525521, 40.17286977183006], [-7.575442617810238, 40.17279866118453], [-7.575194805400852, 40.17271047611605], [-7.574558053395131, 40.17253549498192], [-7.574238387590635, 40.17246191452779], [-7.574034597142899, 40.17243220375819], [-7.573764312148845, 40.172421627658245], [-7.573617380563874, 40.17244370253574], [-7.573156447589236, 40.172604219038156], [-7.572868970671245, 40.172600849740974], [-7.572515517757608, 40.17251070587456], [-7.572515663666554, 40.17242091908953], [-7.572430354288828, 40.17211548482199], [-7.572321110402, 40.17192331379547], [-7.572212214043036, 40.17178797040641], [-7.571933881858571, 40.171386140183394], [-7.571768806248255, 40.17120225445751], [-7.571441315190055, 40.170953013196495], [-7.571253216540971, 40.17088563550597], [-7.571048361294106, 40.1708855462937], [-7.570857894114399, 40.170963426368665], [-7.570626599948792, 40.171008955974074], [-7.570096453015569, 40.17096424168533], [-7.569467573312077, 40.17066400024604], [-7.569069080987704, 40.17042845844486], [-7.56893928349261, 40.170266535611], [-7.568769189468966, 40.17037945065906], [-7.568628998701449, 40.17058112709835], [-7.56861334606537, 40.1706851603101], [-7.568618680448695, 40.17111962621477], [-7.568583113815845, 40.17126075290869], [-7.56848479164369, 40.17138239468998], [-7.568343362707792, 40.17146356903789], [-7.568036776252978, 40.171527996895456], [-7.56734757152573, 40.17149591864364], [-7.567133933445217, 40.17150667306759], [-7.56700928903172, 40.17154578131954], [-7.566828465144445, 40.171719614265555], [-7.566766227066249, 40.17187745267685], [-7.566802148871796, 40.172161036368784], [-7.5669770714679, 40.172643160241996], [-7.567077318559144, 40.172985327112634], [-7.567046479382454, 40.17323562734646], [-7.566890570260592, 40.17344848742938], [-7.566614693539079, 40.17353215497201], [-7.566018721623326, 40.17355176102671], [-7.565780649044088, 40.17350755210744], [-7.565554475696996, 40.173330832165185], [-7.56536513716244, 40.17334143675278], [-7.565050030424886, 40.17341302135982], [-7.564727409934675, 40.17365298127441], [-7.564431661511787, 40.1738389443936], [-7.563849359614736, 40.17397873998252], [-7.56358833732744, 40.17398367572692], [-7.563339341457007, 40.17392616765375], [-7.56313014333206, 40.17392487407989], [-7.563050910102493, 40.17396554976871], [-7.562996339804299, 40.174075063301366], [-7.562996472747145, 40.174312546461536], [-7.563058873591092, 40.17461544401573], [-7.563130322076643, 40.17483274582865], [-7.563134754869696, 40.175046924974865], [-7.563076885878696, 40.17517272197219], [-7.562955910802258, 40.17530496257063], [-7.562701198478014, 40.17545320864449], [-7.561758218431264, 40.1756770544416], [-7.561171603196208, 40.17578340529145], [-7.560865786571838, 40.175808555063156], [-7.560542912857121, 40.17580984783524], [-7.560250649851214, 40.1758992756079], [-7.560030764106613, 40.17606560882741], [-7.559960782734055, 40.176151084534624], [-7.559821847826123, 40.17617012216451], [-7.559381820779962, 40.17632330322848], [-7.558803702575159, 40.17650650312982], [-7.558476928525814, 40.17662196041896], [-7.557939225378179, 40.176690536532114], [-7.557652536549578, 40.176772060265044], [-7.557386291551489, 40.17689339982929], [-7.557064721468241, 40.177101459086494], [-7.556928860482891, 40.17716040352474], [-7.556623296439702, 40.17723859045475], [-7.556370884247529, 40.17739016522397], [-7.556175885543828, 40.1775833605802], [-7.555950165201974, 40.17777136097908], [-7.555687156696714, 40.17793972053848], [-7.555436681922643, 40.17807023193362], [-7.555185823250576, 40.17848099459776], [-7.554986260654071, 40.178671643482744], [-7.5547373752811, 40.17879369758635], [-7.554308752478801, 40.17891394942727], [-7.554036618360085, 40.17910594672833], [-7.553813894246974, 40.17917463047886], [-7.553605998489133, 40.17926707518663], [-7.553479896759025, 40.17929535176958], [-7.553061718830299, 40.179290475478425], [-7.552780029608375, 40.179362284914255], [-7.55246049175776, 40.17939779132334], [-7.552167021476945, 40.179335804343985], [-7.552061360748028, 40.17926548153662], [-7.551793536716023, 40.178976858846845], [-7.551725686277361, 40.178864755651894], [-7.551558971746328, 40.17871280392499], [-7.551277431931715, 40.17864241002808], [-7.548991474788576, 40.177337527042546], [-7.548848192241777, 40.17756222119966], [-7.548406248695604, 40.17818247658172], [-7.548294526260166, 40.17839642872877], [-7.548124127326967, 40.17860684939493], [-7.547656484776505, 40.178936085993044], [-7.547429934044101, 40.17910830345805], [-7.54723281537394, 40.17928427175332], [-7.546799019132296, 40.17963619070329], [-7.546622955653104, 40.17984918760238], [-7.54641554429622, 40.18003437834694], [-7.545911983097669, 40.18034676855573], [-7.545684970960106, 40.180502948013796], [-7.545261512292035, 40.18085257203042], [-7.545080078062806, 40.18104671795443], [-7.544750041444056, 40.181468047080024], [-7.544647295773622, 40.18149625619444], [-7.544083805905891, 40.18177140798098], [-7.543333929205787, 40.18221455619131], [-7.542871806442407, 40.18246968597093], [-7.542575551419874, 40.18237640935955], [-7.542286010090069, 40.18226713857074], [-7.542024433988471, 40.18214170928124], [-7.541678188959576, 40.181910028345214], [-7.541099687505669, 40.18148975653765], [-7.540598593377352, 40.181188027359276], [-7.540342036304356, 40.18106739123811], [-7.53982772725429, 40.18078783816684], [-7.539023956425114, 40.180365233275985], [-7.538519889869486, 40.1800829351323], [-7.537863673910551, 40.1797601386814], [-7.537756418654015, 40.179753102079836], [-7.537116870846448, 40.17988887152007], [-7.536822641320255, 40.179942208319076], [-7.536433756267531, 40.17994471034692], [-7.536254190731484, 40.17997647774237], [-7.535700135741768, 40.18027082071604], [-7.535196039518184, 40.180517867332156], [-7.534919525934532, 40.18062613360044], [-7.534339553413393, 40.18082127372186], [-7.533705449893882, 40.18108457140637], [-7.533640556525928, 40.181133771091034], [-7.533384743805957, 40.18095656409691], [-7.532833916511018, 40.18068039586799], [-7.531991613340304, 40.1802249377211], [-7.531398635422645, 40.17993701452178], [-7.530875600749057, 40.17966692435452], [-7.5305572600108, 40.179551078486185], [-7.530259129206192, 40.17946109816998], [-7.529988036750539, 40.17932721310993], [-7.529584531409131, 40.17896425645711], [-7.529368598895641, 40.1788064308778], [-7.529181097753012, 40.17872638711101], [-7.52895512774777, 40.17873502989626], [-7.528586537243742, 40.17883298417453], [-7.528288509536128, 40.178798023173634], [-7.527783820947347, 40.17867237210384], [-7.527778734127864, 40.17898133299765], [-7.527692750425836, 40.17948917357494], [-7.527690714022918, 40.17997151085912], [-7.527735814782014, 40.18023435408129], [-7.527782800895238, 40.180736130055465], [-7.527794059671208, 40.180975919658614], [-7.527843877677435, 40.18113071838607], [-7.528003395544742, 40.18134849911521], [-7.528383161339841, 40.18170116325721], [-7.528511029931356, 40.181913193434696], [-7.528570892298145, 40.18239306377986], [-7.528654194939302, 40.18291717960061], [-7.528714581116565, 40.183165961175206], [-7.52880220636086, 40.18341434724778], [-7.528803920906999, 40.183658863522325], [-7.528778575788765, 40.183895493524965], [-7.528695398941313, 40.18412605696909], [-7.528638201907604, 40.18436666330414], [-7.528638480337237, 40.18446798120571], [-7.528702690794026, 40.184616099356745], [-7.528923849777581, 40.18480862126011], [-7.529181765736374, 40.18497458718798], [-7.529708668758933, 40.185275598580674], [-7.529954547455522, 40.185448252609206], [-7.530343977740996, 40.18580095959148], [-7.530491593271624, 40.18601201317796], [-7.530655993600325, 40.18660976403219], [-7.529973026963843, 40.186228248792766], [-7.529678417588582, 40.18613468123876], [-7.529334904709201, 40.18615396654439], [-7.52910048917481, 40.1861851710219], [-7.528861672004253, 40.186090175055206], [-7.528595183300165, 40.185950911872474], [-7.527833811018176, 40.18568659243641], [-7.52737600852884, 40.1856842052135], [-7.527172872364391, 40.18571015965006], [-7.52684465162271, 40.185819400232944], [-7.526695002138861, 40.18589147716225], [-7.526077328359844, 40.18590904891448], [-7.525887811257249, 40.18596182340027], [-7.525598432611593, 40.186191939487756], [-7.525068943213166, 40.186644229327754], [-7.524838796767717, 40.18680206583848], [-7.52407075771429, 40.186983739608614], [-7.523364330370223, 40.187102510127325], [-7.522734979067008, 40.18722942683204], [-7.522420525334907, 40.18728126666031], [-7.522074718872482, 40.18726791813346], [-7.521330353012783, 40.187164665327415], [-7.52084668562096, 40.18708556970765], [-7.520580635289857, 40.18706867683731], [-7.519998761795105, 40.18707316968476], [-7.519791438771557, 40.18704145803048], [-7.519457000743869, 40.18695188171923], [-7.518719137745516, 40.18671437342853], [-7.518060650687602, 40.186542297884344], [-7.516982388472613, 40.18629171770504], [-7.516631560407123, 40.186236180765924], [-7.515454108372188, 40.186229924571236], [-7.514915670471498, 40.18632666399182], [-7.513970848563669, 40.18661629518854], [-7.512982493468045, 40.187005296110854], [-7.511936243235922, 40.18732895050898], [-7.510610504862403, 40.187846438962325], [-7.509937054515533, 40.18813154761887], [-7.509381825487909, 40.188316338659405], [-7.509071854670609, 40.18844102607855], [-7.508637726724498, 40.18877550257292], [-7.508203967236705, 40.18905631375758], [-7.507684928345062, 40.18935214900428], [-7.506748910193122, 40.18965977832974], [-7.506294834245388, 40.189837083845006], [-7.505786026503539, 40.19015602348028], [-7.505203550048961, 40.19040161513679], [-7.504744630312257, 40.19052944545814], [-7.504030509386903, 40.190609688550325], [-7.503641990575432, 40.19060362311039], [-7.502307132303025, 40.19045480841408], [-7.50153552848363, 40.19031273867936], [-7.501093448154045, 40.19033338539146], [-7.500550705354162, 40.190318900820714], [-7.5000721193577, 40.19026261736227], [-7.499482215448327, 40.190167726289005], [-7.49861790566176, 40.189791517176], [-7.498247043842259, 40.18961720822987], [-7.497855275642056, 40.18939307310617], [-7.496803978423325, 40.18884751643494], [-7.496342767236606, 40.18864208859322], [-7.495907239707977, 40.18854009422993], [-7.495551743620352, 40.18841962590653], [-7.494984618443237, 40.188163809878915], [-7.494257835867127, 40.18789162553526], [-7.493880975814044, 40.18777103328404], [-7.493371379313426, 40.187630345680496], [-7.492880295089393, 40.18754343735286], [-7.492151705148328, 40.187478088777794], [-7.491012236068494, 40.187514028764255], [-7.490645697122301, 40.18741996572194], [-7.490109927521355, 40.187229318186965], [-7.489474767133125, 40.18695643652856], [-7.488901601359398, 40.18678466870476], [-7.488487210116931, 40.18669825855523], [-7.488073909787914, 40.18649666777405], [-7.487447683661628, 40.18628659347777], [-7.487097244844908, 40.18619260269382], [-7.486724782198989, 40.18616774797792], [-7.485639253695894, 40.186138645955964], [-7.484968866208916, 40.18610428391829], [-7.484468992730497, 40.18605556181978], [-7.48405330380734, 40.18610673282675], [-7.483583591832779, 40.186257476392505], [-7.483166372400749, 40.18646929927377], [-7.482760995730582, 40.18655906568672], [-7.482335714832487, 40.18649535345427], [-7.481613596693441, 40.18630749685575], [-7.481179230795953, 40.18607541246551], [-7.480884257368528, 40.18574450398114], [-7.480716718522889, 40.185460150711585], [-7.479801650051509, 40.184306507193085], [-7.479453016873589, 40.18390324476871], [-7.479104874422514, 40.18357194680038], [-7.478734818872611, 40.18330986507771], [-7.47806818248407, 40.182900125622545], [-7.4775590060615, 40.182698227651535], [-7.476847851616648, 40.18248734581915], [-7.476019442204493, 40.18228372558725], [-7.474967053744331, 40.18212466595235], [-7.474065143889527, 40.18181308445962], [-7.473490877958334, 40.18176389329651], [-7.472830438290758, 40.18179841490639], [-7.472415504808805, 40.181773267462106], [-7.471786126725406, 40.181922783596306], [-7.471465442752839, 40.1820589239601], [-7.471099240901961, 40.182492985611745], [-7.471063220978231, 40.18291406792153], [-7.4709338501397, 40.183081647546985], [-7.470655290387195, 40.183256211194006], [-7.470142582258867, 40.18344456509186], [-7.468740896789353, 40.183850275556956], [-7.467962160184192, 40.18402170276164], [-7.466831996477724, 40.18419137468614], [-7.465425085485741, 40.18435953074461], [-7.464507827998546, 40.184537972531544], [-7.463982142298883, 40.1849453317626], [-7.463369762054909, 40.18552375125143], [-7.462704922976405, 40.186002264852974], [-7.462071376162102, 40.18655785921914], [-7.461519301264184, 40.187496304556696], [-7.461184439784694, 40.1890565940726], [-7.461108708662885, 40.18947348321395], [-7.461175601436505, 40.18960868559755], [-7.461173858136625, 40.1898580433297], [-7.460976463648295, 40.190394178807736], [-7.460864718056507, 40.19065172705651], [-7.460719332385276, 40.190855766385816], [-7.460534971738929, 40.191034000829845], [-7.460393675825949, 40.19121554990471], [-7.460260027349551, 40.19143145262703], [-7.460156905807064, 40.19167121968777], [-7.460125555115283, 40.191933283478], [-7.460107597507934, 40.19243245760541], [-7.46014937925293, 40.19266126393747], [-7.460217908173724, 40.19274973804933], [-7.459674553370023, 40.193023244514684], [-7.459446624965887, 40.19318880019162], [-7.459121852809263, 40.19324319598704], [-7.459291262713763, 40.19342654677556], [-7.459481467767014, 40.19378697942471], [-7.459600858632994, 40.194279382191155], [-7.459748795820631, 40.195020965439014], [-7.459843121855869, 40.19528042691732], [-7.460017566819501, 40.19551360519056], [-7.460545518094563, 40.19617488971503], [-7.460747518624528, 40.196364370570514], [-7.461249013395387, 40.196683918549624], [-7.461958790642757, 40.19718865132905], [-7.462187318071, 40.19733352558879], [-7.462967951214331, 40.19775193347543], [-7.463242276179838, 40.19793354419731], [-7.463473635849025, 40.19812543800076], [-7.463605217868484, 40.19827650385285], [-7.464081020489254, 40.198164151754185], [-7.464515137437465, 40.19800337778137], [-7.46459931866962, 40.19820937419926], [-7.464555154679845, 40.198426340506046], [-7.464528191116241, 40.19874507424446], [-7.464581794064543, 40.19889596055101], [-7.464587100985766, 40.199121405096975], [-7.464730366589094, 40.19918355907448], [-7.464947056151871, 40.199206777818844], [-7.465361519025193, 40.1993510032602], [-7.4654848994013, 40.19945212850247], [-7.465608088459249, 40.19959782934096], [-7.465899648872874, 40.19987949372652], [-7.466112850136772, 40.19998401241565], [-7.466202346767311, 40.20024794453013], [-7.466386443265256, 40.20050647674383], [-7.466742319606094, 40.20078211258883], [-7.466978183306768, 40.200923325411935], [-7.467223450000408, 40.20111240804608], [-7.467342088830117, 40.20147169799289], [-7.467459191041644, 40.20154378368191], [-7.468905207908734, 40.20581735105514], [-7.468680044467686, 40.20625167090446], [-7.468539776186677, 40.206483034559405], [-7.468054200210302, 40.20709885777942], [-7.467878747805957, 40.20728841266608], [-7.467755250976854, 40.20751032468145], [-7.467613755022549, 40.20771097311181], [-7.467436755585607, 40.20791429543806], [-7.4672236389369, 40.208099671952944], [-7.466981664516505, 40.208268492398595], [-7.466825223931052, 40.20849561995092], [-7.466693980477058, 40.2088004284315], [-7.466648867233459, 40.20902981494], [-7.466571828130025, 40.20929341872728], [-7.466355447212535, 40.209595218484516], [-7.466301947690568, 40.20980519141111], [-7.46622160636737, 40.20991279959241], [-7.4660158519197, 40.2100888511151], [-7.465725180594938, 40.2102157806472], [-7.465474306891059, 40.210345280495595], [-7.465275371570746, 40.2104727415697], [-7.465177632237017, 40.210617346986616], [-7.465151234657021, 40.210853865318754], [-7.465063304405516, 40.21107715207743], [-7.465024686795657, 40.211349621097014], [-7.46492968799997, 40.21156269132003], [-7.464951079773257, 40.211633146231314], [-7.465080161006021, 40.21169467928211], [-7.465102850814532, 40.21182485078115], [-7.465023114701633, 40.21203845763078], [-7.465036215736641, 40.21221216259308], [-7.46510794008663, 40.212324877525006], [-7.465207783896016, 40.21275745569792], [-7.465245711297125, 40.21283053297187], [-7.465810338917877, 40.21269058516256], [-7.466204803740044, 40.212629454389834], [-7.46662179058452, 40.212523780658636], [-7.4667360007788, 40.21247238219814], [-7.467100537559464, 40.212420714036256], [-7.467324237923764, 40.21234409568072], [-7.467828134187202, 40.21228781515554], [-7.468705266316116, 40.212022129948785], [-7.469069580896648, 40.2118957046336], [-7.469184036055976, 40.21183106397169], [-7.46968629408787, 40.21170083129748], [-7.471346018357998, 40.21182909290283], [-7.471509201776227, 40.2118266008349], [-7.471928609500011, 40.21178486182555], [-7.472373905863148, 40.21168995673206], [-7.472652119533878, 40.211708740121985], [-7.472741780353507, 40.21169267926325], [-7.473382368626085, 40.21165183548742], [-7.473511679819709, 40.211701832179024], [-7.473695504177845, 40.211715210237884], [-7.473826380030576, 40.211676872507354], [-7.474130408304704, 40.21152855955055], [-7.474522056837037, 40.21151421074762], [-7.474685586545621, 40.21160997270891], [-7.474921898171916, 40.211563763510206], [-7.475111960622133, 40.21145451621706], [-7.475298368861285, 40.211394515703525], [-7.475627735186518, 40.21139494248681], [-7.476019521379759, 40.211439935614955], [-7.478365346196696, 40.212035948594306], [-7.478793085155679, 40.212006571534864], [-7.482804248434402, 40.210758225988855], [-7.483110253971835, 40.21062179259724], [-7.483352554718904, 40.210612435200005], [-7.483870541365022, 40.2107881480544], [-7.485816069348577, 40.21178261659406], [-7.488686174578773, 40.21292141832825], [-7.489038358273031, 40.21294471409227], [-7.491016230760061, 40.21296359623122], [-7.491276720800497, 40.21296954021551], [-7.491976126456968, 40.212744026660886], [-7.492353492623993, 40.2125628478753], [-7.492462831330983, 40.2125528226702], [-7.492962431858249, 40.21262699260287], [-7.49335262832656, 40.21266777654261], [-7.494070720604112, 40.21281690457324], [-7.494259350698928, 40.2128444227837], [-7.494566068580307, 40.21285619537279], [-7.494869987283539, 40.21280248064674], [-7.495933197516583, 40.21238694365802], [-7.496311244547212, 40.21225681301347], [-7.496412817185687, 40.21217289760223], [-7.497043522403163, 40.21239699217929], [-7.497208015918532, 40.212455352813244], [-7.497704075238926, 40.21273409221912], [-7.498117313339399, 40.21317709437657], [-7.498450039387532, 40.21347439230244], [-7.498680583029577, 40.2137194334081], [-7.498949750552658, 40.21391732070395], [-7.499203398760634, 40.214040010637234], [-7.499598452630707, 40.214090528173244], [-7.499930919213022, 40.2140878372274], [-7.500763325842955, 40.21412479766131], [-7.501052257362995, 40.21428171901653], [-7.501439709518211, 40.21479850404013], [-7.501835156287912, 40.21548004508492], [-7.502016886748532, 40.21551786426634], [-7.502464109821935, 40.215568478145094], [-7.50301519998676, 40.215590830085254], [-7.503305494789072, 40.21558853569461], [-7.503490632733525, 40.2155630596325], [-7.503802246975328, 40.2153894082723], [-7.504431301637269, 40.21496981830153], [-7.504738400432268, 40.21480118760241], [-7.505433975002059, 40.21447912190618], [-7.505670638799734, 40.21429155214494], [-7.505860040005721, 40.21417243894014], [-7.506076773869801, 40.213993402272806], [-7.506375970345231, 40.21363488354051], [-7.506565734224365, 40.21347605655616], [-7.507013126680087, 40.21319956309933], [-7.507383341787516, 40.213063320937806], [-7.507720575633686, 40.212963283633755], [-7.508079381433064, 40.212815448395254], [-7.508380225819901, 40.212673339398314], [-7.509007488527484, 40.21227730610759], [-7.509361050108733, 40.212111524294855], [-7.509701725727266, 40.21198078732552], [-7.510993500143006, 40.21151698718742], [-7.511359555458474, 40.21137170679534], [-7.511636568548278, 40.211240084478746], [-7.51197379296118, 40.2110094508487], [-7.512262993978693, 40.21073776696933], [-7.512518648243241, 40.210396286004716], [-7.512764688664342, 40.21002701511786], [-7.512919497621612, 40.20973065203976], [-7.513272640884577, 40.20896137744701], [-7.513473689225214, 40.20864301866918], [-7.51373531239249, 40.2083539822876], [-7.513996846278575, 40.208152745825224], [-7.51439010386272, 40.207931949895446], [-7.514819103691318, 40.20770747284755], [-7.515392458553179, 40.20743071603707], [-7.515782078643538, 40.20719611796593], [-7.516087426937187, 40.206980253524804], [-7.516399159022392, 40.20664248389996], [-7.516995863439345, 40.205859092179516], [-7.517347897623764, 40.20546606144658], [-7.517746996619373, 40.20508993692657], [-7.518168847631654, 40.20471671825797], [-7.518593348537359, 40.204388366337135], [-7.519016348221081, 40.20410890902778], [-7.519423733695497, 40.20386709534622], [-7.519790095443538, 40.20361515919292], [-7.520248705177548, 40.203331919837645], [-7.520574910505795, 40.20311777301174], [-7.521354521750365, 40.202701769040786], [-7.521811045378959, 40.2023619541943], [-7.52203480363134, 40.202176803864766], [-7.522420668827634, 40.20190892920506], [-7.522966776196343, 40.201571024126935], [-7.523458442317479, 40.20131802459397], [-7.523841351096913, 40.20119647560581], [-7.524296985836134, 40.20108494316143], [-7.525815400420373, 40.200656927510494], [-7.526789999112988, 40.20040337801205], [-7.527126712658277, 40.200324351], [-7.528040019763638, 40.20013441216925], [-7.528646020336484, 40.200030308201406], [-7.529370779476196, 40.19987116733493], [-7.530280147825567, 40.1996465115984], [-7.530864030993086, 40.19945312875914], [-7.531278770557916, 40.19927516152192], [-7.531661679824976, 40.19904434976166], [-7.532270422285087, 40.19877372637696], [-7.532439916447013, 40.198717777554556], [-7.532985259205446, 40.19847176837494], [-7.533427431428897, 40.19831113938867], [-7.533668541417998, 40.198150549324616], [-7.533946866432706, 40.19793837248943], [-7.534260851170466, 40.19773060587688], [-7.534470555606731, 40.19744125051378], [-7.534615548578405, 40.19705790340341], [-7.534738890739098, 40.19647829944584], [-7.534771316427248, 40.196275839032445], [-7.534807544463785, 40.19588004530845], [-7.534899160656925, 40.1952486701788], [-7.534947460031998, 40.19482907511606], [-7.53507073402155, 40.194310164893515], [-7.535303592970378, 40.19397698447024], [-7.535655802234221, 40.193357130497354], [-7.535884942884664, 40.193166122461186], [-7.536104668192374, 40.1930177574747], [-7.53671755547519, 40.192654284387416], [-7.537181178917334, 40.192425844755896], [-7.537525060048504, 40.19230071799652], [-7.538513705460595, 40.191979058266845], [-7.538750636472681, 40.19191696045289], [-7.53902627071268, 40.19182011820219], [-7.539358363821748, 40.1916717823243], [-7.539644386503721, 40.19152779868415], [-7.540526966469209, 40.191220979639525], [-7.541049689167641, 40.19113502520176], [-7.541682668136754, 40.19092805856537], [-7.542120007182362, 40.19077574674182], [-7.542851212914022, 40.19053514033402], [-7.54362032313495, 40.19030975752346], [-7.544766425521109, 40.19009267575644], [-7.545505815034887, 40.1900721928086], [-7.545896910273057, 40.190079485283576], [-7.546367152176225, 40.19011401405533], [-7.546744516849669, 40.1902020136022], [-7.547827489410173, 40.19051277412957], [-7.548917674699304, 40.19084588906139], [-7.549273902870874, 40.190948725169115], [-7.549836442648451, 40.1910120709387], [-7.550645567352692, 40.19103612600031], [-7.551266790770503, 40.19108958258729]]], "type": "Polygon"}, "properties": {"geo_point_2d": {"lon": -7.513176430384705, "lat": 40.193662637929705}, "year": "2024", "dis_code": "05", "dis_name": "Castelo Branco", "con_code": "0504", "con_name": "Fundão", "fre_code": "050402", "fre_name": "Alcaria", "fre_name_upper": "ALCARIA", "fre_name_lower": "alcaria", "fre_area_code": "PRT", "fre_type": "parish", "fre_name_long": "Alcaria"}}, {"type": "Feature", "geometry": {"coordinates": [[[-7.674359834254779, 40.09647082255764], [-7.673830185932514, 40.096515740402936], [-7.673501136823023, 40.096567035673736], [-7.672963506155647, 40.0965776104297], [-7.672710099410905, 40.09662839157744], [-7.672518899942258, 40.096723906474324], [-7.672230342725531, 40.09696196070432], [-7.671859423879733, 40.09715357465489], [-7.671662744105683, 40.097278248434236], [-7.671414791376949, 40.097284289559795], [-7.671156815954892, 40.09733396656546], [-7.670768425038754, 40.09745481835246], [-7.670508112299371, 40.097451528421225], [-7.66999833620416, 40.097347641664946], [-7.669935108434831, 40.09731532930708], [-7.669671237576657, 40.09702293888007], [-7.669026784921392, 40.09670209662388], [-7.668768467268057, 40.096611547170106], [-7.668192229730379, 40.0966089736675], [-7.668062252981671, 40.096597468188904], [-7.66793189024702, 40.09664368855552], [-7.667739643173871, 40.09677098521523], [-7.667543932394871, 40.096856296983916], [-7.666882427441256, 40.096923980324114], [-7.666013549038912, 40.0968423248538], [-7.665541485889515, 40.096730644385275], [-7.665210178494037, 40.09666509739808], [-7.664890769746678, 40.096660480799066], [-7.664693757734809, 40.09667769805676], [-7.664503746640477, 40.09666567561532], [-7.664247267946139, 40.09658214910531], [-7.664048854858224, 40.09647840996397], [-7.663864478650722, 40.09634473827914], [-7.663614328771073, 40.0961937819893], [-7.663232527289642, 40.0959335869966], [-7.663107966924191, 40.095885265204956], [-7.662916323141444, 40.095855760101315], [-7.662588937495166, 40.095903698902504], [-7.662323089287568, 40.09600672892344], [-7.662148286148808, 40.09605159497185], [-7.662127097427132, 40.095892821352905], [-7.662000373366957, 40.09581828032087], [-7.661493215121568, 40.09562709957938], [-7.661280255132419, 40.0955594996695], [-7.661087181854493, 40.09544758534475], [-7.660699687236954, 40.095096764759035], [-7.660379236286773, 40.0949555996505], [-7.660167161564208, 40.0948959283841], [-7.659855656247595, 40.094902763296744], [-7.659376099511868, 40.095080660877585], [-7.659155264669173, 40.09510173753272], [-7.658552118343781, 40.094989760533835], [-7.658364207554081, 40.0948958730138], [-7.657827854346073, 40.09496005581441], [-7.657439065486622, 40.095035919576915], [-7.657194682360196, 40.09501888687865], [-7.649847956076869, 40.09275962048761], [-7.6494508215162, 40.093087494250824], [-7.649419488284047, 40.093290811619575], [-7.649457271848539, 40.093702446223126], [-7.649403961613088, 40.09399572816927], [-7.649365129061809, 40.09433049632112], [-7.649300592481421, 40.09451989036564], [-7.649056554457067, 40.09486947693661], [-7.648937893826989, 40.09510116006982], [-7.648889436417379, 40.095270988897184], [-7.648890648009719, 40.09548091739637], [-7.649069539840091, 40.095771296067696], [-7.649182716462796, 40.09603546265986], [-7.649288798284186, 40.096623809848275], [-7.649293865084394, 40.09680286564591], [-7.649390871363669, 40.09718232850746], [-7.649400399874696, 40.09759385206361], [-7.649464087593807, 40.09795822482643], [-7.649599191772506, 40.09838944813551], [-7.649717620311566, 40.09849153180209], [-7.649960688171795, 40.09879649179434], [-7.649967390614792, 40.09904300918219], [-7.649800402173702, 40.09922558621126], [-7.649496439875673, 40.09942380375932], [-7.649374724115275, 40.09947174952617], [-7.649185633194248, 40.099594162500445], [-7.648965744990187, 40.099776519081864], [-7.648783822984599, 40.09989706829684], [-7.647995377121739, 40.10018098327084], [-7.647394039846694, 40.10035696905954], [-7.647086916408541, 40.10035397413063], [-7.646834515561907, 40.100291588505954], [-7.646587652292562, 40.100307665934054], [-7.646070959836057, 40.10056919787808], [-7.645260836673326, 40.10130905890132], [-7.645104054011756, 40.101438987932546], [-7.64430137794488, 40.101854748129284], [-7.644103184611168, 40.10201827436078], [-7.643924353158612, 40.10239433135759], [-7.643664824939989, 40.10267242043444], [-7.643556200673342, 40.10290557925323], [-7.643591984442538, 40.10337989181657], [-7.643530135463063, 40.10341880372455], [-7.642842540737298, 40.10356333225431], [-7.642599558316405, 40.10365912050537], [-7.642475794517911, 40.10374505552959], [-7.642291209882827, 40.10398906053665], [-7.642165412200782, 40.10404796686337], [-7.641964025126977, 40.10423029741188], [-7.641879988682854, 40.10437007137305], [-7.641098561581018, 40.105364444111004], [-7.640712133741196, 40.105900277780414], [-7.640529306610183, 40.106419596422185], [-7.640439024607517, 40.10656330804496], [-7.64024014067047, 40.10675384338178], [-7.640055720982246, 40.10685887867826], [-7.639607356550348, 40.107002780398496], [-7.638292291702077, 40.10702592129979], [-7.625707535708628, 40.11344979500626], [-7.625602775301831, 40.113547052488336], [-7.625347577137114, 40.11363626555245], [-7.625178478138288, 40.1137413486293], [-7.62507817593272, 40.11374280175951], [-7.624446251573393, 40.11384306265167], [-7.624314313530838, 40.11388751562627], [-7.624135667773063, 40.11401398851708], [-7.624053783606398, 40.11410980959531], [-7.623779826254197, 40.11449730507513], [-7.623487470467018, 40.11472486315291], [-7.623363935036541, 40.11486949736643], [-7.623323481907529, 40.115071950678875], [-7.623314237187447, 40.11541584662335], [-7.623189154506782, 40.115610365923565], [-7.62308076644449, 40.1157055310319], [-7.622834449549814, 40.1158609741003], [-7.622307119118457, 40.11607416751568], [-7.621842525458119, 40.116178575151324], [-7.621584574840699, 40.11621031240774], [-7.621391855130147, 40.11619397443254], [-7.621266102259144, 40.11613181891123], [-7.618570437400262, 40.11792154700575], [-7.611423411033615, 40.119660787060916], [-7.610637947820776, 40.124501425799565], [-7.610634187993366, 40.12470215215095], [-7.610682182449575, 40.124993347886495], [-7.610572275289134, 40.125083180717496], [-7.60976478359045, 40.12538998276743], [-7.609453097510379, 40.125539697113005], [-7.609380923106195, 40.12563446895304], [-7.609258217983183, 40.12598631724767], [-7.607829877605661, 40.130130046040264], [-7.606792189902868, 40.13184663890418], [-7.606772187446755, 40.13212879198055], [-7.606678787360793, 40.13237431752592], [-7.606503135526344, 40.13261920421598], [-7.60627455299305, 40.132973355604776], [-7.605899269700572, 40.13333135161866], [-7.605583843409433, 40.1339002586466], [-7.605357606705685, 40.13416157133917], [-7.605162268078772, 40.134280822701776], [-7.60482290692688, 40.134619521585726], [-7.604635041588354, 40.134757989654425], [-7.604362039144333, 40.13486004322841], [-7.603835853042209, 40.13497418429325], [-7.603566787487712, 40.13511281892362], [-7.603280358553359, 40.1351905880118], [-7.603064686659059, 40.135359005165164], [-7.602813429095023, 40.135425399283854], [-7.602765899635855, 40.13547192416039], [-7.602645356367334, 40.135870694604854], [-7.602585587086645, 40.136119254397116], [-7.602650461579294, 40.1363176773319], [-7.602730367840786, 40.136468350336465], [-7.602741450847846, 40.136658606126396], [-7.602691404080523, 40.13690909720688], [-7.602540473012768, 40.137261979981076], [-7.602309213679117, 40.13771373598148], [-7.602205207626651, 40.13787140402719], [-7.601951456710458, 40.138015147430444], [-7.601621140214967, 40.138121979370176], [-7.601360533467082, 40.13824236557785], [-7.601094011796939, 40.13833823152938], [-7.600558217114821, 40.138597572555085], [-7.600197318190498, 40.138728215503136], [-7.599876414878949, 40.13879987442974], [-7.599749010416098, 40.13887187718339], [-7.59968573388948, 40.13896641801864], [-7.599676020466772, 40.13906858591219], [-7.599705759889467, 40.13931719790191], [-7.599712856466348, 40.13958119034976], [-7.599671821341076, 40.13974283400973], [-7.599544883425617, 40.13988949950172], [-7.599293424823593, 40.14006972241877], [-7.599128604515423, 40.14025925657153], [-7.598974033321548, 40.1404735148589], [-7.598928968544161, 40.140579129166085], [-7.598885656238973, 40.14086684478536], [-7.598763314331501, 40.14107089464536], [-7.59843627007491, 40.14120700171873], [-7.597788580472957, 40.14154479848658], [-7.597691078330011, 40.141693581060416], [-7.59777435236106, 40.14193874040685], [-7.597740048727157, 40.14198847456207], [-7.597362568481997, 40.142195488467564], [-7.597174236843136, 40.14238914735164], [-7.597162322332983, 40.142486988246866], [-7.597201376618225, 40.14268475504027], [-7.597212760850957, 40.14292427484424], [-7.597148642470095, 40.143170557173995], [-7.597018023766712, 40.14348569788608], [-7.596874579423383, 40.143686860614956], [-7.596700536785304, 40.14398748315245], [-7.596611619005163, 40.144087755466124], [-7.596303288258549, 40.144678192910646], [-7.596031512396618, 40.14569432800315], [-7.595980632608653, 40.14579207894576], [-7.595659421974597, 40.14597403971767], [-7.595533135386084, 40.14612511743257], [-7.59550200628271, 40.146218721666514], [-7.595524221036637, 40.14642361723561], [-7.595483892634967, 40.14656779552746], [-7.595280014994399, 40.146870527807124], [-7.595047753346652, 40.14711089704158], [-7.594834459915643, 40.14728327025784], [-7.594579572059619, 40.14735665940642], [-7.594450628716183, 40.14742729994252], [-7.594323868105051, 40.1475778301291], [-7.594279897562908, 40.147781967616424], [-7.59427083825814, 40.14818719006982], [-7.594288709129955, 40.148854242031604], [-7.594310040811496, 40.14905111747611], [-7.594723513003435, 40.151286210393856], [-7.595759903699215, 40.151843696454094], [-7.597080412984971, 40.15192661554448], [-7.600073366439464, 40.15315337813377], [-7.601644702714555, 40.15375126866937], [-7.603956631567799, 40.155066759450584], [-7.610716959822015, 40.15577305742053], [-7.611588142360697, 40.15576517057287], [-7.613912438788238, 40.155484061783675], [-7.61563790975346, 40.154954293308606], [-7.617387235165065, 40.15393342278233], [-7.625342472748491, 40.149014164859935], [-7.625545994596947, 40.14890049569769], [-7.625949236211505, 40.14872664553128], [-7.626343865680224, 40.148542938022], [-7.626532128602093, 40.14841290144066], [-7.627476640682113, 40.1478228990189], [-7.627830847592285, 40.14753310309298], [-7.628284065420814, 40.146897637931175], [-7.628405585529234, 40.146698685827324], [-7.628450923109058, 40.14655028679754], [-7.628663554406989, 40.14601032094719], [-7.62875719747213, 40.14591616406872], [-7.629042090072407, 40.14573044002173], [-7.62950664394105, 40.14556079869387], [-7.63630147956097, 40.142584429828396], [-7.640887446196418, 40.13973990008686], [-7.641064509095721, 40.13970832129776], [-7.641311888045278, 40.13952528745158], [-7.641435893320551, 40.13946330930037], [-7.641843244847853, 40.13912821741925], [-7.642250799346613, 40.13873223677359], [-7.642564768594765, 40.13849094482677], [-7.643289409172106, 40.13798967213677], [-7.643871462962776, 40.13767106589052], [-7.644478236557646, 40.13715938472428], [-7.645181477735256, 40.136759056267856], [-7.645570250212598, 40.136490512159604], [-7.645993197787641, 40.13606928073831], [-7.64765061532568, 40.13420875412117], [-7.646698972898124, 40.130104585503474], [-7.646525156564604, 40.12999686835156], [-7.646332411186119, 40.12974641817241], [-7.646288208558913, 40.129594304843664], [-7.646046448716124, 40.128992958551855], [-7.646026970954543, 40.128845452960775], [-7.645849704684956, 40.128199980825435], [-7.647713868310174, 40.1210763807078], [-7.647801586056756, 40.1209317533392], [-7.647840620426383, 40.12073666779429], [-7.647844003863795, 40.12049127058516], [-7.647884518528132, 40.12033608849783], [-7.648051567103689, 40.12008741332631], [-7.648129643926859, 40.119879165050214], [-7.648287340541887, 40.11959190215553], [-7.64839232814028, 40.11949246643636], [-7.648564260173683, 40.11919994830397], [-7.648837251554663, 40.118915963277146], [-7.649213358620028, 40.11864680989433], [-7.649595965419078, 40.118503135419964], [-7.649723265729283, 40.11841729785596], [-7.649852681792005, 40.11841333675174], [-7.650182171008949, 40.11849945268528], [-7.650375730565823, 40.11853231273023], [-7.650638364058217, 40.118484683971715], [-7.651635313788058, 40.11827267354921], [-7.652060642201869, 40.11807522550456], [-7.652695108148815, 40.11789656094698], [-7.653237545513654, 40.11770976740536], [-7.653626648648589, 40.1175414319509], [-7.65426414187886, 40.11731386622286], [-7.654468784253743, 40.11727076123652], [-7.654958484813381, 40.1172775508507], [-7.65521548454058, 40.11734669215757], [-7.655407931516665, 40.11737062690597], [-7.65575164879767, 40.117452819471325], [-7.656069192066764, 40.117435210812616], [-7.65620731958716, 40.11734238603308], [-7.656509502578452, 40.11703742630632], [-7.656753473517981, 40.116736459163164], [-7.657083282054433, 40.11640594091851], [-7.657294449644646, 40.11616617018447], [-7.657707843682434, 40.11579132389531], [-7.658131974082244, 40.11549054826753], [-7.658258218642177, 40.11541838508722], [-7.65857909555526, 40.115190406523915], [-7.658711364339891, 40.11512844336776], [-7.659019711686141, 40.11513393335839], [-7.65927594158602, 40.115109941729145], [-7.659752180031436, 40.11494041190539], [-7.660132402601994, 40.114694297565244], [-7.660408320735936, 40.11460572097847], [-7.660538293296314, 40.11452006426026], [-7.660872373318573, 40.11438128864093], [-7.661463967882664, 40.11415232783782], [-7.661856880729615, 40.113969301244715], [-7.66207686971811, 40.11391039199931], [-7.663419414067669, 40.11357521778436], [-7.663671899882836, 40.11356669059443], [-7.663958157244616, 40.113438975956555], [-7.664203416551414, 40.11330343415194], [-7.664448730836932, 40.11321049298884], [-7.664784988621992, 40.113043527051154], [-7.664916920065022, 40.11299614597803], [-7.665682117181182, 40.11296860647284], [-7.666145423355919, 40.112918951289615], [-7.666575533349376, 40.11290437749096], [-7.666752784700111, 40.11291913885163], [-7.679797368061301, 40.10837104364788], [-7.679780160228587, 40.10811772899361], [-7.679628597385659, 40.10776725688146], [-7.679499355811047, 40.107624103238344], [-7.679190888313167, 40.1073932494024], [-7.678873653066995, 40.10719523129238], [-7.678677668778059, 40.1071066550889], [-7.678266888343125, 40.10697167307986], [-7.677745955100603, 40.10668117536595], [-7.677562632628373, 40.10652312355811], [-7.677354742582427, 40.106267083344534], [-7.677058612659247, 40.10598250481406], [-7.676896952246416, 40.105882806851426], [-7.676589630876067, 40.10564176929363], [-7.676436874266299, 40.10549149484375], [-7.676250900771085, 40.1052392278765], [-7.676107895273152, 40.10508637340636], [-7.675933844813938, 40.10418933512135], [-7.675930890011598, 40.10370074773407], [-7.675897556219445, 40.10351014401369], [-7.675544839927011, 40.102728031919725], [-7.675516908761437, 40.102624898462], [-7.675516010411632, 40.102020955027434], [-7.675458666148555, 40.10152819353261], [-7.67527045389065, 40.100928289216554], [-7.67521008848489, 40.100590062005814], [-7.674359834254779, 40.09647082255764]]], "type": "Polygon"}, "properties": {"geo_point_2d": {"lon": -7.633584141214291, "lat": 40.125116805573626}, "year": "2024", "dis_code": "05", "dis_name": "Castelo Branco", "con_code": "0504", "con_name": "Fundão", "fre_code": "050419", "fre_name": "Lavacolhos", "fre_name_upper": "LAVACOLHOS", "fre_name_lower": "lavacolhos", "fre_area_code": "PRT", "fre_type": "parish", "fre_name_long": "Lavacolhos"}}, {"type": "Feature", "geometry": {"coordinates": [[[-7.519353533156131, 40.118932742469326], [-7.519431451130076, 40.1190733722114], [-7.519595402162571, 40.11927489103626], [-7.519991150882172, 40.11963343136968], [-7.520081838486633, 40.11968488406197], [-7.520269876655033, 40.119856449629296], [-7.520747540928197, 40.12013328497123], [-7.52105358853821, 40.12018668144147], [-7.521658704320846, 40.12027407057214], [-7.521731675416719, 40.120273287739806], [-7.522464388944005, 40.12069455993442], [-7.533562055383766, 40.12493243351897], [-7.536028493668489, 40.12581060066001], [-7.536188180788807, 40.125727485980256], [-7.537184904506759, 40.126092565887575], [-7.537642641087345, 40.12624575959844], [-7.537710984683013, 40.1262525970477], [-7.544354687735639, 40.12855250611699], [-7.544820561771545, 40.12874597197847], [-7.54529343306972, 40.12909445880268], [-7.545535904788827, 40.12924905373467], [-7.545831053336375, 40.12937690025452], [-7.546449005459287, 40.12948530068652], [-7.546622389130765, 40.129543001714424], [-7.546877932854579, 40.12973341442099], [-7.546972086016046, 40.12965824220354], [-7.547181656800568, 40.12965506723289], [-7.547248294129854, 40.12960055473306], [-7.547224225732905, 40.129492634854415], [-7.547341703149518, 40.12931022800266], [-7.547363531462861, 40.12917273160423], [-7.547451088262512, 40.12916866876519], [-7.54767406518889, 40.12906514382009], [-7.548677640226496, 40.12869591151788], [-7.548760175964403, 40.12864787977213], [-7.549032276032442, 40.128410863063266], [-7.549155790486322, 40.128193992101494], [-7.549246897863021, 40.12797965669301], [-7.549373040412914, 40.12785339828097], [-7.54989628292451, 40.12781352296805], [-7.550192480919534, 40.127735935060436], [-7.550401375273529, 40.12774229711946], [-7.550893188958655, 40.12788039175026], [-7.551021160867276, 40.12788328202119], [-7.551231495417168, 40.12776194767753], [-7.551422558832939, 40.12760223919116], [-7.553629077703023, 40.1264451168448], [-7.555557504248689, 40.126467059393725], [-7.556484811082667, 40.12634026848823], [-7.563247074975566, 40.12635670334415], [-7.563596896057895, 40.126120118363964], [-7.563897696541035, 40.125950752078076], [-7.564118925821337, 40.12577144870581], [-7.564281520777816, 40.12557492938273], [-7.56443359003222, 40.12534548109939], [-7.56461590185883, 40.12514797469111], [-7.564851649424455, 40.124957393682266], [-7.56501723078124, 40.124753679598875], [-7.565141560544397, 40.124501851426984], [-7.565344907718216, 40.12400212064178], [-7.56558415585939, 40.12358622777817], [-7.565812988501087, 40.12315308203716], [-7.565974665508919, 40.12292422173337], [-7.566480440122531, 40.12235310959268], [-7.566849991727094, 40.12199620536674], [-7.568338901007595, 40.11745917978216], [-7.568124885474458, 40.11712456040407], [-7.567853415422412, 40.11682920080295], [-7.567764314643508, 40.11663874323562], [-7.567770273836208, 40.11654169187367], [-7.568135285153712, 40.1156641300884], [-7.568264194607915, 40.11532334262998], [-7.568372446941551, 40.11516878907161], [-7.568616856892711, 40.11487530337081], [-7.568730436633411, 40.11467151380959], [-7.568775171721325, 40.1145243062722], [-7.568706262719434, 40.11367624439632], [-7.568700931473539, 40.11352627120443], [-7.568730525337726, 40.11318022951214], [-7.568733409478885, 40.11284423346102], [-7.568574145286609, 40.109738772999], [-7.568717386926715, 40.10923648681583], [-7.567992718666321, 40.1028285191955], [-7.567999813288619, 40.10257999102221], [-7.56798427579808, 40.102216885713055], [-7.567917862851805, 40.10185128334823], [-7.567908090388768, 40.10165679778219], [-7.568038970448406, 40.101557203575176], [-7.56817140741943, 40.101368722529344], [-7.568428438046162, 40.101288104458604], [-7.568682808651969, 40.10125980471901], [-7.568938289541784, 40.101253385319296], [-7.568998755327669, 40.101059246417144], [-7.569178393082919, 40.1009773545306], [-7.569336224849113, 40.10099468663439], [-7.569860423429658, 40.10122580202892], [-7.569986093039286, 40.10123172118762], [-7.570181873866271, 40.101168817856696], [-7.570312077148778, 40.10109433901776], [-7.57054588300223, 40.10089986523176], [-7.570823969214738, 40.10079620506087], [-7.57118393712153, 40.10071914254848], [-7.571426953243384, 40.10071581377333], [-7.573757220341742, 40.10034178003571], [-7.574027535957794, 40.1003706379788], [-7.574423909181278, 40.10028617698231], [-7.574613048487057, 40.10026033869404], [-7.57505413654188, 40.100229229051855], [-7.57525529585835, 40.100239469700355], [-7.57591406734022, 40.10032062330647], [-7.576107384314736, 40.10030101679264], [-7.576292593508364, 40.100238591724825], [-7.5764183372761, 40.10016345503693], [-7.576578444859377, 40.10001589160877], [-7.576828411238538, 40.09973394197521], [-7.576930186743075, 40.09959204722851], [-7.576975759027495, 40.09946735503434], [-7.577125775157314, 40.0991756531394], [-7.577203950820977, 40.09897879488407], [-7.577290050061231, 40.09883123815754], [-7.577454548016441, 40.09870558445788], [-7.577655470314324, 40.09867250106915], [-7.577915568191542, 40.09865888280782], [-7.578044265846639, 40.09862374680201], [-7.578362910826235, 40.09849153194858], [-7.578532192478711, 40.09835337861203], [-7.578638631940171, 40.09815602515312], [-7.578885875227891, 40.09723805962732], [-7.579026077691336, 40.09685255867613], [-7.578883821957993, 40.09656314832429], [-7.578872655347956, 40.096276256360824], [-7.578933192357073, 40.0961713571051], [-7.579110740620408, 40.09605485674814], [-7.579427624938541, 40.09590605765963], [-7.579624062140487, 40.095860790412935], [-7.580217887256827, 40.09568800535343], [-7.580505893494913, 40.095572028230585], [-7.580629911443053, 40.09556307168646], [-7.580791424939617, 40.095616704330574], [-7.581016249147737, 40.0957447568234], [-7.581256229422738, 40.09595662947222], [-7.581458386707215, 40.09608988843682], [-7.581677927391641, 40.09629158336864], [-7.581782169655055, 40.096482369568776], [-7.581813352971005, 40.09667326817415], [-7.581871591299057, 40.09683907068495], [-7.581989297108317, 40.096988765247374], [-7.582196098679089, 40.09714230485002], [-7.582265790296664, 40.097167404531525], [-7.58260059655372, 40.097196277157494], [-7.582968367765823, 40.097194414892314], [-7.583152321833722, 40.09721411273515], [-7.583356150436773, 40.09718301454809], [-7.584199199261694, 40.09681712469455], [-7.584788409808469, 40.096649064821584], [-7.585038859483527, 40.09655091060163], [-7.585568837485309, 40.0964276891098], [-7.58596165466863, 40.0963143507562], [-7.586381563011861, 40.09611206981477], [-7.586690488712317, 40.09604705892182], [-7.586908450513181, 40.095949020258395], [-7.587193035969704, 40.09568693337963], [-7.587571781774294, 40.09541007099096], [-7.587684801018455, 40.09529523752634], [-7.587775659867109, 40.095076999224844], [-7.58782090643394, 40.09488754898829], [-7.588099037575759, 40.094447919743764], [-7.588244750050279, 40.094099895443584], [-7.588383076373509, 40.0938987219742], [-7.588548279862752, 40.09357618218222], [-7.588803888885765, 40.09338735374142], [-7.589165231580308, 40.09320307668837], [-7.589660491874465, 40.09289973283855], [-7.589877388828945, 40.092786187814404], [-7.590544900537249, 40.09224525670781], [-7.590742491562724, 40.0920512015646], [-7.591210907540529, 40.091641365500294], [-7.591294695661456, 40.091514233579225], [-7.591559549626354, 40.091340756884236], [-7.592042377182779, 40.09094502960242], [-7.592376115236816, 40.0907197244798], [-7.592687729541295, 40.090488729653316], [-7.592886683656415, 40.09037401899387], [-7.593161695881536, 40.090309104527044], [-7.59342813193504, 40.09018650931622], [-7.593856096826983, 40.09005512012482], [-7.594261663929978, 40.08984878357879], [-7.594592789626911, 40.089745940419135], [-7.594794079930486, 40.089645825222696], [-7.5952947625967, 40.08945172216585], [-7.595841500502397, 40.08920127382873], [-7.595904920520515, 40.08914330190128], [-7.596016570491537, 40.08893073787296], [-7.596171351689119, 40.08872062335987], [-7.596422515674147, 40.08846511382243], [-7.596551206145966, 40.08841230265363], [-7.596893878480097, 40.08837470704216], [-7.596958221109162, 40.088348528151926], [-7.597191580935871, 40.08815066113132], [-7.597385805266664, 40.08802376269602], [-7.597642764010863, 40.087821504494315], [-7.597730462558506, 40.08771753038302], [-7.597863928576873, 40.08741248370882], [-7.5981121052708, 40.0869976441699], [-7.598196279226292, 40.08683367077609], [-7.598361503207028, 40.08662144272333], [-7.598524966510954, 40.08625853417515], [-7.599031589516749, 40.0858994514273], [-7.599123339873677, 40.08569589306795], [-7.599058071275278, 40.08538966022755], [-7.599055310342552, 40.08523177504982], [-7.599099961426997, 40.084978459333165], [-7.599153479644976, 40.08445951648241], [-7.599334074319452, 40.08401878370163], [-7.59934313934771, 40.08360734580198], [-7.599374178992123, 40.08346023980264], [-7.599485995531721, 40.08316382707567], [-7.599615281255149, 40.08295701253871], [-7.599808954428593, 40.08274770603195], [-7.600186680210192, 40.08255608099033], [-7.60036446518367, 40.082445130651394], [-7.600446227668356, 40.08234905325041], [-7.600454469012388, 40.08220895683269], [-7.600168832341011, 40.08221305208178], [-7.599654712147223, 40.0821234264974], [-7.597488869600056, 40.0811927873794], [-7.59549196346508, 40.08033026039978], [-7.594191197485719, 40.08006036016746], [-7.5930843310756, 40.07983736738942], [-7.591560358158727, 40.079522366524714], [-7.589722513449091, 40.07913869526103], [-7.589669326586121, 40.07910377264251], [-7.58923773935884, 40.07893036830017], [-7.588795446504037, 40.078836526938865], [-7.588554631943043, 40.078867103512124], [-7.588044076581054, 40.078614254354996], [-7.587965940941308, 40.07868026004659], [-7.587555251926381, 40.078577735885624], [-7.586367328023074, 40.07833664902398], [-7.583721334474811, 40.0778190296618], [-7.583173028245766, 40.07777437988144], [-7.581680750502866, 40.077698772894024], [-7.58126271488544, 40.077739388754686], [-7.58106215905805, 40.077677014933535], [-7.580838472083894, 40.07766262706484], [-7.580300888086253, 40.07745167208764], [-7.580055398641013, 40.0769278881249], [-7.580000151836841, 40.07666978689173], [-7.579809491592232, 40.07650019660361], [-7.57950949374631, 40.07626677671871], [-7.578826829312491, 40.0758629386798], [-7.578516884458659, 40.07570814420177], [-7.578260389826138, 40.07561069129234], [-7.577819868744826, 40.07566319477611], [-7.578001263100771, 40.076154122418124], [-7.578128422766933, 40.07643707179216], [-7.577928524796595, 40.07645691963625], [-7.577512793871276, 40.076374305642965], [-7.577285982670801, 40.07637321762174], [-7.577010760886507, 40.07648683953533], [-7.576756466378646, 40.07654492039134], [-7.576418130990517, 40.076519889302034], [-7.576140963804643, 40.07646654375358], [-7.57601190650009, 40.076101829264374], [-7.575903584299118, 40.07568520105383], [-7.575729759109314, 40.075413895522765], [-7.575431149103984, 40.07508477390665], [-7.574963347727119, 40.0747470345593], [-7.574733326430191, 40.07472512040361], [-7.574578033180054, 40.07467235848478], [-7.574033340858724, 40.07463072063048], [-7.573213410685279, 40.07442299887213], [-7.572365519151047, 40.074102625706544], [-7.571379563536481, 40.073865868692636], [-7.570260213487193, 40.073629397287846], [-7.569216764830714, 40.07328595183901], [-7.567931182957807, 40.07279464858977], [-7.567596807246965, 40.072716593603424], [-7.567234361022237, 40.072669407330665], [-7.566730863404901, 40.07299738089015], [-7.566196300029482, 40.07322496514014], [-7.565653166202621, 40.07336848157364], [-7.565304057501175, 40.07342531454518], [-7.565054206664918, 40.073514965686904], [-7.564914101052175, 40.07361613653602], [-7.564491723418979, 40.0738141820973], [-7.563423606118, 40.073918643808845], [-7.562350722526369, 40.07410160455292], [-7.561919011466245, 40.07415199258082], [-7.561310444286398, 40.07423986637522], [-7.560174609939936, 40.07428182329979], [-7.559899945373071, 40.07422454358568], [-7.55875348118427, 40.07427570926104], [-7.558016703853914, 40.074162101510254], [-7.556663147625147, 40.073621165860786], [-7.555867919918451, 40.073684582729705], [-7.555262033328275, 40.07375947396038], [-7.554802462771961, 40.07383347054406], [-7.55440454781596, 40.07410211477747], [-7.554068455194631, 40.074490310639554], [-7.553963824946517, 40.074539499845805], [-7.553819776130432, 40.07448015413605], [-7.553469755068219, 40.074407440512495], [-7.552054787706083, 40.07408886047456], [-7.551882592460624, 40.074046033184096], [-7.551659882659315, 40.074028885794526], [-7.55122471510805, 40.073602442385976], [-7.551022030867868, 40.073421848929854], [-7.550087748912773, 40.073763528811405], [-7.54976566533133, 40.07377038295202], [-7.549104615148376, 40.07403147217915], [-7.548802738770714, 40.0740599489516], [-7.548005927955344, 40.07400487580369], [-7.548049698270115, 40.07420637921205], [-7.548055936563209, 40.07457484264219], [-7.548086239779194, 40.07488362413239], [-7.547958053484, 40.07497259272672], [-7.54719522481254, 40.075426159001296], [-7.546917816608766, 40.075498878586124], [-7.546449695413771, 40.0756648364075], [-7.545245410855256, 40.07605699468167], [-7.54502800412435, 40.07611839735444], [-7.543465411278937, 40.076103811511885], [-7.542773120572553, 40.07612110036266], [-7.541794428903704, 40.07564853908261], [-7.541509336735694, 40.075633308837524], [-7.540565425819439, 40.075777818431845], [-7.540286109052534, 40.07601666849305], [-7.539792554513321, 40.07624731327379], [-7.539187669774901, 40.076215498045364], [-7.538536569239688, 40.07601133337159], [-7.538022294401462, 40.07596781628684], [-7.5374705668268, 40.07657874298431], [-7.537364860664604, 40.07668293644447], [-7.537047210392898, 40.07683819407822], [-7.53669772220961, 40.076772006032954], [-7.536150990011686, 40.07663222046372], [-7.536041638938153, 40.076710009065536], [-7.535897719149224, 40.076906501183004], [-7.535662983656762, 40.077152594503225], [-7.535459748836525, 40.077322124192776], [-7.535160412895523, 40.07754077963398], [-7.534900841263767, 40.07791850264558], [-7.534190865098165, 40.078374147870804], [-7.534207453595651, 40.07844835114318], [-7.533231714056788, 40.07903500869096], [-7.533052560367183, 40.079023545613495], [-7.532637313848466, 40.07906255578766], [-7.531857492407321, 40.07900367975575], [-7.530982073540515, 40.07900418964704], [-7.530695122315461, 40.07902539916542], [-7.530548179869891, 40.07899032030449], [-7.530042164715439, 40.07905911542554], [-7.528505976634737, 40.079194416621775], [-7.527982689492059, 40.079160079576425], [-7.526882861201791, 40.07914903632904], [-7.526506071440442, 40.07970426345337], [-7.526331026627219, 40.07994371919747], [-7.525732873990016, 40.08012809906899], [-7.525615551394828, 40.08027031520633], [-7.525292179341209, 40.0804980085937], [-7.525152882526361, 40.080617867767245], [-7.525696303908688, 40.081093251723146], [-7.525972459726318, 40.08171015940467], [-7.526120068797963, 40.083510940714106], [-7.525269744640506, 40.0849065579018], [-7.524760604790419, 40.0863519545115], [-7.524563809181911, 40.08788976011842], [-7.524610907239905, 40.08822466862945], [-7.524038199351645, 40.08913964111776], [-7.523789944558292, 40.08941913990371], [-7.523395887822226, 40.089638887072915], [-7.523239743789136, 40.089871321526694], [-7.522363365339494, 40.09133270386382], [-7.522094400130302, 40.09165864963009], [-7.521679813620927, 40.09203526014876], [-7.521464634020454, 40.092245766132045], [-7.520876955733304, 40.093121914790025], [-7.520222534519155, 40.09361802384372], [-7.519603711870012, 40.09393527373797], [-7.518331214838335, 40.09416549452369], [-7.517567873666359, 40.094356519605796], [-7.517537944188112, 40.09437239476802], [-7.515205123836566, 40.09531850339589], [-7.513220702806034, 40.096140348186296], [-7.509628492794993, 40.09801803477422], [-7.509593934579605, 40.09813015389765], [-7.509419281867085, 40.098417675193495], [-7.509135098922503, 40.09861455298708], [-7.508752341241219, 40.09872813135226], [-7.508509457781987, 40.09882030365376], [-7.508455292801429, 40.09887035663386], [-7.508344780254005, 40.09909328742924], [-7.507974627907458, 40.09949620146342], [-7.507814213092531, 40.09971319223675], [-7.50770185693178, 40.099932418185006], [-7.507302598922143, 40.10059391557211], [-7.50714893444997, 40.10079004624101], [-7.506966178494363, 40.100987098349066], [-7.506807526850297, 40.10120265713797], [-7.506319958420782, 40.10182395267536], [-7.506119729280472, 40.10201992179232], [-7.505941400260121, 40.10224518750625], [-7.505740069472883, 40.10238234115321], [-7.505691879630456, 40.102470696832604], [-7.505623920619771, 40.10275825057641], [-7.505582573608171, 40.102842138500684], [-7.505416899159245, 40.103029829777654], [-7.505155410774912, 40.103524547190545], [-7.504869838821193, 40.103919891438096], [-7.50481215381703, 40.10403350822586], [-7.509019499897716, 40.107185364971826], [-7.50940478909503, 40.107919435050036], [-7.510933095698784, 40.111361388041345], [-7.511021515407742, 40.11149244903546], [-7.511110883779916, 40.11175220264037], [-7.511069361633911, 40.11211383623473], [-7.511152529385147, 40.112578083905056], [-7.511136321486267, 40.112877441401864], [-7.51118765023846, 40.1131146621969], [-7.511250595142361, 40.113210369391886], [-7.511381769267633, 40.11351582982978], [-7.511458986434035, 40.11397752537408], [-7.511544064776877, 40.114167374906614], [-7.511836164137135, 40.11447486369082], [-7.512244298202044, 40.114818187900404], [-7.512615530154817, 40.115182928091166], [-7.512991530443474, 40.11547474819303], [-7.51341828806724, 40.115848876360076], [-7.513662758834908, 40.11602858439826], [-7.514329860648987, 40.116338879770964], [-7.514894389784793, 40.11650002962441], [-7.515045593941696, 40.11652559843583], [-7.515351422503719, 40.11653623424227], [-7.51549961244793, 40.116519639544116], [-7.515719697203409, 40.11642561581912], [-7.515941853967454, 40.11629657235696], [-7.516157666715317, 40.1162343159541], [-7.516494215458686, 40.11627185728712], [-7.516776203803304, 40.116337835314226], [-7.517628921067574, 40.11658046966385], [-7.51827558556603, 40.11675239452788], [-7.518550085887634, 40.116881912137416], [-7.518734292303822, 40.11706048004292], [-7.518757032836537, 40.11712760657523], [-7.518720788803017, 40.11738939313001], [-7.518778010062035, 40.11762699923756], [-7.518872146228956, 40.11784247180205], [-7.519149042111558, 40.118320163477485], [-7.519247312186986, 40.11855960708809], [-7.519254778968063, 40.11866915691444], [-7.519353533156131, 40.118932742469326]]], "type": "Polygon"}, "properties": {"geo_point_2d": {"lon": -7.549576728235544, "lat": 40.09892967093806}, "year": "2024", "dis_code": "05", "dis_name": "Castelo Branco", "con_code": "0504", "con_name": "Fundão", "fre_code": "050426", "fre_name": "Souto da Casa", "fre_name_upper": "SOUTO DA CASA", "fre_name_lower": "souto da casa", "fre_area_code": "PRT", "fre_type": "parish", "fre_name_long": "Souto da Casa"}}, {"type": "Feature", "geometry": {"coordinates": [[[-7.444512023878347, 40.14963876437991], [-7.444698051525259, 40.149917066201404], [-7.444821679350413, 40.15025101322679], [-7.444988565872581, 40.150449316157776], [-7.445136104542709, 40.150540789031695], [-7.445756814127433, 40.15072827665707], [-7.446403972556162, 40.15088916682908], [-7.447097316630145, 40.151031681306236], [-7.447690671675708, 40.15118603598323], [-7.447974887830233, 40.151283443946646], [-7.449164215040512, 40.151778118590386], [-7.449472362809424, 40.15188826972593], [-7.449717707538364, 40.15201192561637], [-7.449934095499025, 40.15220285857414], [-7.450190976935653, 40.15267519445638], [-7.450264887966506, 40.15278423822099], [-7.450489218638075, 40.152967652951], [-7.450741006536318, 40.15312754726986], [-7.450864782114163, 40.15333261398962], [-7.450871256197485, 40.15350664697449], [-7.450957145333184, 40.1537443617041], [-7.451203599420004, 40.154075329329686], [-7.451445997217146, 40.15421274313322], [-7.451524140220581, 40.15428578939057], [-7.451724935001701, 40.15471194640735], [-7.451719894219975, 40.154958407729396], [-7.448685848607083, 40.16129711016274], [-7.447396163198154, 40.16358309199749], [-7.447056067186836, 40.16372715284017], [-7.446231215119135, 40.164147529522864], [-7.445946939679482, 40.16423815610305], [-7.445669642215583, 40.16434656760428], [-7.445406222429295, 40.164487654773524], [-7.444930218180173, 40.16482678334308], [-7.444649478588773, 40.165066833568154], [-7.444553222257716, 40.165113275210665], [-7.438000896774945, 40.16866590494546], [-7.437838337141284, 40.16926318387035], [-7.437729940069797, 40.16949803332415], [-7.437607515622721, 40.16970416619302], [-7.43748069432178, 40.16996178220043], [-7.437327978962402, 40.17016736441531], [-7.43715583937102, 40.1703444685306], [-7.437117177602997, 40.17042870981883], [-7.437119795083632, 40.17067917650875], [-7.437197851582006, 40.170898934720476], [-7.43731086678186, 40.17100650854532], [-7.437274465748259, 40.17121513832842], [-7.437280936574854, 40.171340442757256], [-7.437356625239982, 40.17165493052192], [-7.437489328776238, 40.171834671723644], [-7.437493992692709, 40.17208019294127], [-7.43752310033368, 40.17236882145948], [-7.437537700010062, 40.173103149817535], [-7.437485898987441, 40.173335817252074], [-7.437390815591169, 40.173577324046256], [-7.437229620823495, 40.17431509687801], [-7.437250382718648, 40.174616644463555], [-7.437393953275723, 40.174837242844795], [-7.43777495235545, 40.17550316197997], [-7.43791702803744, 40.17573230533083], [-7.438092087996709, 40.175961832936835], [-7.438304911447213, 40.17616096354823], [-7.438641914686881, 40.17637542633243], [-7.438722695466437, 40.17651342330241], [-7.438829834022393, 40.17698101174643], [-7.438973338349824, 40.177243310013], [-7.439150708353165, 40.17746554701583], [-7.439362705384688, 40.17766611612925], [-7.43955094106852, 40.17787121652205], [-7.439674634446265, 40.17813114195473], [-7.439827411001192, 40.178347922566715], [-7.440230261361635, 40.17871622945445], [-7.440489055579148, 40.17892211709412], [-7.440705071918478, 40.17912036175284], [-7.440882918954523, 40.17932071929901], [-7.441032103784703, 40.1795216238942], [-7.441088878990033, 40.17965452966431], [-7.441067336933369, 40.17991448320272], [-7.44097783536174, 40.180161611447794], [-7.440971323555997, 40.180410040012454], [-7.441062752391495, 40.1806686893787], [-7.44109164647088, 40.18093425778225], [-7.441239356061154, 40.181153531393356], [-7.441429685550749, 40.181339282281144], [-7.441602753614742, 40.18154771713775], [-7.441795117088577, 40.181659720226904], [-7.441863789119443, 40.18174235326975], [-7.441930966493211, 40.18197320928185], [-7.441975375754956, 40.18222563421412], [-7.442062839323169, 40.18248200940359], [-7.442228817957098, 40.18268418607264], [-7.442630445152532, 40.18307210887841], [-7.44311141611759, 40.183441142526405], [-7.443313302196647, 40.18364596049188], [-7.443384539640072, 40.18382370916591], [-7.443550071765882, 40.18403578403064], [-7.44374260108259, 40.184237039543284], [-7.443904164660532, 40.184435492401576], [-7.444288698632429, 40.184820876958206], [-7.444437975058457, 40.184898310754065], [-7.444535043293548, 40.184902222089235], [-7.44491497487271, 40.18481270582949], [-7.44478123235992, 40.18530245574895], [-7.444722494792275, 40.185794627363805], [-7.444715852370934, 40.186033781884426], [-7.444667596630567, 40.18653448478775], [-7.444574053178136, 40.18699628701526], [-7.444437376887835, 40.187228454008014], [-7.444212231015338, 40.18757050456508], [-7.444593000242213, 40.187702537913275], [-7.44487977307816, 40.1877815948072], [-7.445633287479788, 40.187828024576746], [-7.446223570926887, 40.187888077644295], [-7.446495143845846, 40.187937506744014], [-7.446681000010574, 40.18801011043162], [-7.44704037529671, 40.188215134144585], [-7.447820345749729, 40.18883239925139], [-7.448242274002805, 40.189392703370444], [-7.448405568411752, 40.18977244580987], [-7.448530434006075, 40.19009630945404], [-7.448545946680053, 40.190492924468266], [-7.448509278492651, 40.19067156267639], [-7.448264301499241, 40.1910950988365], [-7.448117676264944, 40.191371696174144], [-7.447982638301114, 40.19166331870546], [-7.447954207961343, 40.191804988048155], [-7.447947102226019, 40.19211537559485], [-7.447968495376549, 40.1923239817516], [-7.448060383211161, 40.19244700068968], [-7.448280565597853, 40.192576635048425], [-7.448641397476123, 40.192662063629314], [-7.448854878120824, 40.19268728106782], [-7.449775705186859, 40.19287137888973], [-7.450283972822801, 40.19296388474546], [-7.450719271278645, 40.1929664443134], [-7.451179401291575, 40.19283487579345], [-7.451444681898435, 40.19272890274137], [-7.452127348257554, 40.19227902148222], [-7.452674436221966, 40.19198702318103], [-7.453122661871301, 40.191858436185285], [-7.453446654542728, 40.19174100667684], [-7.453916147676963, 40.19143359634661], [-7.454309409349496, 40.19116320392272], [-7.454603757356199, 40.190884662875995], [-7.454863768907352, 40.190528297148084], [-7.455063750619844, 40.19036232107187], [-7.45534090518446, 40.19024172910734], [-7.455532728023253, 40.1901055118234], [-7.455903298749872, 40.1898014813153], [-7.456344842873322, 40.18957441020037], [-7.456730612773245, 40.18949002088926], [-7.45709986918198, 40.1894834367094], [-7.457621532951983, 40.1895847242113], [-7.45780536769735, 40.18968567012465], [-7.458094947051944, 40.18987539372746], [-7.458383050218671, 40.19002476293033], [-7.458980374274633, 40.19020690613205], [-7.459172575880711, 40.190221619458654], [-7.459477729168742, 40.19021429697369], [-7.459877140562466, 40.190127183865144], [-7.460220146332431, 40.19002020795479], [-7.460395160591235, 40.18993260264491], [-7.460737797985772, 40.18968413746203], [-7.460944160227615, 40.18944074105512], [-7.461184439784694, 40.1890565940726], [-7.461519301264184, 40.187496304556696], [-7.462071376162102, 40.18655785921914], [-7.462704922976405, 40.186002264852974], [-7.463369762054909, 40.18552375125143], [-7.463982142298883, 40.1849453317626], [-7.464507827998546, 40.184537972531544], [-7.465425085485741, 40.18435953074461], [-7.466831996477724, 40.18419137468614], [-7.467962160184192, 40.18402170276164], [-7.468740896789353, 40.183850275556956], [-7.470142582258867, 40.18344456509186], [-7.470655290387195, 40.183256211194006], [-7.4709338501397, 40.183081647546985], [-7.471063220978231, 40.18291406792153], [-7.471099240901961, 40.182492985611745], [-7.471465442752839, 40.1820589239601], [-7.471786126725406, 40.181922783596306], [-7.472415504808805, 40.181773267462106], [-7.472830438290758, 40.18179841490639], [-7.473490877958334, 40.18176389329651], [-7.474065143889527, 40.18181308445962], [-7.474967053744331, 40.18212466595235], [-7.476019442204493, 40.18228372558725], [-7.476847851616648, 40.18248734581915], [-7.4775590060615, 40.182698227651535], [-7.47806818248407, 40.182900125622545], [-7.478734818872611, 40.18330986507771], [-7.479104874422514, 40.18357194680038], [-7.479453016873589, 40.18390324476871], [-7.479801650051509, 40.184306507193085], [-7.480716718522889, 40.185460150711585], [-7.480884257368528, 40.18574450398114], [-7.481179230795953, 40.18607541246551], [-7.481613596693441, 40.18630749685575], [-7.482335714832487, 40.18649535345427], [-7.482760995730582, 40.18655906568672], [-7.483166372400749, 40.18646929927377], [-7.483583591832779, 40.186257476392505], [-7.48405330380734, 40.18610673282675], [-7.484468992730497, 40.18605556181978], [-7.484968866208916, 40.18610428391829], [-7.485639253695894, 40.186138645955964], [-7.486724782198989, 40.18616774797792], [-7.487097244844908, 40.18619260269382], [-7.487447683661628, 40.18628659347777], [-7.488073909787914, 40.18649666777405], [-7.488487210116931, 40.18669825855523], [-7.488901601359398, 40.18678466870476], [-7.489474767133125, 40.18695643652856], [-7.490109927521355, 40.187229318186965], [-7.490645697122301, 40.18741996572194], [-7.491012236068494, 40.187514028764255], [-7.492151705148328, 40.187478088777794], [-7.492880295089393, 40.18754343735286], [-7.493371379313426, 40.187630345680496], [-7.493880975814044, 40.18777103328404], [-7.494257835867127, 40.18789162553526], [-7.494984618443237, 40.188163809878915], [-7.495551743620352, 40.18841962590653], [-7.495907239707977, 40.18854009422993], [-7.496342767236606, 40.18864208859322], [-7.496803978423325, 40.18884751643494], [-7.497855275642056, 40.18939307310617], [-7.498247043842259, 40.18961720822987], [-7.49861790566176, 40.189791517176], [-7.499482215448327, 40.190167726289005], [-7.5000721193577, 40.19026261736227], [-7.500550705354162, 40.190318900820714], [-7.501093448154045, 40.19033338539146], [-7.50153552848363, 40.19031273867936], [-7.502307132303025, 40.19045480841408], [-7.503641990575432, 40.19060362311039], [-7.504030509386903, 40.190609688550325], [-7.504744630312257, 40.19052944545814], [-7.505203550048961, 40.19040161513679], [-7.505786026503539, 40.19015602348028], [-7.506294834245388, 40.189837083845006], [-7.506748910193122, 40.18965977832974], [-7.507684928345062, 40.18935214900428], [-7.508203967236705, 40.18905631375758], [-7.508637726724498, 40.18877550257292], [-7.509071854670609, 40.18844102607855], [-7.509381825487909, 40.188316338659405], [-7.509937054515533, 40.18813154761887], [-7.510610504862403, 40.187846438962325], [-7.511936243235922, 40.18732895050898], [-7.512982493468045, 40.187005296110854], [-7.513970848563669, 40.18661629518854], [-7.514915670471498, 40.18632666399182], [-7.515454108372188, 40.186229924571236], [-7.516631560407123, 40.186236180765924], [-7.516982388472613, 40.18629171770504], [-7.518060650687602, 40.186542297884344], [-7.518719137745516, 40.18671437342853], [-7.519457000743869, 40.18695188171923], [-7.519791438771557, 40.18704145803048], [-7.519998761795105, 40.18707316968476], [-7.520580635289857, 40.18706867683731], [-7.52084668562096, 40.18708556970765], [-7.521330353012783, 40.187164665327415], [-7.522074718872482, 40.18726791813346], [-7.522420525334907, 40.18728126666031], [-7.522734979067008, 40.18722942683204], [-7.523364330370223, 40.187102510127325], [-7.52407075771429, 40.186983739608614], [-7.524838796767717, 40.18680206583848], [-7.525068943213166, 40.186644229327754], [-7.525598432611593, 40.186191939487756], [-7.525887811257249, 40.18596182340027], [-7.526077328359844, 40.18590904891448], [-7.526695002138861, 40.18589147716225], [-7.52684465162271, 40.185819400232944], [-7.527172872364391, 40.18571015965006], [-7.52737600852884, 40.1856842052135], [-7.527833811018176, 40.18568659243641], [-7.528595183300165, 40.185950911872474], [-7.528861672004253, 40.186090175055206], [-7.52910048917481, 40.1861851710219], [-7.529334904709201, 40.18615396654439], [-7.529678417588582, 40.18613468123876], [-7.529973026963843, 40.186228248792766], [-7.530655993600325, 40.18660976403219], [-7.530491593271624, 40.18601201317796], [-7.530343977740996, 40.18580095959148], [-7.529954547455522, 40.185448252609206], [-7.529708668758933, 40.185275598580674], [-7.529181765736374, 40.18497458718798], [-7.528923849777581, 40.18480862126011], [-7.528702690794026, 40.184616099356745], [-7.528638480337237, 40.18446798120571], [-7.528638201907604, 40.18436666330414], [-7.528695398941313, 40.18412605696909], [-7.528778575788765, 40.183895493524965], [-7.528803920906999, 40.183658863522325], [-7.52880220636086, 40.18341434724778], [-7.528714581116565, 40.183165961175206], [-7.528654194939302, 40.18291717960061], [-7.528570892298145, 40.18239306377986], [-7.528511029931356, 40.181913193434696], [-7.528383161339841, 40.18170116325721], [-7.528003395544742, 40.18134849911521], [-7.527843877677435, 40.18113071838607], [-7.527794059671208, 40.180975919658614], [-7.527782800895238, 40.180736130055465], [-7.527735814782014, 40.18023435408129], [-7.527690714022918, 40.17997151085912], [-7.527692750425836, 40.17948917357494], [-7.527778734127864, 40.17898133299765], [-7.527783820947347, 40.17867237210384], [-7.527731265892741, 40.178455057579896], [-7.527733833833372, 40.17819174217665], [-7.527758790813373, 40.17810515007521], [-7.527993588550159, 40.177643114602134], [-7.528502777447202, 40.17695376539667], [-7.528687591341946, 40.17673913062758], [-7.529033672634847, 40.176225078828494], [-7.529207595344214, 40.17599381472264], [-7.529641144361046, 40.17530523555137], [-7.529868067010042, 40.1748415339076], [-7.530070194810761, 40.17432754549282], [-7.530190522899217, 40.17406222964107], [-7.530448972222011, 40.173617427573554], [-7.530634140627487, 40.17338765796698], [-7.530782185397691, 40.17317399730461], [-7.530989129988092, 40.17267101840279], [-7.531127090753162, 40.172443167447405], [-7.531487911076335, 40.17202293714337], [-7.531712092140076, 40.17184226929527], [-7.531987797297619, 40.171675378199495], [-7.532419833704554, 40.17133989583613], [-7.532614084488574, 40.17113070880396], [-7.532740822240893, 40.17092252044602], [-7.532811621397602, 40.170667393426015], [-7.532850358554927, 40.170440195677486], [-7.532946225545686, 40.17015106274079], [-7.533254137409628, 40.16944371790627], [-7.533503986236233, 40.168984903156606], [-7.53403797923275, 40.16807726754587], [-7.534151449727584, 40.167841446451206], [-7.534435791952655, 40.16736957297055], [-7.534535484992227, 40.16715169643799], [-7.534608616256969, 40.166910623918696], [-7.534927277782354, 40.16616451540014], [-7.534985601182402, 40.165643023671684], [-7.53505845013314, 40.16542050500961], [-7.535170739803932, 40.16517171366053], [-7.535325883421721, 40.164921250419134], [-7.535506054383575, 40.16470765823765], [-7.535569014793804, 40.16455578236658], [-7.535756207462931, 40.1642508219463], [-7.536266203243296, 40.16331404979694], [-7.536546960851918, 40.16283197108945], [-7.536731057680654, 40.16261173279451], [-7.536869078156605, 40.16253336764405], [-7.537163082103153, 40.16244283953863], [-7.537385133353814, 40.162285207059064], [-7.537550297340581, 40.16206856422481], [-7.537632176347183, 40.16181844222638], [-7.537660951928391, 40.1615743529828], [-7.537730218133927, 40.16132992797981], [-7.537831496650026, 40.16111683320604], [-7.537984773084757, 40.16088940980205], [-7.538154370714767, 40.160675220414966], [-7.538737517895793, 40.1600802231535], [-7.538947204640528, 40.15989865496838], [-7.539452482599657, 40.15953704491897], [-7.539729397407272, 40.15937185310752], [-7.539845052821066, 40.15921817612999], [-7.539862491547289, 40.158060746497625], [-7.539924974249735, 40.15755512040401], [-7.53993444586026, 40.15731534437732], [-7.540080417143963, 40.15695441807566], [-7.540358162904687, 40.15650275481371], [-7.540649632739457, 40.15628188613774], [-7.540904966159111, 40.15612648922324], [-7.542219922825917, 40.155400023542136], [-7.543032359147569, 40.15490973056585], [-7.543795224222102, 40.1543954994891], [-7.54429228691038, 40.15405328142339], [-7.544566096099941, 40.15387680377657], [-7.545049700446148, 40.15352946711166], [-7.545498843713244, 40.15323058616914], [-7.54568464534942, 40.153051406821035], [-7.54584203834913, 40.15285947755905], [-7.54616889408547, 40.15242173702657], [-7.546456068755652, 40.15197262720257], [-7.546942677997461, 40.1509563461347], [-7.547115032328963, 40.150715771663755], [-7.54722515221896, 40.15049172125252], [-7.547266780929592, 40.15023553705516], [-7.547287470017324, 40.149711049840086], [-7.547347927055903, 40.14946225559924], [-7.547550814206054, 40.149012718181005], [-7.54770269517908, 40.148777620155464], [-7.547886031463355, 40.14854159929049], [-7.548440131472764, 40.147862469842856], [-7.548687129866548, 40.147687649792886], [-7.548959787414635, 40.14758716537674], [-7.549164242844472, 40.147474450426294], [-7.549295651027518, 40.147312735945384], [-7.549374607458695, 40.146916605572756], [-7.549446281042205, 40.146810066945704], [-7.549785170273855, 40.14655221853285], [-7.550190703747196, 40.14619879547755], [-7.550512111846198, 40.145940138226585], [-7.550942053319478, 40.145558104687936], [-7.551621058789705, 40.14497757157203], [-7.551761340916173, 40.144834448202374], [-7.552176335094895, 40.14448331431404], [-7.552624078255317, 40.14411775443134], [-7.553325003978576, 40.14359216420938], [-7.553549181817749, 40.143406953518934], [-7.553935551770658, 40.143026130594585], [-7.554081893465495, 40.142830712190516], [-7.554137915023699, 40.14252029152523], [-7.554275668269873, 40.14228565785891], [-7.554435931990447, 40.14206725436642], [-7.554437699761325, 40.141900112813346], [-7.554296191442807, 40.141676512276305], [-7.554194719547374, 40.14146473113168], [-7.554046063165027, 40.14135141591492], [-7.553906033343363, 40.14132847463256], [-7.55327252122285, 40.14128253880382], [-7.552957851040125, 40.141290780980015], [-7.55282190046749, 40.14125696438722], [-7.552637994765257, 40.141135277152536], [-7.552576900141778, 40.14103338343478], [-7.552469812324394, 40.140557789788], [-7.552126404279118, 40.13990116995729], [-7.551878849032492, 40.13964830729221], [-7.551852764011789, 40.13956964579769], [-7.551913947889926, 40.139287709713564], [-7.551878625903781, 40.13920504196498], [-7.551691194572899, 40.13894743642809], [-7.551440388455746, 40.138469410686646], [-7.551359875601568, 40.138388585325565], [-7.551091320956686, 40.13823243340369], [-7.550865862927512, 40.138059109852875], [-7.550743508014084, 40.13786225774416], [-7.550720015298729, 40.137741463178955], [-7.55075673794873, 40.13749335866508], [-7.550561079880908, 40.13699002786745], [-7.550539827326774, 40.136674449472245], [-7.550490104426004, 40.13645076638643], [-7.550441316296197, 40.1363652331806], [-7.550242496014621, 40.136164398771356], [-7.549971193055742, 40.13598832192434], [-7.549745655959387, 40.13581157890759], [-7.549577971066075, 40.13559233991215], [-7.549547321546922, 40.13540279753042], [-7.549622775350733, 40.135154343594095], [-7.549518065216412, 40.13502215498018], [-7.548294864273258, 40.13473258810505], [-7.548031630718699, 40.13454718309919], [-7.5476386384092, 40.13433275473291], [-7.547572059389732, 40.134270460158746], [-7.547428921443242, 40.13404936443096], [-7.547363720329624, 40.133990765524196], [-7.546971295000393, 40.133752202814065], [-7.546871482568447, 40.13365155456234], [-7.546834694611023, 40.133453242808315], [-7.546878931214792, 40.133302347577846], [-7.547149631946573, 40.13286179756401], [-7.54725033621292, 40.13261077196584], [-7.547385384879425, 40.132089651654965], [-7.547425030929393, 40.13162434374389], [-7.547442073944238, 40.13107227917763], [-7.547394838844823, 40.13076557172774], [-7.547396800488411, 40.13052242555633], [-7.547329610816814, 40.13029829052822], [-7.547201194445178, 40.13008636212439], [-7.546877932854579, 40.12973341442099], [-7.546622389130765, 40.129543001714424], [-7.546449005459287, 40.12948530068652], [-7.545831053336375, 40.12937690025452], [-7.545535904788827, 40.12924905373467], [-7.54529343306972, 40.12909445880268], [-7.544820561771545, 40.12874597197847], [-7.544354687735639, 40.12855250611699], [-7.537710984683013, 40.1262525970477], [-7.537642641087345, 40.12624575959844], [-7.537184904506759, 40.126092565887575], [-7.536188180788807, 40.125727485980256], [-7.536028493668489, 40.12581060066001], [-7.533562055383766, 40.12493243351897], [-7.522464388944005, 40.12069455993442], [-7.521731675416719, 40.120273287739806], [-7.521658704320846, 40.12027407057214], [-7.52105358853821, 40.12018668144147], [-7.520747540928197, 40.12013328497123], [-7.520269876655033, 40.119856449629296], [-7.520081838486633, 40.11968488406197], [-7.519991150882172, 40.11963343136968], [-7.519595402162571, 40.11927489103626], [-7.519431451130076, 40.1190733722114], [-7.519353533156131, 40.118932742469326], [-7.519224843909869, 40.11898555740647], [-7.518556055388754, 40.11919734845819], [-7.518401984730928, 40.11929389024231], [-7.518060404390593, 40.119605213596614], [-7.517758595109568, 40.119745998544865], [-7.517427039314027, 40.11984222716945], [-7.517112119415605, 40.11988891889146], [-7.516940327861466, 40.11989502784747], [-7.516250241155155, 40.12007319737316], [-7.515536164855575, 40.12033561763504], [-7.515324575029218, 40.12035790363804], [-7.515027311280319, 40.120435668732014], [-7.51464809806403, 40.120560270247275], [-7.514016610716795, 40.12073089697377], [-7.513562976000479, 40.120924627274675], [-7.513404159719228, 40.120974395344916], [-7.513195705377018, 40.12097355081462], [-7.513042834303045, 40.121001464024715], [-7.512907298089323, 40.121071079015586], [-7.512684368503042, 40.12123091080655], [-7.512385334616061, 40.121503991686765], [-7.51229279741382, 40.121332923571714], [-7.512205091823487, 40.12105723790312], [-7.512092747246475, 40.1205225016399], [-7.511916351838847, 40.1205184026615], [-7.511661683576717, 40.12056909602725], [-7.511138600729609, 40.1207112905244], [-7.510669542406124, 40.12078163740626], [-7.510060095052007, 40.1208484362731], [-7.509765827506932, 40.120854783415325], [-7.509460481362386, 40.12081513996562], [-7.508867340578808, 40.120714596726806], [-7.508553720830498, 40.12063069083222], [-7.507959294892347, 40.12045214925909], [-7.507632242669569, 40.1203878868222], [-7.507075992351409, 40.1202309782735], [-7.506729055279464, 40.12016012333704], [-7.506399778813335, 40.120069188771645], [-7.505766465819923, 40.119873587142884], [-7.505323672658123, 40.11980445930228], [-7.505006141902453, 40.11977680599915], [-7.50401084486506, 40.11975764098921], [-7.503311945436362, 40.11975502674558], [-7.502269672201776, 40.11986923733353], [-7.50104712953115, 40.12004297910471], [-7.500704117561154, 40.120068130635175], [-7.499723038872514, 40.12005909123162], [-7.499396874219863, 40.1200641568707], [-7.498764681864574, 40.12016733675277], [-7.49811514035801, 40.120281943826676], [-7.497849353708798, 40.120379015463236], [-7.497544389824625, 40.12053917948092], [-7.496909824700608, 40.1206823242567], [-7.496425990217086, 40.12087726056292], [-7.496046671127182, 40.12099675898012], [-7.495904379341193, 40.12108459437387], [-7.495613122726839, 40.12118269328084], [-7.495145147211775, 40.12131124785303], [-7.494846289804647, 40.12131807124475], [-7.49422896971195, 40.12124650257866], [-7.494003439258269, 40.121240757964024], [-7.493551737318144, 40.121271778093586], [-7.493252242362197, 40.12130957239174], [-7.492641268305033, 40.121412020967654], [-7.49229300508035, 40.121521503017306], [-7.492017304249964, 40.12162382074872], [-7.491822955277468, 40.121770534468375], [-7.491686148963486, 40.121910178119485], [-7.491458547616477, 40.12207471886754], [-7.491189519020799, 40.12221588525457], [-7.490865057580028, 40.12242626924916], [-7.490675408155718, 40.122621457972215], [-7.490449946327791, 40.122720356389465], [-7.490228000790656, 40.12276920012255], [-7.490155934759387, 40.122809956163024], [-7.489810667075509, 40.12313676172873], [-7.488330182833964, 40.122998237398086], [-7.488128762992334, 40.122935427140156], [-7.488000616809868, 40.12295164450213], [-7.487715698166361, 40.12303535112131], [-7.486303438293517, 40.123337651952674], [-7.485921035284727, 40.12335830864781], [-7.485677530821758, 40.12339126192211], [-7.48551624528757, 40.12346349353071], [-7.485245268740272, 40.1235357381472], [-7.484955588277737, 40.12357609290048], [-7.483877553685311, 40.12369137756426], [-7.483438065270183, 40.123706931087106], [-7.482965359417025, 40.12369915218908], [-7.482748391963467, 40.12371739302488], [-7.477027724428567, 40.12298924692061], [-7.476829522080009, 40.122983084209345], [-7.47063943728589, 40.12169189251598], [-7.47055025578522, 40.12165842162839], [-7.467630919319309, 40.118490317275686], [-7.465686906890098, 40.11689251329092], [-7.461125474328518, 40.1118970515191], [-7.461119405209171, 40.11195321323345], [-7.460778453281258, 40.1119394439458], [-7.460493577098054, 40.11186466362486], [-7.459833737472655, 40.11182310753722], [-7.459524882054847, 40.11182464837944], [-7.458815590161852, 40.11189825293315], [-7.458475718674916, 40.11195256608979], [-7.458160475986622, 40.112019719220065], [-7.457508204844023, 40.112102564796594], [-7.457190990858833, 40.11215529071441], [-7.456827908051317, 40.1122441372395], [-7.456201791777262, 40.11252840947792], [-7.456056679948195, 40.11257790253394], [-7.455984533989069, 40.11266159870756], [-7.456058645664943, 40.11313799187128], [-7.456137003086327, 40.113303883152916], [-7.45641920602519, 40.11369701491267], [-7.456586248387947, 40.11431317480843], [-7.456711526378796, 40.11458579053003], [-7.456883065135413, 40.115032580381005], [-7.456924985214552, 40.115217986679774], [-7.457029685660414, 40.11543671568934], [-7.457515357813437, 40.11618027335547], [-7.457969859076496, 40.11677946260162], [-7.458184562438741, 40.11726342443459], [-7.458294608931674, 40.11747570094319], [-7.458436718833041, 40.11769653872387], [-7.458729246995053, 40.118247057088446], [-7.458971549841695, 40.118609237193375], [-7.459252957098352, 40.11930152795276], [-7.459358400969826, 40.11952926676983], [-7.459457251366453, 40.11979578258342], [-7.459606514495698, 40.1199219201498], [-7.459816603529152, 40.12000671201614], [-7.460013727541388, 40.12020481249323], [-7.460134053364626, 40.120446145026605], [-7.460190507747025, 40.12068206391882], [-7.460276701708676, 40.12092346903964], [-7.460401369617196, 40.1210699952332], [-7.460659025648361, 40.1211851442738], [-7.461222995526692, 40.12132268294638], [-7.461345982179385, 40.121401925168215], [-7.461509925570748, 40.12181371899826], [-7.46167595545546, 40.122025778256365], [-7.462023292225188, 40.1222672521123], [-7.462180859627378, 40.12248096821748], [-7.462281147678509, 40.12270993794337], [-7.462351812409747, 40.12295692432382], [-7.462361874929996, 40.12321112913422], [-7.462348894247544, 40.123685478491055], [-7.462405648722953, 40.12393940883481], [-7.462629728648529, 40.12441774435165], [-7.462676478781508, 40.12456742106602], [-7.462883422584751, 40.12505889281473], [-7.462914551864094, 40.12521046211375], [-7.462926412133129, 40.12567630947379], [-7.463056346282009, 40.125957414003594], [-7.462194230828933, 40.1262991596381], [-7.462190548133065, 40.126447372649956], [-7.462112536117977, 40.126578407652055], [-7.461973471061603, 40.12670197594134], [-7.461844686373258, 40.12687801345586], [-7.4538066494379, 40.13329448508794], [-7.452376338195294, 40.13393623868643], [-7.449371781481816, 40.1387535345313], [-7.449364498348774, 40.13910633711483], [-7.449409323708428, 40.13957580681115], [-7.449426088038158, 40.13994145320823], [-7.449485273554164, 40.140065899026915], [-7.446722769686703, 40.14282843514545], [-7.446667183957293, 40.142847828494006], [-7.446497990762826, 40.14304468606431], [-7.446439648454711, 40.143327121576114], [-7.446427002702071, 40.143581458662965], [-7.446355531145587, 40.143745664711965], [-7.446215548947605, 40.143954762927486], [-7.446117844285199, 40.1441838328346], [-7.446088563656515, 40.14441186228894], [-7.445909064403174, 40.144722672007674], [-7.445823543368875, 40.144964782377066], [-7.445788947963448, 40.145710346134074], [-7.445717931717344, 40.14588697980929], [-7.445394888837805, 40.14630383599282], [-7.445364087133445, 40.146379572454194], [-7.445360149769486, 40.14660812049003], [-7.445424574329685, 40.14677168658615], [-7.44556303211313, 40.146983599817794], [-7.445740928871165, 40.1471833207158], [-7.445959108517887, 40.14749675600953], [-7.446077607517838, 40.14772179057743], [-7.446132849072583, 40.14776038781862], [-7.445907520265081, 40.14790116951819], [-7.445729620441941, 40.148110041937024], [-7.445624117081546, 40.14834302572695], [-7.445568025812659, 40.14858783030925], [-7.44550211000392, 40.148992431358344], [-7.445430985731583, 40.149086839743916], [-7.445193417217561, 40.149218001110064], [-7.444958142645128, 40.149425630823586], [-7.444512023878347, 40.14963876437991]]], "type": "Polygon"}, "properties": {"geo_point_2d": {"lon": -7.493537667480421, "lat": 40.1540891583127}, "year": "2024", "dis_code": "05", "dis_name": "Castelo Branco", "con_code": "0504", "con_name": "Fundão", "fre_code": "050434", "fre_name": "Fundão, Valverde, donas, Aldeia de Joanes e Aldeia Nova do Cabo", "fre_name_upper": "FUNDÃO, VALVERDE, DONAS, ALDEIA DE JOANES E ALDEIA NOVA DO CABO", "fre_name_lower": "fundão, valverde, donas, aldeia de joanes e aldeia nova do cabo", "fre_area_code": "PRT", "fre_type": "parish", "fre_name_long": "União das freguesias de Fundão, Valverde, Donas, Aldeia de Joanes e Aldeia Nova do Cabo"}}]}